game_id,season,game_date,road_team,home_team,road_offensive_rating,home_offensive_rating,road_shooting,road_ball_handling,road_orebounding,road_free_throws,home_shooting,home_ball_handling,home_orebounding,home_free_throws,road_efg_pct,road_ball_handling_value,road_oreb_pct,road_ft_rate,home_efg_pct,home_ball_handling_value,home_oreb_pct,home_ft_rate,road_q1,road_q2,road_q3,road_q4,road_ot,road_total,home_q1,home_q2,home_q3,home_q4,home_ot,home_total
0022500001,2025-26,2025-10-21,HOU,OKC,107.8,112.6,5.5,9.2,-7.6,-2.0,-4.8,3.7,0.1,-0.2,50.0,78.3,37.2,27.8,50.5,89.2,23.4,19.2,30,27,22,25,20,124,27,24,24,29,21,125
0022500002,2025-26,2025-10-21,GSW,LAL,119.0,106.9,-8.7,6.0,0.7,-3.4,8.9,-6.7,-2.7,0.5,59.6,81.0,22.0,33.3,59.7,80.4,18.4,22.1,28,27,35,29,0,119,22,32,25,30,0,109
0022500083,2025-26,2025-10-22,PHI,BOS,117.0,116.0,-2.3,0.1,-0.3,-1.8,-3.9,3.5,0.9,1.4,55.3,86.0,23.8,27.1,51.1,89.0,25.0,25.3,26,31,18,42,0,117,28,23,35,30,0,116
0022500088,2025-26,2025-10-22,SAC,PHX,116.0,117.6,-1.5,-1.1,1.0,1.6,-1.7,-2.1,8.6,0.3,54.8,87.0,21.4,13.8,52.6,84.3,39.1,21.1,29,42,21,24,0,116,19,35,36,30,0,120
0022500087,2025-26,2025-10-22,LAC,UTA,113.7,135.8,2.2,2.2,-4.3,0.5,16.6,0.3,7.0,-0.4,52.3,84.2,31.2,18.2,64.9,86.3,36.1,18.4,19,28,33,28,0,108,43,35,30,21,0,129
0022500086,2025-26,2025-10-22,WAS,MIL,112.1,124.3,-2.8,-2.1,-0.7,2.2,9.6,7.6,-6.1,-1.2,55.6,87.9,24.5,11.2,60.2,92.5,12.2,15.3,23,30,37,30,0,120,40,32,29,32,0,133
0022500085,2025-26,2025-10-22,NOP,MEM,113.0,117.4,4.0,-0.0,-5.8,-0.6,6.5,-2.0,-3.6,6.1,51.0,86.1,34.0,22.4,58.1,84.4,16.7,43.8,30,37,22,33,0,122,27,29,41,31,0,128
0022500084,2025-26,2025-10-22,DET,CHI,105.7,108.5,8.6,-5.2,-1.2,0.4,-3.9,-3.6,1.8,2.6,47.9,90.5,25.5,18.6,51.1,83.0,26.7,29.9,19,30,30,32,0,111,35,29,30,21,0,115
0022500082,2025-26,2025-10-22,TOR,ATL,122.1,104.4,-9.3,3.4,-4.5,-1.4,-8.9,-0.3,-4.0,4.0,60.0,83.2,31.6,25.3,47.8,85.8,16.0,35.6,36,29,45,28,0,138,34,25,28,31,0,118
0022500081,2025-26,2025-10-22,MIA,ORL,109.0,112.6,-1.8,3.8,1.1,-0.8,-0.6,0.5,-2.0,3.2,54.9,82.9,21.3,23.1,53.3,86.5,19.6,32.2,39,26,26,30,0,121,38,31,21,35,0,125
0022500089,2025-26,2025-10-22,MIN,POR,112.4,110.7,-5.7,4.9,-0.3,-0.6,-9.7,-1.9,-3.6,3.2,57.6,81.9,23.8,22.1,47.2,84.5,16.7,32.2,33,24,31,30,0,118,35,26,34,19,0,114
0022500080,2025-26,2025-10-22,BKN,CHA,110.4,128.3,2.2,2.5,-0.9,-2.2,13.4,-2.5,6.4,1.4,52.3,84.0,25.0,28.4,62.8,84.0,35.0,25.6,32,28,37,20,0,117,38,39,34,25,0,136
0022500004,2025-26,2025-10-22,SAS,DAL,125.0,91.1,-12.4,1.3,-2.7,0.1,-16.3,-2.3,-2.5,1.4,62.1,85.0,28.2,19.5,42.8,84.2,18.8,25.3,28,32,33,32,0,125,29,22,21,20,0,92
0022500003,2025-26,2025-10-22,CLE,NYK,105.7,113.3,-5.7,0.4,7.7,1.5,-3.8,0.7,0.6,4.1,57.6,85.7,9.3,14.0,51.2,86.7,24.3,36.0,23,27,37,24,0,111,33,32,22,32,0,119
0022500006,2025-26,2025-10-23,DEN,GSW,123.6,128.0,-12.4,-2.0,3.2,1.6,8.7,6.5,-0.9,-0.2,62.1,87.7,17.5,13.7,59.6,91.6,21.7,19.2,31,39,24,26,11,131,27,34,33,26,17,137
0022500005,2025-26,2025-10-23,OKC,IND,114.6,108.0,4.8,-3.0,3.5,-7.0,-5.6,3.2,-3.0,2.2,50.5,88.6,17.0,47.4,50.0,88.8,17.7,28.6,22,32,27,32,28,141,25,22,31,35,22,135
0022500093,2025-26,2025-10-24,DET,HOU,115.0,111.0,-2.7,4.8,-6.3,0.8,-13.6,-0.1,5.8,6.3,55.6,82.0,34.9,16.7,44.6,86.0,34.0,44.6,32,31,24,28,0,115,33,23,30,25,0,111
0022500094,2025-26,2025-10-24,MIA,MEM,129.2,100.9,-14.1,4.4,-7.5,0.8,-10.2,-4.4,-0.1,1.6,63.2,82.3,37.0,16.7,46.8,82.3,23.1,26.3,44,42,28,32,0,146,25,22,29,38,0,114
0022500091,2025-26,2025-10-24,CLE,BKN,124.8,119.2,-16.1,2.7,-0.6,-2.7,10.7,-6.2,2.0,-3.2,64.6,83.8,24.3,30.5,60.9,80.8,27.0,7.3,34,29,45,23,0,131,23,28,35,38,0,124
0022500092,2025-26,2025-10-24,MIL,TOR,117.3,110.5,-9.3,5.1,-4.3,1.1,3.2,-1.5,-1.1,1.2,60.0,81.7,31.1,15.6,55.9,84.8,21.3,24.7,27,25,34,36,0,122,19,35,32,30,0,116
0022500090,2025-26,2025-10-24,ATL,ORL,109.9,103.9,1.2,2.3,1.0,-1.2,-0.8,-8.7,2.5,2.8,52.9,84.2,21.4,24.7,53.2,78.6,27.9,30.8,25,26,27,33,0,111,24,37,25,21,0,107
0022500019,2025-26,2025-10-24,MIN,LAL,117.0,137.6,-0.3,-1.4,-5.1,0.7,19.8,1.2,-0.8,3.6,54.0,87.2,32.6,17.0,67.1,87.1,21.9,34.2,40,23,31,16,0,110,36,32,40,20,0,128
0022500098,2025-26,2025-10-24,UTA,SAC,105.1,108.2,3.0,7.4,-2.7,0.6,4.3,0.6,-6.5,-1.7,51.7,79.8,28.2,17.4,56.6,86.6,11.4,13.3,24,22,30,28,0,104,31,18,29,27,0,105
0022500096,2025-26,2025-10-24,WAS,DAL,107.3,99.1,-0.2,2.0,1.6,-0.6,-7.2,-6.5,-2.3,1.0,53.9,84.4,20.4,22.2,48.9,80.6,19.1,23.9,28,30,33,26,0,117,35,17,26,29,0,107
0022500018,2025-26,2025-10-24,BOS,NYK,101.1,112.9,2.8,3.6,1.8,2.0,-8.1,-8.9,10.2,1.4,51.8,83.0,20.0,12.2,48.3,78.5,42.0,25.6,30,14,21,30,0,95,22,42,18,23,0,105
0022500097,2025-26,2025-10-24,GSW,POR,107.2,126.4,-0.0,10.1,-3.7,-5.4,12.8,-3.9,1.3,1.2,53.8,77.5,30.0,41.2,62.4,82.7,25.6,24.7,28,28,35,28,0,119,28,41,34,36,0,139
0022500099,2025-26,2025-10-24,PHX,LAC,105.2,133.0,5.6,5.4,-3.7,1.7,23.7,-6.7,4.3,2.6,50.0,81.4,30.0,13.3,69.7,80.4,31.2,30.3,33,23,21,25,0,102,34,38,34,23,0,129
0022500095,2025-26,2025-10-24,SAS,NOP,112.1,110.5,1.8,4.5,-9.6,0.7,-7.8,-0.4,3.2,0.7,52.6,82.2,40.8,17.3,48.5,85.7,29.1,22.7,30,27,25,25,13,120,27,31,22,27,9,116
0022500104,2025-26,2025-10-25,PHX,DEN,105.7,125.5,1.3,6.0,-2.2,-0.1,4.1,-1.4,3.5,6.5,52.8,81.0,27.3,20.5,56.5,84.9,29.7,45.2,28,26,29,28,0,111,34,37,29,33,0,133
0022500102,2025-26,2025-10-25,CHA,PHI,117.5,120.2,-5.3,3.0,-4.2,-0.4,5.5,-0.6,1.2,2.2,57.3,83.5,31.0,21.3,57.5,85.6,25.6,28.7,29,29,38,25,0,121,36,25,25,39,0,125
0022500103,2025-26,2025-10-25,IND,MEM,101.0,126.7,8.1,-1.4,0.7,0.2,-1.0,9.4,-0.0,1.5,48.3,87.3,22.0,19.1,53.1,94.1,23.3,25.8,21,31,32,19,0,103,23,37,43,25,0,128
0022500100,2025-26,2025-10-25,CHI,ORL,102.8,90.7,1.1,5.6,2.3,-1.7,-19.2,-5.4,3.0,2.8,53.0,81.3,19.1,26.5,40.8,81.5,28.8,31.0,29,23,31,27,0,110,30,19,31,18,0,98
0022500101,2025-26,2025-10-25,OKC,ATL,123.2,104.2,-0.0,-0.3,-5.1,0.4,-4.7,-4.4,3.6,-0.9,53.8,86.3,32.6,18.3,50.6,82.3,30.0,16.5,31,29,39,18,0,117,26,29,25,20,0,100
0022500105,2025-26,2025-10-26,BKN,SAS,112.6,124.2,8.1,-1.5,-0.6,-1.7,5.8,-2.2,5.0,4.1,48.3,87.4,24.4,26.4,57.7,84.2,32.4,35.9,24,24,33,26,0,107,31,38,19,30,0,118
0022500109,2025-26,2025-10-26,CHA,WAS,127.5,104.6,-8.1,-3.5,-0.9,-3.3,-4.7,0.1,-4.8,0.8,59.2,89.0,25.0,32.6,50.5,86.1,14.6,23.1,31,20,44,44,0,139,30,32,26,25,0,113
0022500111,2025-26,2025-10-26,TOR,DAL,116.2,127.5,-2.6,0.6,-2.3,0.5,16.2,-5.2,3.3,3.6,55.5,85.6,27.5,18.0,64.7,81.7,29.3,34.1,32,34,25,38,0,129,32,32,39,36,0,139
0022500113,2025-26,2025-10-26,LAL,SAC,118.7,111.1,-0.0,2.3,-2.0,-8.0,-0.4,-1.0,1.5,-2.1,53.8,84.1,27.0,51.2,53.5,85.2,26.0,11.9,36,26,33,32,0,127,27,35,28,30,0,120
0022500110,2025-26,2025-10-26,IND,MIN,108.9,111.8,4.7,3.4,-4.4,0.0,-2.0,0.2,2.7,2.8,50.5,83.2,31.4,19.8,52.4,86.3,28.3,31.0,28,32,17,33,0,110,28,30,28,28,0,114
0022500112,2025-26,2025-10-26,POR,LAC,104.9,110.7,16.0,2.1,-4.5,-2.7,13.0,-11.1,-0.4,-0.6,42.9,84.3,31.6,30.4,62.5,76.7,22.6,17.5,23,37,22,25,0,107,34,21,32,27,0,114
0022500107,2025-26,2025-10-26,MIL,CLE,109.7,114.6,-7.6,4.2,1.3,-1.4,-3.0,-3.0,1.6,3.1,58.9,82.5,20.9,25.3,51.7,83.5,26.3,32.2,31,25,28,29,0,113,29,36,21,32,0,118
0022500108,2025-26,2025-10-26,NYK,MIA,102.9,109.5,10.9,1.7,-2.6,0.9,-0.2,-1.5,-1.8,2.9,46.4,84.6,28.1,16.3,53.6,84.8,20.0,31.3,27,27,27,26,0,107,24,33,31,27,0,115
0022500106,2025-26,2025-10-26,BOS,DET,114.1,120.2,4.8,-2.1,-0.9,0.2,-10.3,-2.6,10.4,3.7,50.5,87.9,25.0,19.1,46.8,83.8,42.2,34.4,33,25,23,32,0,113,24,36,34,25,0,119
0022500121,2025-26,2025-10-27,MEM,GSW,111.3,126.0,2.2,-2.0,2.9,-2.4,15.9,-1.7,-2.9,2.3,52.3,87.7,17.9,29.5,64.5,84.6,17.9,28.9,37,24,24,33,0,118,36,29,36,30,0,131
0022500120,2025-26,2025-10-27,PHX,UTA,117.5,121.1,2.8,-2.0,-5.5,-0.7,-8.3,-3.2,13.7,2.9,51.9,87.7,33.3,22.6,48.1,83.3,48.3,31.5,27,34,25,38,10,134,39,25,30,30,14,138
0022500007,2025-26,2025-10-27,CLE,DET,111.5,89.6,2.1,6.3,-2.2,-3.0,-14.1,-12.5,4.1,0.2,52.4,80.8,27.3,31.8,44.3,75.5,30.8,20.7,33,30,27,26,0,116,24,17,25,29,0,95
0022500122,2025-26,2025-10-27,POR,LAL,115.1,100.0,2.0,4.7,-8.5,1.6,-4.7,-10.9,2.9,1.1,52.4,82.1,38.8,13.6,50.6,76.9,28.6,24.4,28,29,32,33,0,122,24,27,26,31,0,108
0022500115,2025-26,2025-10-27,ATL,CHI,117.1,123.1,-2.8,-9.7,3.5,1.5,10.6,-4.0,3.7,-0.7,55.6,94.3,17.0,14.3,60.9,82.7,30.0,17.4,35,23,34,31,0,123,27,30,41,30,0,128
0022500116,2025-26,2025-10-27,BKN,HOU,117.2,148.9,-3.9,1.3,-5.5,1.5,19.7,3.6,3.1,1.8,56.4,84.9,33.3,14.0,67.1,89.1,29.0,27.1,25,35,17,32,0,109,42,29,32,34,0,137
0022500119,2025-26,2025-10-27,OKC,DAL,104.1,95.9,5.6,-0.6,0.1,2.0,-13.2,5.6,-6.5,-0.4,50.0,86.6,23.1,12.2,44.8,90.8,11.5,18.4,28,20,39,14,0,101,24,18,27,25,0,94
0022500114,2025-26,2025-10-27,ORL,PHI,126.5,137.4,-8.9,-0.8,-6.0,-3.0,4.4,8.1,4.7,1.7,59.8,86.7,34.2,31.7,56.7,92.9,31.8,26.8,28,32,34,30,0,124,33,39,29,35,0,136
0022500008,2025-26,2025-10-27,DEN,MIN,123.3,112.9,-8.8,-0.4,-2.4,-1.3,-1.2,-1.1,-3.9,2.1,59.7,86.4,27.8,25.0,52.9,85.1,16.3,28.2,34,23,45,25,0,127,30,35,29,20,0,114
0022500117,2025-26,2025-10-27,BOS,NOP,128.4,95.7,-6.1,-1.5,-9.1,1.9,-22.3,-1.1,-0.5,2.5,57.9,87.4,40.0,12.6,38.7,85.1,22.4,29.8,34,31,22,35,0,122,26,28,24,12,0,90
0022500118,2025-26,2025-10-27,TOR,SAS,105.1,121.0,-1.0,1.6,11.3,-0.4,21.0,-8.3,2.0,6.3,54.4,84.7,2.6,21.5,67.9,79.0,26.9,44.8,29,21,28,25,0,103,41,28,26,26,0,121
0022500127,2025-26,2025-10-28,LAC,GSW,88.8,108.9,20.0,4.8,-3.0,1.0,2.2,-0.6,-0.3,-4.2,40.2,82.0,28.9,15.9,55.2,85.6,22.7,3.5,25,24,14,16,0,79,33,13,32,20,0,98
0022500125,2025-26,2025-10-28,NYK,MIL,114.4,124.7,6.4,-0.6,-5.4,-0.4,14.1,0.6,-5.9,1.7,49.5,86.6,33.3,21.7,63.3,86.6,12.5,26.6,26,45,20,20,0,111,27,32,35,27,0,121
0022500124,2025-26,2025-10-28,CHA,MIA,109.3,133.3,-1.0,3.4,-0.2,-0.3,16.1,4.4,-1.8,0.2,54.4,83.2,23.7,21.1,64.6,89.8,20.0,20.8,34,26,28,29,0,117,37,39,29,39,0,144
0022500123,2025-26,2025-10-28,PHI,WAS,125.2,119.6,0.4,-1.6,-5.1,-3.0,2.8,-0.4,1.5,-1.5,53.5,87.4,32.7,32.0,55.6,85.7,26.0,14.0,32,36,26,32,13,139,40,32,38,16,8,134
0022500126,2025-26,2025-10-28,SAC,OKC,100.0,104.9,8.2,3.4,1.3,-0.6,-0.7,-0.9,-1.1,-2.6,48.2,83.2,20.9,22.4,53.3,85.3,21.3,9.8,29,33,21,18,0,101,24,34,22,27,0,107
0022500137,2025-26,2025-10-29,MEM,PHX,107.5,106.6,-2.4,2.5,0.8,2.1,4.8,-6.9,-1.8,-0.6,55.4,84.0,22.0,11.8,57.0,80.2,20.0,17.4,27,22,32,33,0,114,26,27,25,35,0,113
0022500131,2025-26,2025-10-29,HOU,TOR,137.6,119.8,-16.6,3.4,-13.8,-2.5,13.6,4.7,-7.3,-0.9,64.9,83.2,48.6,29.9,62.9,90.1,10.0,16.5,39,31,36,33,0,139,30,33,28,30,0,121
0022500134,2025-26,2025-10-29,NOP,DEN,89.8,123.2,17.8,0.4,0.1,-0.0,10.9,-0.2,7.0,-1.7,41.8,85.7,23.2,20.0,61.1,85.9,36.1,13.3,25,22,11,30,0,88,34,19,39,30,0,122
0022500133,2025-26,2025-10-29,IND,DAL,99.1,101.9,18.8,-0.9,-4.8,0.8,-7.4,-4.9,-3.2,4.6,41.0,86.8,32.2,17.0,48.7,81.9,17.5,38.0,30,25,19,31,0,105,25,27,29,26,0,107
0022500130,2025-26,2025-10-29,ATL,BKN,120.6,115.5,-0.8,-6.7,-3.0,0.7,-3.0,-3.0,5.1,1.0,54.3,91.8,28.9,17.2,51.7,83.5,32.6,23.9,34,30,30,23,0,117,27,24,32,29,0,112
0022500136,2025-26,2025-10-29,LAL,MIN,118.4,116.2,-10.5,6.4,-3.9,0.5,8.0,-5.0,0.2,0.5,60.8,80.6,30.6,18.1,59.1,81.8,23.7,22.0,32,30,35,19,0,116,34,24,28,29,0,115
0022500135,2025-26,2025-10-29,POR,UTA,123.6,120.7,-7.6,2.9,-4.6,-1.0,2.4,-6.9,8.6,7.3,58.9,83.6,31.8,24.0,55.4,80.2,39.0,48.8,33,46,38,19,0,136,43,30,25,36,0,134
0022500128,2025-26,2025-10-29,CLE,BOS,109.4,131.6,5.6,0.8,-0.3,-0.2,2.2,4.0,7.3,0.3,50.0,85.4,23.9,20.7,55.3,89.5,36.7,21.1,42,18,25,20,0,105,40,35,23,27,0,125
0022500129,2025-26,2025-10-29,ORL,DET,114.9,136.4,1.1,3.4,-4.7,-3.5,4.0,-0.2,5.5,3.1,53.0,83.2,31.9,33.7,56.5,85.9,33.3,32.3,36,28,28,24,0,116,29,36,36,34,0,135
0022500132,2025-26,2025-10-29,SAC,CHI,111.9,126.0,-4.4,-4.7,5.7,-1.1,11.5,-2.4,4.5,-1.2,56.7,90.1,12.8,24.4,61.5,84.0,31.6,15.4,33,31,27,22,0,113,36,26,39,25,0,126
0022500138,2025-26,2025-10-30,ORL,CHA,128.1,111.5,-10.6,-0.5,-5.0,0.1,5.2,-9.4,5.5,-1.4,60.9,86.5,32.6,19.5,57.2,78.1,33.3,14.5,38,33,21,31,0,123,31,27,27,22,0,107
0022500140,2025-26,2025-10-30,WAS,OKC,106.9,124.5,-2.4,10.4,-1.8,0.5,-1.0,9.5,2.2,0.9,55.4,77.2,26.7,17.9,53.1,94.1,27.5,23.5,20,29,35,24,0,108,28,31,33,35,0,127
0022500139,2025-26,2025-10-30,GSW,MIL,105.8,115.4,5.6,8.5,-0.9,-2.4,6.0,-1.7,-3.6,-2.7,50.0,78.8,25.0,29.4,57.8,84.6,16.7,9.4,25,33,26,26,0,110,34,26,27,33,0,120
0022500141,2025-26,2025-10-30,MIA,SAS,102.0,105.9,3.1,0.2,6.5,2.8,-2.1,3.6,-1.8,-0.1,51.7,85.9,11.4,8.9,52.3,89.1,20.0,19.8,31,27,14,29,0,101,33,26,28,20,0,107
0022500021,2025-26,2025-10-31,BOS,PHI,112.4,111.3,4.8,-4.3,-5.9,3.3,3.0,-5.4,0.2,1.8,50.5,89.7,34.0,6.9,55.8,81.4,23.7,26.9,38,30,21,20,0,109,25,32,25,26,0,108
0022500027,2025-26,2025-10-31,NOP,LAC,125.3,127.3,-7.8,1.4,-4.1,-2.9,9.4,2.1,0.6,0.3,59.0,84.8,30.8,31.3,60.1,87.9,24.4,21.3,28,31,25,40,0,124,26,41,27,32,0,126
0022500023,2025-26,2025-10-31,NYK,CHI,127.6,136.4,-8.3,-2.0,-1.2,0.3,14.7,5.7,-2.8,3.4,59.3,87.8,25.5,18.7,63.7,90.9,18.2,33.3,27,26,38,34,0,125,35,37,28,35,0,135
0022500025,2025-26,2025-10-31,UTA,PHX,95.0,115.7,13.0,8.1,-0.9,-2.5,4.2,2.6,-2.8,-0.9,45.0,79.2,25.0,30.0,56.6,88.2,18.2,16.5,17,23,27,29,0,96,37,17,29,35,0,118
0022500026,2025-26,2025-10-31,DEN,POR,109.2,110.1,2.7,6.4,-2.0,-3.0,-8.8,0.9,4.1,1.1,51.9,80.6,27.0,31.6,47.8,86.9,30.8,24.2,26,31,24,26,0,107,18,35,18,38,0,109
0022500022,2025-26,2025-10-31,TOR,CLE,114.3,103.1,-4.4,5.2,-2.0,-0.8,-8.8,-0.4,2.7,-0.8,56.7,81.6,27.0,23.2,47.8,85.7,28.3,16.7,30,18,33,31,0,112,22,21,34,24,0,101
0022500020,2025-26,2025-10-31,ATL,IND,126.7,106.9,-8.6,-4.8,-2.5,0.7,-17.5,2.4,3.4,1.3,59.6,90.1,27.9,17.0,41.9,88.1,29.5,25.3,32,31,34,31,0,128,29,30,17,32,0,108
0022500024,2025-26,2025-10-31,LAL,MEM,119.4,115.5,-9.1,1.6,4.7,-3.6,-3.2,3.1,2.0,-0.7,59.9,84.7,14.7,34.2,51.6,88.7,27.1,17.2,31,24,34,28,0,117,27,42,22,21,0,112
0022500142,2025-26,2025-11-01,SAC,MIL,136.4,134.3,-5.5,-4.5,-2.7,-5.1,22.4,3.3,0.9,1.1,57.5,89.9,28.2,40.2,68.9,88.9,25.0,24.4,36,34,38,27,0,135,47,24,31,31,0,133
0022500147,2025-26,2025-11-01,DAL,DET,107.8,120.8,1.9,0.9,3.2,-3.2,1.0,7.1,2.6,1.3,52.5,85.3,17.5,32.5,54.4,92.1,28.0,25.3,30,31,32,17,0,110,27,32,28,35,0,122
0022500145,2025-26,2025-11-01,ORL,WAS,116.8,87.0,-5.7,2.3,0.9,-0.2,-13.9,-2.1,-2.0,-3.3,57.6,84.1,21.6,20.7,44.4,84.3,19.6,7.1,32,43,28,22,0,125,35,21,19,19,0,94
0022500146,2025-26,2025-11-01,HOU,BOS,132.0,103.1,-19.4,7.9,-6.5,-3.2,-12.0,4.4,1.2,-3.3,66.9,79.4,35.3,32.5,45.6,89.8,25.5,6.8,37,29,31,31,0,128,24,24,24,29,0,101
0022500143,2025-26,2025-11-01,MIN,CHA,122.0,104.0,-14.9,-4.6,7.2,1.9,-9.9,0.1,-0.3,2.0,63.8,90.0,10.3,12.6,47.1,86.1,22.7,27.9,25,25,36,36,0,122,31,25,18,31,0,105
0022500144,2025-26,2025-11-01,GSW,IND,107.9,111.8,5.6,2.2,0.9,-0.3,-4.7,2.6,0.6,1.8,50.0,84.2,21.7,21.1,50.6,88.2,24.4,27.0,32,26,30,21,0,109,28,25,29,32,0,114
0022500151,2025-26,2025-11-02,ATL,CLE,101.9,109.3,-1.2,8.9,1.5,-3.2,-3.3,-3.4,1.2,-0.6,54.5,78.5,20.5,32.5,51.5,83.2,25.5,17.5,22,30,24,33,0,109,31,19,28,39,0,117
0022500152,2025-26,2025-11-02,MEM,TOR,108.3,121.9,5.6,-0.5,-0.6,0.1,4.4,-3.2,5.5,-0.5,50.0,86.5,24.4,19.5,56.7,83.3,33.3,18.0,23,24,24,33,0,104,26,27,31,33,0,117
0022500154,2025-26,2025-11-02,SAS,PHX,114.6,127.5,4.0,-0.4,-4.8,0.4,24.4,-6.7,-3.7,1.0,51.0,86.4,32.0,18.4,70.3,80.4,16.7,24.1,24,28,26,40,0,118,31,39,32,28,0,130
0022500155,2025-26,2025-11-02,MIA,LAL,114.3,121.5,-4.1,0.4,1.0,-2.5,6.9,3.2,-2.1,0.0,56.5,85.7,21.4,29.8,58.4,88.8,19.5,20.0,36,27,35,22,0,120,43,34,25,28,0,130
0022500153,2025-26,2025-11-02,CHI,NYK,114.9,126.7,-5.6,-0.1,-1.8,2.6,3.0,3.6,3.2,0.8,57.5,86.1,26.7,9.7,55.8,89.1,29.2,23.2,24,36,29,27,0,116,34,34,37,23,0,128
0022500150,2025-26,2025-11-02,UTA,CHA,102.0,124.8,13.1,-3.6,1.1,-1.9,7.9,-1.1,0.5,1.3,44.9,89.1,21.3,27.3,59.1,85.1,24.3,25.0,25,23,38,17,0,103,39,32,33,22,0,126
0022500148,2025-26,2025-11-02,NOP,OKC,105.0,138.4,0.0,3.4,-1.5,-1.3,20.9,1.0,0.1,1.9,53.8,83.2,26.1,25.0,67.9,86.9,23.5,27.4,22,30,30,24,0,106,39,36,33,29,0,137
0022500149,2025-26,2025-11-02,PHI,BKN,126.5,102.9,-9.1,0.9,-2.5,1.4,-10.4,-5.5,3.0,0.5,59.9,85.3,27.9,14.6,46.7,81.4,28.9,22.0,40,33,17,39,0,129,37,18,23,27,0,105
0022500158,2025-26,2025-11-03,UTA,BOS,108.2,107.3,4.7,6.7,-7.2,-1.0,-8.9,4.2,-1.8,0.1,50.6,80.4,36.6,23.8,47.8,89.6,20.0,20.2,21,15,38,31,0,105,25,21,26,31,0,103
0022500156,2025-26,2025-11-03,MIN,BKN,127.6,113.5,-17.2,4.0,-8.5,-2.4,-9.7,1.7,4.5,2.1,65.4,82.7,38.9,29.5,47.2,87.5,31.6,28.1,28,35,28,34,0,125,28,31,29,21,0,109
0022500160,2025-26,2025-11-03,DAL,HOU,100.0,106.8,5.6,0.9,1.6,1.4,-4.7,-3.0,5.4,0.6,50.0,85.3,20.4,14.6,50.6,83.5,33.3,22.5,28,27,23,24,0,102,24,34,23,29,0,110
0022500163,2025-26,2025-11-03,LAL,POR,121.8,113.9,-15.4,3.4,-1.3,0.9,1.4,-4.6,7.2,1.5,64.1,83.2,25.8,16.5,54.7,82.2,36.6,25.9,24,28,38,33,0,123,33,20,33,29,0,115
0022500162,2025-26,2025-11-03,SAC,DEN,115.9,121.5,-5.1,0.1,1.8,-0.8,5.9,7.6,-3.4,-0.4,57.2,86.0,20.0,23.3,57.7,92.5,17.0,18.6,30,33,30,31,0,124,39,33,32,26,0,130
0022500157,2025-26,2025-11-03,MIL,IND,113.6,110.6,-7.9,4.2,0.5,1.3,-8.9,2.8,3.2,3.1,59.1,82.5,22.5,14.8,47.8,88.5,29.2,32.2,31,25,28,33,0,117,22,31,24,38,0,115
0022500161,2025-26,2025-11-03,DET,MEM,115.2,108.2,-4.3,0.2,-0.6,-1.0,-8.1,-7.6,6.5,1.3,56.6,85.9,24.4,24.1,48.3,79.6,35.3,25.3,32,26,25,31,0,114,25,23,26,32,0,106
0022500164,2025-26,2025-11-03,MIA,LAC,116.5,116.7,-11.4,1.9,4.3,-0.4,8.8,-7.9,1.6,-1.0,61.4,84.5,15.4,21.7,59.7,79.4,26.2,15.9,32,34,37,17,0,120,30,41,24,24,0,119
0022500159,2025-26,2025-11-03,WAS,NYK,100.0,116.7,-1.8,6.7,4.0,1.0,1.5,2.6,0.6,-0.7,54.9,80.4,15.9,16.0,54.8,88.2,24.5,17.0,30,24,24,24,0,102,22,35,41,21,0,119
0022500170,2025-26,2025-11-04,OKC,LAC,127.3,109.2,-13.4,-3.3,1.8,-0.2,-1.9,-6.4,0.3,2.2,62.8,88.9,20.0,20.9,52.5,80.6,23.8,28.7,23,33,38,32,0,126,33,24,29,21,0,107
0022500165,2025-26,2025-11-04,MIL,TOR,99.0,128.0,6.4,1.1,2.7,0.6,5.8,4.6,0.3,1.4,49.4,85.1,18.4,17.4,57.7,90.0,23.8,25.3,29,25,26,20,0,100,39,34,32,23,0,128
0022500169,2025-26,2025-11-04,PHX,GSW,107.0,120.4,4.8,3.6,-5.9,0.9,10.5,-2.8,-1.3,0.1,50.5,83.0,34.0,16.5,60.8,83.7,21.1,20.5,19,30,34,24,0,107,33,35,24,26,0,118
0022500166,2025-26,2025-11-04,ORL,ATL,112.0,125.7,5.6,6.0,-5.5,-3.8,16.0,-6.9,-2.8,7.0,50.0,81.0,33.3,34.9,64.6,80.2,18.2,47.2,23,24,30,35,0,112,32,32,34,29,0,127
0022500167,2025-26,2025-11-04,PHI,CHI,109.9,110.8,7.9,2.2,-0.9,-0.3,1.1,-4.4,3.6,-0.5,48.4,84.2,25.0,21.3,54.5,82.4,30.0,18.0,45,30,20,16,0,111,27,29,28,29,0,113
0022500168,2025-26,2025-11-04,CHA,NOP,112.0,114.9,-2.6,7.1,-7.3,-1.4,5.1,1.3,2.4,-1.4,55.5,80.0,36.6,25.6,57.2,87.1,27.7,14.4,30,29,34,19,0,112,33,28,26,29,0,116
0022500180,2025-26,2025-11-05,OKC,POR,110.2,112.0,5.6,-0.1,-1.2,-2.7,-3.0,-3.2,-0.2,3.6,50.0,86.1,25.5,30.8,51.7,83.3,22.9,34.1,41,24,21,33,0,119,21,36,24,40,0,121
0022500177,2025-26,2025-11-05,NOP,DAL,101.0,100.0,8.0,2.4,-3.2,1.4,-9.7,-1.4,-2.2,-0.8,48.4,84.0,29.2,14.3,47.2,84.8,19.2,16.9,29,23,26,23,0,101,19,30,28,22,0,99
0022500175,2025-26,2025-11-05,MIN,NYK,118.8,141.2,-8.7,4.4,-0.2,0.5,14.0,-0.6,13.9,-3.1,59.6,82.3,23.7,18.1,63.2,85.6,48.8,7.8,26,32,28,28,0,114,28,26,40,43,0,137
0022500176,2025-26,2025-11-05,HOU,MEM,118.1,103.8,-0.3,-1.8,-4.0,1.3,-12.2,-0.4,0.9,2.9,54.0,87.6,30.6,14.9,45.5,85.7,25.0,31.5,34,26,34,30,0,124,22,29,29,29,0,109
0022500171,2025-26,2025-11-05,PHI,CLE,116.3,125.7,-2.7,5.1,-8.2,-0.8,13.7,-0.4,1.6,-0.7,55.6,81.7,38.5,23.3,63.0,85.7,26.3,17.4,27,40,20,34,0,121,41,29,37,25,0,132
0022500179,2025-26,2025-11-05,SAS,LAL,114.9,118.0,-5.4,5.7,-0.1,-5.6,-4.7,-0.1,3.2,5.3,57.4,81.2,23.5,41.9,50.6,86.0,29.3,41.0,29,30,37,20,0,116,26,34,28,30,0,118
0022500173,2025-26,2025-11-05,BKN,IND,112.0,102.0,5.6,0.1,1.8,-2.6,-8.6,-4.6,4.4,-3.0,50.0,86.0,20.0,30.2,48.0,82.2,31.4,8.1,25,29,26,32,0,112,18,41,24,20,0,103
0022500172,2025-26,2025-11-05,UTA,DET,102.0,114.0,12.4,1.1,0.7,-2.3,2.6,1.1,2.7,-1.4,45.3,85.1,22.0,29.1,55.5,87.0,28.3,14.3,30,25,14,34,0,103,28,25,25,36,0,114
0022500178,2025-26,2025-11-05,MIA,DEN,105.7,115.1,2.1,0.2,6.7,-1.4,-8.5,-2.5,8.5,1.2,52.3,85.8,11.1,25.6,48.0,84.0,38.9,24.8,33,27,26,26,0,112,36,32,33,21,0,122
0022500181,2025-26,2025-11-05,GSW,SAC,109.4,113.1,-1.1,4.7,1.6,-0.3,3.4,-1.2,-2.3,3.5,54.5,82.1,20.4,21.3,56.0,85.0,19.0,33.7,32,30,23,31,0,116,25,32,35,29,0,121
0022500174,2025-26,2025-11-05,WAS,BOS,107.0,138.8,-0.9,5.9,-2.7,-1.3,13.9,8.0,3.2,-0.8,54.4,81.0,28.2,25.0,63.2,92.9,29.3,16.8,37,23,20,27,0,107,26,44,32,34,0,136
0022500182,2025-26,2025-11-06,LAC,PHX,105.2,121.1,4.6,1.8,-2.3,-2.0,1.7,-3.4,5.5,-1.2,50.6,84.5,27.5,27.8,54.9,83.2,33.3,15.2,27,24,23,28,0,102,31,17,40,27,0,115
0022500036,2025-26,2025-11-07,UTA,MIN,91.5,128.0,17.4,3.6,-3.1,0.2,18.9,-6.7,6.4,0.7,42.0,83.0,29.1,19.1,66.5,80.4,35.1,22.7,15,30,22,30,0,97,43,36,25,33,0,137
0022500029,2025-26,2025-11-07,CLE,WAS,141.0,110.6,-3.9,-5.2,-13.0,-0.5,-0.7,-6.2,5.4,-0.1,56.4,90.5,47.2,21.8,53.3,80.8,33.3,19.8,39,37,33,39,0,148,26,34,27,28,0,115
0022500038,2025-26,2025-11-07,OKC,SAC,125.7,97.1,-10.7,-4.1,1.3,-0.8,-6.4,-2.8,-4.3,-2.3,61.0,89.5,21.1,23.1,49.5,83.7,15.4,10.9,30,40,28,34,0,132,32,24,27,18,0,101
0022500032,2025-26,2025-11-07,HOU,SAS,111.1,119.8,0.3,12.1,-9.3,-0.6,3.8,-8.1,8.2,1.7,53.5,75.8,40.5,22.4,56.3,79.2,38.5,26.4,25,25,32,28,0,110,23,28,35,35,0,121
0022500034,2025-26,2025-11-07,DAL,MEM,104.0,116.8,-1.3,4.8,2.6,2.1,3.1,-1.1,-3.9,1.8,54.7,82.0,18.6,11.6,55.9,85.1,16.3,27.1,24,27,29,24,0,104,34,40,28,16,0,118
0022500037,2025-26,2025-11-07,GSW,DEN,108.3,134.4,7.9,-1.7,-5.4,1.9,17.9,5.4,-2.1,1.4,48.4,87.5,33.3,12.6,65.9,90.6,19.4,25.6,21,28,28,27,0,104,32,34,33,30,0,129
0022500030,2025-26,2025-11-07,TOR,ATL,107.9,96.0,9.6,-1.3,-2.0,-1.4,-21.8,-5.7,6.5,0.8,47.3,87.1,27.1,25.3,39.1,81.2,35.2,22.9,26,18,29,36,0,109,26,27,24,20,0,97
0022500033,2025-26,2025-11-07,CHA,MIA,103.8,117.8,15.5,4.0,-8.0,-1.2,5.7,7.6,-5.3,-2.0,43.3,82.7,38.0,24.7,57.6,92.5,13.6,12.1,33,36,19,20,0,108,53,19,22,32,0,126
0022500031,2025-26,2025-11-07,DET,BKN,125.0,108.1,-11.0,-1.1,-5.4,-1.2,-0.9,-7.4,-2.6,1.9,61.2,87.0,33.3,24.7,53.1,79.8,18.6,27.5,27,33,34,31,0,125,29,26,19,33,0,107
0022500035,2025-26,2025-11-07,CHI,MIL,103.8,118.9,-1.0,-0.9,3.5,1.7,0.9,4.2,2.2,-1.6,54.4,86.8,17.0,13.3,54.4,89.6,27.5,13.6,25,27,28,30,0,110,23,30,32,41,0,126
0022500028,2025-26,2025-11-07,BOS,ORL,111.1,124.2,2.4,0.2,-1.8,2.2,9.8,-1.4,1.2,2.4,52.1,85.9,26.7,11.6,60.4,84.8,25.6,29.3,25,26,29,30,0,110,38,21,25,39,0,123
0022500189,2025-26,2025-11-08,IND,DEN,95.2,114.7,20.7,-4.1,-2.1,-2.0,-1.6,-4.4,6.3,0.1,39.8,89.5,27.3,28.0,52.7,82.4,34.9,20.4,18,29,35,18,0,100,31,25,39,22,0,117
0022500183,2025-26,2025-11-08,DAL,WAS,107.8,101.9,8.0,-1.6,-5.5,-0.7,-8.9,-4.2,1.2,0.6,48.4,87.4,33.3,22.6,47.8,82.5,25.5,22.5,35,22,25,29,0,111,24,29,33,19,0,105
0022500186,2025-26,2025-11-08,CHI,CLE,118.4,125.5,1.2,-0.4,-1.2,-4.9,6.3,6.0,-1.6,0.1,53.0,86.4,25.6,39.3,58.0,91.2,20.4,20.2,29,43,26,24,0,122,32,24,40,32,0,128
0022500185,2025-26,2025-11-08,LAL,ATL,103.0,124.5,1.0,7.4,-3.8,0.1,9.6,3.2,-3.4,-2.4,53.1,79.8,30.2,19.8,60.2,88.8,17.1,10.8,29,25,18,30,0,102,37,31,30,24,0,122
0022500188,2025-26,2025-11-08,NOP,SAS,119.0,126.0,-3.1,-2.3,-0.9,1.3,10.9,2.3,1.2,-0.6,55.9,88.0,25.0,14.9,61.1,88.0,25.6,17.8,22,36,27,34,0,119,28,38,26,34,0,126
0022500187,2025-26,2025-11-08,POR,MIA,115.9,120.4,3.5,4.4,-8.3,0.7,3.7,0.8,1.2,2.4,51.4,82.3,38.6,17.4,56.2,86.7,25.5,29.2,30,35,32,34,0,131,27,45,28,36,0,136
0022500184,2025-26,2025-11-08,TOR,PHI,117.6,127.5,-1.0,-3.7,1.6,-1.1,3.7,0.3,6.3,0.8,54.4,89.2,20.4,24.4,56.2,86.3,34.9,22.9,43,20,34,23,0,120,33,35,33,29,0,130
0022500190,2025-26,2025-11-08,PHX,LAC,126.7,115.7,-6.0,1.9,-7.5,-0.4,8.9,1.9,-4.7,-1.5,57.8,84.4,37.1,21.7,59.7,87.6,14.7,14.3,35,25,25,29,0,114,29,17,34,23,0,103
0022500191,2025-26,2025-11-09,HOU,MIL,127.1,118.6,-7.6,5.7,-14.6,0.6,15.1,0.6,-2.4,-0.6,58.9,81.2,50.0,17.8,63.9,86.6,18.9,17.7,28,22,32,40,0,122,30,31,24,30,0,115
0022500192,2025-26,2025-11-09,BKN,NYK,102.1,141.1,7.4,6.9,-5.1,-0.5,14.4,-0.9,8.8,0.9,48.8,80.2,32.6,22.0,63.5,85.3,39.5,23.6,22,40,17,19,0,98,40,37,35,22,0,134
0022500197,2025-26,2025-11-09,MIN,SAC,135.8,110.4,-13.5,-4.2,0.5,-0.7,-3.1,-3.6,1.2,1.7,62.9,89.6,22.5,22.7,51.7,83.0,25.5,26.7,31,40,40,33,0,144,25,29,30,33,0,117
0022500196,2025-26,2025-11-09,IND,GSW,83.0,112.9,20.6,9.5,-1.7,2.9,-5.6,4.8,-0.7,2.5,39.9,78.0,26.4,8.5,50.0,90.1,22.0,29.5,21,20,24,18,0,83,23,25,27,39,0,114
0022500194,2025-26,2025-11-09,OKC,MEM,114.0,101.0,7.9,-9.4,2.5,-0.8,-8.8,-0.2,-1.4,-1.5,48.4,94.0,18.8,23.2,47.8,85.9,20.8,14.3,25,26,34,29,0,114,33,29,18,20,0,100
0022500195,2025-26,2025-11-09,DET,PHI,111.0,109.1,-2.6,2.4,0.8,-1.1,-5.6,-7.4,3.6,2.2,55.5,84.0,22.0,24.4,50.0,79.8,30.0,28.6,37,17,34,23,0,111,32,32,21,23,0,108
0022500193,2025-26,2025-11-09,BOS,ORL,115.6,112.6,-1.4,0.8,-3.8,-0.3,-6.5,-4.7,3.6,4.7,54.7,85.4,30.2,21.2,49.4,82.1,30.0,38.5,30,24,24,33,0,111,33,21,26,27,0,107
0022500206,2025-26,2025-11-10,ATL,LAC,111.7,110.9,1.2,-1.4,2.7,0.2,-3.8,1.1,0.6,0.5,53.0,87.2,18.4,19.0,51.2,87.0,24.4,22.0,19,33,27,26,0,105,29,23,24,26,0,102
0022500200,2025-26,2025-11-10,POR,ORL,114.3,116.2,3.1,-4.4,0.7,-0.3,-6.4,1.0,3.1,3.4,51.7,89.8,22.0,21.1,49.4,86.9,28.9,33.3,24,32,20,36,0,112,26,33,28,28,0,115
0022500203,2025-26,2025-11-10,MIL,DAL,111.5,109.6,1.5,-1.7,2.8,-0.5,-10.6,-0.6,4.0,3.8,52.7,87.5,18.2,22.0,46.6,85.6,30.8,34.8,27,26,26,37,0,116,31,26,31,26,0,114
0022500204,2025-26,2025-11-10,NOP,PHX,100.0,121.0,10.0,7.6,-4.3,-1.1,12.5,-4.8,2.8,2.8,47.0,79.6,31.2,24.1,62.2,82.0,28.6,30.8,22,19,31,26,0,98,29,35,32,25,0,121
0022500205,2025-26,2025-11-10,MIN,UTA,116.5,111.9,1.4,-3.8,3.4,-2.4,-7.1,-1.1,4.4,0.3,52.8,89.3,17.1,29.2,48.9,85.1,31.4,21.1,26,27,40,27,0,120,30,25,25,33,0,113
0022500202,2025-26,2025-11-10,SAS,CHI,116.3,111.4,-4.8,0.6,1.3,-1.7,-1.6,1.8,-0.5,0.1,57.0,85.6,20.9,26.7,52.7,87.6,22.4,20.4,34,29,26,32,0,121,26,38,34,19,0,117
0022500198,2025-26,2025-11-10,LAL,CHA,127.4,118.1,-6.0,-2.8,-3.6,0.3,15.3,-12.4,2.1,2.1,57.8,88.4,30.0,18.9,64.1,75.5,27.3,28.2,36,29,31,25,0,121,40,23,15,33,0,111
0022500201,2025-26,2025-11-10,CLE,MIA,122.1,121.7,6.2,-6.0,-7.5,1.1,-1.0,2.1,1.5,4.3,49.6,91.2,37.1,15.8,53.1,87.8,26.1,36.7,30,23,39,36,10,138,25,37,39,27,12,140
0022500199,2025-26,2025-11-10,WAS,DET,116.4,119.1,-10.0,3.9,-0.3,-0.3,-10.1,0.0,11.5,1.6,60.5,82.8,23.9,21.1,46.9,86.1,44.4,26.3,37,24,35,31,8,135,36,31,20,40,10,137
0022500210,2025-26,2025-11-11,GSW,OKC,100.0,124.8,0.6,7.8,3.6,-2.8,9.6,-6.9,2.4,2.9,53.4,79.4,16.7,31.1,60.2,80.2,27.8,31.3,25,19,28,30,0,102,34,29,44,19,0,126
0022500211,2025-26,2025-11-11,IND,UTA,125.5,147.6,3.3,-7.2,-4.7,-1.6,17.7,-0.7,8.7,3.5,51.5,92.2,31.9,26.3,65.8,85.4,39.4,33.7,34,23,34,37,0,128,38,32,44,38,0,152
0022500207,2025-26,2025-11-11,TOR,BKN,122.7,113.5,-0.9,-5.5,-4.1,-0.5,-8.3,0.5,-4.1,4.7,54.4,90.7,31.0,22.0,48.1,86.5,15.9,38.3,28,32,29,30,0,119,30,22,29,28,0,109
0022500209,2025-26,2025-11-11,BOS,PHI,106.4,108.5,11.2,-2.6,-1.7,0.9,-3.8,5.1,-3.6,-0.2,46.2,88.3,26.5,16.3,51.2,90.4,16.7,19.0,22,19,36,23,0,100,23,28,20,31,0,102
0022500208,2025-26,2025-11-11,MEM,NYK,108.1,120.9,-8.5,6.9,5.7,-1.0,8.0,0.4,-1.6,-0.7,59.5,80.2,12.8,23.8,59.2,86.4,20.4,17.3,30,24,39,27,0,120,42,35,37,19,0,133
0022500212,2025-26,2025-11-11,DEN,SAC,125.8,112.5,-7.3,-0.6,-7.2,-1.1,0.5,4.1,-1.1,-0.3,58.7,86.6,36.6,24.4,54.1,89.6,21.4,18.8,33,27,25,37,0,122,34,22,26,26,0,108
0022500215,2025-26,2025-11-12,ORL,NYK,121.6,105.9,-3.0,0.9,-4.0,-3.2,-4.7,0.1,-1.1,0.1,55.8,85.3,30.8,32.6,50.6,86.1,21.3,20.5,30,32,29,33,0,124,23,19,31,34,0,107
0022500223,2025-26,2025-11-12,ATL,SAC,122.0,92.6,-20.6,6.3,1.2,-0.3,-10.4,-5.4,-2.3,-1.2,67.6,80.7,21.2,21.2,46.7,81.5,19.1,15.2,37,29,39,28,0,133,34,12,22,32,0,100
0022500220,2025-26,2025-11-12,GSW,SAS,116.8,113.2,-1.4,1.2,2.8,-4.5,3.9,-5.8,3.0,-1.3,54.7,85.0,18.2,37.6,56.4,81.1,28.9,14.9,14,35,43,33,0,125,28,28,28,36,0,120
0022500221,2025-26,2025-11-12,PHX,DAL,117.1,108.6,0.1,-3.0,-1.4,-0.5,9.1,-7.1,-2.1,-1.9,53.7,88.6,26.0,22.1,59.9,80.0,19.5,12.8,30,33,32,28,0,123,28,25,28,33,0,114
0022500222,2025-26,2025-11-12,LAL,OKC,89.3,118.6,9.4,6.5,1.8,-1.2,4.5,3.7,-4.4,1.0,47.4,80.6,20.0,24.7,56.8,89.2,15.4,23.9,18,20,26,28,0,92,30,40,30,21,0,121
0022500216,2025-26,2025-11-12,MEM,BOS,99.0,136.5,21.9,-4.2,-2.1,-0.5,10.9,2.9,9.6,-2.5,38.9,89.6,27.3,22.1,61.1,88.5,40.9,10.1,26,20,28,21,0,95,34,33,33,31,0,131
0022500217,2025-26,2025-11-12,CLE,MIA,120.4,107.4,5.6,-2.2,-3.6,-1.3,3.1,-6.5,-1.3,-2.1,50.0,88.0,30.0,25.0,55.9,80.6,20.9,11.7,29,37,27,37,0,130,38,31,28,19,0,116
0022500213,2025-26,2025-11-12,MIL,CHA,107.5,118.1,2.2,-5.0,0.6,2.8,-3.8,-3.6,8.2,1.7,52.3,90.3,22.2,9.1,51.2,83.0,38.5,26.7,27,23,22,28,0,100,35,24,24,28,0,111
0022500218,2025-26,2025-11-12,WAS,HOU,112.0,136.4,-0.1,-2.3,-1.8,1.5,12.2,2.2,11.5,-0.9,53.8,88.0,26.7,14.1,62.0,87.9,44.4,16.7,29,25,33,25,0,112,40,41,22,32,0,135
0022500224,2025-26,2025-11-12,DEN,LAC,134.0,118.4,-9.4,-1.9,-3.9,-3.7,6.8,-1.6,1.5,0.4,60.1,87.6,30.6,34.5,58.3,84.7,26.2,21.4,39,24,43,24,0,130,35,33,22,26,0,116
0022500219,2025-26,2025-11-12,POR,NOP,130.2,123.2,-17.6,-0.5,-4.2,0.2,0.9,4.0,5.4,-0.1,65.7,86.5,31.0,19.3,54.4,89.5,33.3,19.8,30,27,38,30,0,125,25,34,26,32,0,117
0022500214,2025-26,2025-11-12,CHI,DET,106.6,118.1,-1.3,6.9,-1.8,-0.5,13.3,-4.9,1.2,-2.0,54.7,80.2,26.7,22.1,62.8,81.9,25.6,12.2,23,29,27,34,0,113,35,33,27,29,0,124
0022500225,2025-26,2025-11-13,TOR,CLE,129.9,116.5,-12.9,0.6,-4.9,0.5,-4.7,1.9,3.9,0.8,62.5,85.6,32.4,18.2,50.5,87.6,30.4,23.1,29,38,23,36,0,126,30,24,31,28,0,113
0022500226,2025-26,2025-11-13,IND,PHX,100.0,135.7,19.8,-2.0,-5.1,-2.7,17.1,3.2,2.8,1.5,40.3,87.8,32.7,30.7,65.3,88.8,28.6,25.9,23,29,32,14,0,98,31,39,36,27,0,133
0022500227,2025-26,2025-11-13,ATL,UTA,122.2,113.0,-15.8,3.2,1.6,0.6,8.1,-9.7,3.2,-1.5,64.4,83.3,20.5,17.8,59.2,77.8,29.2,14.1,42,38,23,29,0,132,33,34,36,19,0,122
0022500042,2025-26,2025-11-14,POR,HOU,116.0,138.6,-1.1,7.1,-6.7,-0.3,6.3,9.4,10.0,-1.0,54.5,80.0,35.6,21.3,58.0,94.1,41.7,16.0,32,28,31,25,0,116,41,28,36,35,0,140
0022500045,2025-26,2025-11-14,LAL,NOP,114.6,99.0,-6.8,4.2,-0.9,-1.0,-4.7,-6.0,1.2,-1.1,58.3,82.5,25.0,23.8,50.6,81.0,25.5,15.7,35,30,30,23,0,118,25,27,25,27,0,104
0022500047,2025-26,2025-11-14,GSW,SAS,112.4,110.2,3.1,1.8,-3.3,0.6,0.5,-8.8,4.4,-0.3,51.7,84.5,29.4,17.8,54.1,78.6,31.4,18.8,18,29,30,32,0,109,20,25,34,29,0,108
0022500043,2025-26,2025-11-14,CHA,MIL,119.6,134.9,-4.3,-2.8,0.4,-0.9,33.6,-7.4,-4.7,0.0,56.6,88.4,22.7,23.5,76.5,79.8,14.7,20.0,33,36,29,31,5,134,34,27,42,26,18,147
0022500041,2025-26,2025-11-14,PHI,DET,105.0,115.2,3.9,1.2,-2.7,1.4,0.1,-0.2,2.7,-0.9,51.1,85.0,28.3,14.4,53.8,85.9,28.3,16.3,27,27,36,15,0,105,28,35,25,26,0,114
0022500046,2025-26,2025-11-14,LAC,DAL,106.4,102.4,-0.7,5.3,4.5,-2.9,-6.3,-7.3,-0.5,2.4,54.2,81.6,15.2,31.6,49.5,79.8,22.4,29.3,34,28,31,21,19,133,31,24,31,28,13,127
0022500040,2025-26,2025-11-14,BKN,ORL,106.5,114.1,8.1,-7.5,4.5,1.7,3.0,-7.9,-1.5,0.8,48.3,92.4,15.2,13.5,55.8,79.3,20.6,23.1,36,22,24,16,0,98,27,27,25,26,0,105
0022500039,2025-26,2025-11-14,MIA,NYK,129.4,137.3,-3.8,-3.7,-5.1,-1.6,3.7,7.2,8.7,0.5,56.3,89.2,32.6,26.3,56.2,92.2,39.2,22.1,35,33,36,28,0,132,32,46,32,30,0,140
0022500044,2025-26,2025-11-14,SAC,MIN,104.8,119.2,4.8,0.4,-1.2,0.7,3.0,-4.0,3.4,3.2,50.5,85.7,25.5,17.2,55.8,82.7,29.5,32.6,30,31,30,19,0,110,35,26,31,32,0,124
0022500230,2025-26,2025-11-15,TOR,IND,120.6,102.8,-8.0,-1.0,2.1,-2.5,-3.9,-1.0,-4.3,1.4,59.2,86.9,19.5,29.9,51.1,85.2,15.6,25.3,32,30,39,28,0,129,29,24,32,26,0,111
0022500231,2025-26,2025-11-15,LAL,MIL,122.7,96.0,-6.0,4.2,-3.0,-4.8,-6.5,-3.8,0.9,0.0,57.8,82.5,28.9,39.0,49.4,82.8,25.0,20.0,30,35,27,27,0,119,18,16,38,23,0,95
0022500228,2025-26,2025-11-15,MEM,CLE,94.3,102.9,18.5,0.2,0.5,-3.5,-0.2,-7.1,0.3,0.7,41.3,85.8,22.4,33.7,53.6,80.0,23.9,22.9,32,29,23,16,0,100,28,26,22,32,0,108
0022500232,2025-26,2025-11-15,DEN,MIN,119.4,109.8,-2.5,-1.6,-0.2,-4.4,-2.2,1.4,-3.1,0.7,55.4,87.4,23.8,37.3,52.3,87.3,17.8,22.7,29,26,32,36,0,123,31,29,26,26,0,112
0022500229,2025-26,2025-11-15,OKC,CHA,113.5,100.0,-4.4,0.7,-3.7,2.8,-10.2,-2.0,0.6,-3.5,56.7,85.4,30.2,9.0,46.9,84.4,24.5,6.2,30,25,32,22,0,109,30,22,18,26,0,96
0022500239,2025-26,2025-11-16,ATL,PHX,121.6,119.6,-11.0,3.2,0.5,-0.9,-0.2,-3.2,8.6,-0.4,61.2,83.3,22.5,23.5,53.6,83.3,39.0,18.6,25,32,20,47,0,124,21,37,37,27,0,122
0022500240,2025-26,2025-11-16,CHI,UTA,116.7,120.0,-0.6,-0.5,0.4,-2.0,-2.2,7.9,-1.8,2.7,54.2,86.5,22.6,27.8,52.3,92.8,20.0,30.6,33,37,28,29,20,147,33,28,33,33,23,150
0022500233,2025-26,2025-11-16,LAC,BOS,125.5,128.7,-2.7,1.1,-1.2,-3.7,-2.0,8.9,7.5,-1.9,55.6,85.1,25.6,34.6,52.4,93.6,37.0,12.6,30,19,36,33,0,118,37,26,27,31,0,121
0022500238,2025-26,2025-11-16,POR,DAL,118.8,123.2,10.2,-3.8,-8.7,-1.0,6.9,0.7,3.4,2.2,46.9,89.3,39.3,23.9,58.4,86.6,29.5,28.4,37,24,30,27,15,133,29,28,28,33,20,138
0022500236,2025-26,2025-11-16,ORL,HOU,106.6,111.4,8.0,-7.5,2.9,-1.9,-11.5,-0.4,8.9,1.3,48.4,92.5,18.0,27.5,46.0,85.7,39.6,25.0,30,25,25,22,11,113,23,23,31,25,15,117
0022500234,2025-26,2025-11-16,SAC,SAS,108.9,119.4,-0.4,-2.4,6.3,0.4,12.3,-0.7,-0.8,-0.7,54.0,88.1,11.9,18.4,62.1,85.4,22.0,17.2,24,35,26,25,0,110,36,31,28,28,0,123
0022500235,2025-26,2025-11-16,BKN,WAS,130.3,108.2,-15.1,1.4,2.4,-4.0,-3.8,2.0,-8.7,1.0,63.9,84.8,18.9,35.4,51.2,87.8,7.5,23.8,28,35,31,35,0,129,28,25,31,22,0,106
0022500237,2025-26,2025-11-16,GSW,NOP,120.4,101.9,-7.0,7.6,-6.2,1.3,-4.7,-7.3,5.1,1.7,58.5,79.6,34.8,14.9,50.6,79.8,32.6,26.5,44,17,24,39,0,124,28,21,22,35,0,106
0022500245,2025-26,2025-11-17,CHA,TOR,103.8,107.8,8.1,1.7,-2.9,-2.0,2.8,-3.2,-2.4,-1.6,48.3,84.6,28.6,27.6,55.7,83.3,19.0,13.6,24,28,31,25,0,108,28,29,28,25,0,110
0022500246,2025-26,2025-11-17,DAL,MIN,88.9,110.1,12.5,5.4,2.9,-0.6,-1.8,-1.9,3.5,-0.4,45.3,81.5,18.2,22.4,52.6,84.4,29.8,18.6,21,23,22,30,0,96,34,27,37,22,0,120
0022500244,2025-26,2025-11-17,NYK,MIA,107.6,108.5,4.8,2.6,-0.9,0.2,-3.4,0.9,-4.1,-2.3,50.5,83.8,25.0,19.1,51.5,86.8,15.9,10.9,20,31,31,31,0,113,25,30,28,32,0,115
0022500248,2025-26,2025-11-17,CHI,DEN,125.0,119.8,-3.9,-6.2,-0.6,1.4,1.3,7.6,0.6,0.4,56.4,91.3,24.5,14.7,54.6,92.5,24.5,21.6,30,33,40,27,0,130,28,36,29,34,0,127
0022500242,2025-26,2025-11-17,IND,DET,108.7,123.3,10.0,7.6,-9.6,-5.0,8.7,-3.0,7.9,1.3,47.0,79.6,40.8,39.3,59.7,83.5,37.8,25.0,21,25,29,37,0,112,26,36,31,34,0,127
0022500243,2025-26,2025-11-17,LAC,PHI,113.7,115.8,9.8,-4.0,3.1,-2.5,-1.2,5.3,-2.1,1.3,47.1,89.5,17.8,29.9,53.0,90.5,19.6,25.0,33,23,27,25,0,108,25,21,27,37,0,110
0022500241,2025-26,2025-11-17,MIL,CLE,105.0,116.8,4.0,1.1,4.8,2.1,16.9,-4.6,-5.8,-0.3,51.1,85.1,14.6,11.8,65.2,82.2,12.9,19.0,33,24,31,18,0,106,26,33,33,26,0,118
0022500247,2025-26,2025-11-17,OKC,NOP,126.0,109.0,-8.0,4.8,-7.0,-1.7,3.0,-9.5,5.0,-1.3,59.2,82.0,36.1,26.4,55.8,78.0,32.4,15.1,49,20,36,21,0,126,24,32,24,29,0,109
0022500253,2025-26,2025-11-18,UTA,LAL,118.9,130.8,-8.1,3.6,1.3,0.4,18.2,-2.3,3.9,3.7,59.2,83.0,21.1,18.5,66.1,84.1,30.6,34.5,36,35,22,33,0,126,27,40,37,36,0,140
0022500254,2025-26,2025-11-18,PHX,POR,121.0,104.8,-2.0,3.8,-8.6,0.2,-7.8,-6.0,6.3,-0.9,55.1,82.9,39.1,19.4,48.5,81.0,34.9,16.5,35,29,36,27,0,127,32,29,21,28,0,110
0022500250,2025-26,2025-11-18,BOS,BKN,118.9,104.2,-12.2,8.4,-2.0,-1.7,-7.4,-0.9,0.1,0.8,62.0,78.9,27.0,26.7,48.8,85.3,23.5,23.2,29,33,27,24,0,113,29,32,24,14,0,99
0022500252,2025-26,2025-11-18,MEM,SAS,104.1,114.4,11.2,0.6,-8.1,3.8,5.5,5.5,-7.5,-1.9,46.2,85.6,38.2,4.8,57.5,90.7,9.5,12.6,24,23,40,14,0,101,23,26,37,25,0,111
0022500249,2025-26,2025-11-18,GSW,ORL,110.8,116.3,-6.8,4.4,4.4,-2.1,2.3,0.6,0.9,3.0,58.3,82.4,15.4,28.2,55.3,86.5,25.0,31.8,32,28,25,28,0,113,36,31,26,28,0,121
0022500251,2025-26,2025-11-18,DET,ATL,117.6,112.0,-9.6,0.9,0.4,-1.0,4.6,-6.0,1.2,-1.3,60.2,85.3,22.6,24.1,56.9,81.0,25.6,14.9,35,32,27,26,0,120,30,24,28,30,0,112
0022500263,2025-26,2025-11-19,CHI,POR,115.1,112.0,-7.5,1.3,4.3,2.7,-10.4,-1.0,12.1,-0.1,58.9,84.9,15.6,9.4,46.7,85.2,45.6,19.6,28,34,36,24,0,122,29,29,24,39,0,121
0022500259,2025-26,2025-11-19,WAS,MIN,112.4,122.4,-4.5,4.2,-2.5,2.5,-3.2,4.4,7.9,1.1,56.8,82.5,27.9,10.2,51.6,89.8,38.0,24.5,29,17,36,27,0,109,34,37,23,26,0,120
0022500255,2025-26,2025-11-19,HOU,CLE,117.5,107.2,4.7,-0.6,-6.6,-1.4,-2.8,1.9,-0.6,1.2,50.6,86.6,35.6,25.6,51.9,87.6,22.2,24.7,33,24,17,40,0,114,19,21,30,34,0,104
0022500257,2025-26,2025-11-19,GSW,MIA,90.6,103.8,16.5,9.1,-6.0,1.1,-9.4,0.9,0.9,-0.1,42.6,78.3,34.5,15.8,47.4,86.8,25.0,19.8,20,25,29,22,0,96,29,20,23,38,0,110
0022500261,2025-26,2025-11-19,SAC,OKC,96.1,108.7,7.3,4.1,-0.9,0.7,-2.2,-1.7,-1.1,1.0,48.8,82.5,25.0,17.4,52.3,84.6,21.4,23.9,25,25,19,30,0,99,27,31,25,30,0,113
0022500260,2025-26,2025-11-19,DEN,NOP,116.8,109.3,-12.3,5.6,-0.9,-1.7,-7.8,3.3,6.1,0.9,62.0,81.3,25.0,26.5,48.5,88.9,34.7,23.5,26,36,35,28,0,125,30,28,25,35,0,118
0022500256,2025-26,2025-11-19,CHA,IND,118.0,127.0,11.1,-1.1,-9.0,0.6,14.5,-2.4,2.4,0.6,46.3,87.0,40.0,17.8,63.5,84.0,27.8,22.4,33,21,30,34,0,118,38,32,34,23,0,127
0022500258,2025-26,2025-11-19,TOR,PHI,123.5,114.3,-9.4,1.6,-0.5,-1.0,2.1,-8.8,9.6,-0.4,60.1,84.7,24.2,23.8,55.2,78.6,41.0,18.4,33,20,44,24,0,121,28,28,26,30,0,112
0022500262,2025-26,2025-11-19,NYK,DAL,109.7,109.9,4.8,-6.1,-2.8,-0.1,-4.7,-4.5,-0.1,2.4,50.5,91.3,28.6,20.4,50.6,82.2,23.3,29.4,24,28,35,26,0,113,25,25,35,26,0,111
0022500267,2025-26,2025-11-20,ATL,SAS,123.5,131.1,-20.8,2.0,4.4,2.8,12.3,3.9,-0.1,1.1,67.8,84.3,15.4,9.2,62.1,89.3,23.3,24.2,34,26,32,34,0,126,28,46,21,40,0,135
0022500265,2025-26,2025-11-20,SAC,MEM,96.0,137.0,0.9,3.6,7.6,1.6,7.9,7.0,2.6,0.0,53.1,83.0,9.5,13.8,59.1,92.0,28.2,20.2,22,25,29,20,0,96,35,40,38,24,0,137
0022500264,2025-26,2025-11-20,LAC,ORL,96.2,122.9,8.1,7.1,1.6,0.8,5.5,4.1,1.8,0.6,48.3,80.0,20.4,16.9,57.4,89.5,26.7,22.3,24,25,27,25,0,101,30,31,32,36,0,129
0022500266,2025-26,2025-11-20,PHI,MIL,113.9,104.6,1.8,-1.2,0.8,-0.4,4.1,1.3,-9.0,-2.3,52.6,87.0,22.0,21.6,56.5,87.2,6.8,10.9,33,22,22,29,17,123,20,37,24,25,8,114
0022500052,2025-26,2025-11-21,NOP,DAL,108.5,111.3,5.6,-2.0,1.9,-1.6,5.0,-5.8,0.9,1.6,50.0,87.7,20.0,26.4,57.1,81.1,25.0,26.2,34,29,22,30,0,115,25,24,36,33,0,118
0022500049,2025-26,2025-11-21,BKN,BOS,116.5,108.2,-9.8,0.6,2.4,0.8,-1.5,0.6,3.2,-2.3,60.4,85.6,18.9,17.1,52.8,86.6,29.2,11.1,22,40,30,21,0,113,28,25,24,28,0,105
0022500048,2025-26,2025-11-21,IND,CLE,106.9,115.4,8.1,-1.4,1.4,-1.9,2.7,0.6,3.5,0.9,48.3,87.3,20.8,27.3,55.6,86.5,29.8,23.6,31,24,26,28,0,109,33,29,38,20,0,120
0022500050,2025-26,2025-11-21,WAS,TOR,105.8,133.3,2.1,3.9,3.7,-0.8,18.5,-0.4,7.5,4.2,52.3,82.7,16.7,23.3,66.3,85.7,37.1,36.1,20,27,30,33,0,110,31,26,48,35,0,140
0022500053,2025-26,2025-11-21,MIN,PHX,108.7,110.7,2.1,8.5,-4.6,-1.7,4.5,-15.6,8.8,1.8,52.3,78.8,31.8,26.7,56.8,72.8,39.5,27.2,24,25,33,31,0,113,32,30,19,33,0,114
0022500054,2025-26,2025-11-21,DEN,HOU,119.1,116.0,-9.0,2.4,-4.9,-2.0,-3.2,-3.6,9.1,-1.6,59.9,84.0,32.4,27.6,51.6,83.0,40.0,14.0,25,21,34,32,0,112,12,37,29,31,0,109
0022500055,2025-26,2025-11-21,OKC,UTA,138.5,107.7,-31.8,-0.6,7.3,-0.7,6.6,-15.3,6.0,1.4,75.3,86.5,10.0,22.9,58.2,73.1,34.3,25.3,30,37,43,34,0,144,44,24,20,24,0,112
0022500051,2025-26,2025-11-21,MIA,CHI,132.4,97.3,-0.3,-5.5,-5.0,-3.9,-8.8,-2.8,-3.3,0.9,54.0,90.7,32.6,35.0,47.8,83.6,17.4,23.3,36,34,32,41,0,143,32,20,23,32,0,107
0022500056,2025-26,2025-11-21,POR,GSW,124.5,121.8,-4.5,7.8,-13.3,-2.8,6.9,0.1,-0.5,2.9,56.8,79.4,47.7,30.7,58.4,86.1,22.5,31.3,35,30,29,33,0,127,28,44,25,26,0,123
0022500270,2025-26,2025-11-22,ATL,NOP,116.2,101.0,-3.5,-8.1,0.6,1.1,-10.9,-5.4,3.0,1.0,56.1,92.9,22.2,15.6,46.4,81.4,28.9,23.8,21,35,32,27,0,115,25,21,24,28,0,98
0022500269,2025-26,2025-11-22,NYK,ORL,119.8,133.0,-13.2,3.4,-1.7,-2.0,13.6,-0.1,3.0,2.7,62.7,83.2,26.5,27.8,62.9,86.0,28.9,30.6,29,37,27,28,0,121,31,33,34,35,0,133
0022500268,2025-26,2025-11-22,LAC,CHA,135.1,120.8,-11.7,-4.3,-3.0,-0.6,1.4,2.9,1.9,1.8,61.7,89.7,28.9,22.2,54.7,88.5,26.8,27.1,38,24,34,35,0,131,30,27,25,34,0,116
0022500273,2025-26,2025-11-22,MEM,DAL,109.7,103.2,13.6,0.0,-10.9,-0.4,-12.9,3.8,-0.5,-1.2,44.6,86.0,43.4,21.7,45.1,89.2,22.4,15.4,21,22,33,26,0,102,22,25,26,23,0,96
0022500272,2025-26,2025-11-22,DET,MIL,130.3,116.0,-28.6,0.2,11.0,0.2,13.8,-3.6,-3.9,-2.1,73.1,85.9,3.3,19.2,63.1,83.0,16.2,11.9,30,39,35,25,0,129,26,26,33,31,0,116
0022500271,2025-26,2025-11-22,WAS,CHI,114.3,114.2,-0.6,0.4,-3.0,0.9,-8.5,5.3,3.5,1.3,54.2,85.7,28.8,16.7,48.0,90.6,29.8,25.0,41,29,28,22,0,120,40,24,28,29,0,121
0022500274,2025-26,2025-11-22,SAC,DEN,133.3,126.8,-6.6,-7.8,-0.9,-1.1,4.1,0.6,2.6,0.2,58.2,92.7,25.0,24.2,56.5,86.6,28.2,20.7,30,31,30,37,0,128,35,30,27,31,0,123
0022500278,2025-26,2025-11-23,LAC,CLE,109.4,123.7,3.7,3.2,-1.8,-2.2,11.4,-0.6,-0.6,-1.3,51.2,83.3,26.7,28.7,61.5,85.6,22.2,14.9,24,28,27,26,0,105,27,32,33,28,0,120
0022500275,2025-26,2025-11-23,MIA,PHI,119.8,110.4,-1.2,-2.0,-6.9,-0.1,-2.6,-0.2,2.1,-1.2,54.6,87.7,36.0,20.4,52.0,85.8,27.3,15.3,37,34,28,28,0,127,27,40,26,24,0,117
0022500279,2025-26,2025-11-23,BKN,TOR,116.0,125.3,-1.3,7.4,-2.4,-4.1,2.4,5.3,-3.7,2.8,54.7,79.8,27.8,36.0,55.4,90.5,16.7,31.0,28,30,24,27,0,109,34,31,22,32,0,119
0022500277,2025-26,2025-11-23,ORL,BOS,133.0,142.3,-1.8,-6.7,-7.7,0.3,22.2,10.3,-1.2,-0.2,55.0,91.8,37.5,19.0,68.8,94.8,21.2,19.3,27,30,32,40,0,129,32,48,30,28,0,138
0022500282,2025-26,2025-11-23,LAL,UTA,105.9,102.9,5.6,-0.3,5.9,-1.4,-6.4,0.4,-1.9,-1.6,50.0,86.3,12.5,25.6,49.5,86.4,20.0,13.8,32,30,22,24,0,108,30,25,26,25,0,106
0022500280,2025-26,2025-11-23,POR,OKC,97.9,125.8,15.2,4.2,-3.7,0.9,11.8,-0.6,3.2,-0.0,43.5,82.5,30.2,16.3,61.8,85.6,29.3,20.0,18,28,22,27,0,95,39,28,29,26,0,122
0022500276,2025-26,2025-11-23,CHA,ATL,115.8,118.9,0.4,3.4,-0.9,-0.2,2.6,5.3,-0.4,-1.7,53.5,83.2,25.0,20.9,55.5,90.5,22.7,13.2,25,30,33,22,0,110,28,25,39,21,0,113
0022500281,2025-26,2025-11-23,SAS,PHX,106.2,113.3,8.5,6.9,-3.8,-4.2,-3.3,9.2,0.0,-2.2,48.1,80.2,30.4,36.4,51.5,93.9,23.4,11.3,30,26,24,22,0,102,25,24,37,25,0,111
0022500285,2025-26,2025-11-24,NYK,BKN,120.2,107.5,-6.2,-6.4,0.5,1.9,-11.5,3.8,2.3,0.8,58.0,91.5,22.5,12.5,46.0,89.2,27.7,23.0,24,27,38,24,0,113,26,22,27,25,0,100
0022500290,2025-26,2025-11-24,HOU,PHX,122.6,96.8,-3.7,3.8,-4.5,0.8,-6.5,-9.6,4.1,-1.0,56.2,82.8,31.6,17.0,49.4,77.9,31.0,16.2,30,29,25,30,0,114,23,27,25,17,0,92
0022500291,2025-26,2025-11-24,UTA,GSW,110.4,126.4,1.1,-0.9,-3.2,2.0,6.5,5.3,5.1,-1.9,53.0,86.8,29.2,12.1,58.2,90.6,32.7,12.5,35,20,29,33,0,117,26,41,39,28,0,134
0022500287,2025-26,2025-11-24,DEN,MEM,128.9,117.3,-13.1,0.6,-5.0,2.0,1.6,3.2,1.2,-1.5,62.6,85.6,32.6,12.1,54.8,88.8,25.6,14.0,27,35,31,32,0,125,23,31,31,30,0,115
0022500283,2025-26,2025-11-24,DET,IND,119.6,115.8,-2.4,3.2,-6.8,-3.7,2.5,1.3,-5.2,3.0,55.4,83.3,35.9,34.5,55.5,87.1,13.9,31.7,35,36,30,21,0,122,32,23,33,29,0,117
0022500284,2025-26,2025-11-24,CLE,TOR,98.0,107.8,6.4,-2.4,7.9,1.3,1.0,-2.0,-0.1,-1.7,49.4,88.1,8.9,14.9,54.4,84.3,23.3,13.3,32,22,22,23,0,99,29,28,31,22,0,110
0022500292,2025-26,2025-11-24,MIN,SAC,101.8,106.4,8.6,0.7,-2.7,0.1,-10.1,3.6,-1.0,1.7,47.9,85.5,28.3,19.6,46.9,89.1,21.6,26.8,27,27,28,19,11,112,23,23,31,24,16,117
0022500289,2025-26,2025-11-24,CHI,NOP,117.1,131.2,-16.1,1.6,7.3,-2.4,5.1,1.3,8.8,0.8,64.6,84.7,10.0,29.3,57.2,87.2,39.6,23.1,30,28,35,37,0,130,37,37,34,35,0,143
0022500286,2025-26,2025-11-24,DAL,MIA,100.0,105.0,12.4,2.0,-2.4,1.4,-9.5,0.1,2.8,-0.5,45.4,84.3,27.8,14.4,47.3,86.1,28.6,18.1,19,25,28,30,0,102,20,32,28,26,0,106
0022500288,2025-26,2025-11-24,POR,MIL,116.2,104.0,-4.7,2.6,-2.5,-3.0,-3.0,1.0,-2.8,-0.9,57.0,83.8,27.9,31.6,51.7,86.9,18.2,16.3,32,33,30,20,0,115,27,26,21,29,0,103
0022500059,2025-26,2025-11-25,LAC,LAL,124.2,139.2,-9.1,3.4,1.2,-1.5,16.6,3.1,6.5,1.4,59.9,83.2,21.2,25.9,64.9,88.7,35.3,25.3,38,28,27,25,0,118,37,32,29,37,0,135
0022500058,2025-26,2025-11-25,ORL,PHI,137.1,96.3,-9.1,-3.0,-5.4,-0.7,-4.7,-6.7,-1.9,1.1,59.9,88.6,33.3,22.8,50.6,80.4,20.0,24.4,35,51,35,23,0,144,35,25,23,20,0,103
0022500057,2025-26,2025-11-25,ATL,WAS,109.7,128.2,0.9,5.3,-4.6,1.9,21.8,1.6,-3.7,0.1,53.2,81.6,31.8,12.6,68.5,87.4,16.7,20.2,23,32,23,35,0,113,45,32,34,21,0,132
0022500061,2025-26,2025-11-26,NYK,CHA,131.6,104.1,-15.5,1.6,-0.1,0.5,-7.3,-4.2,-1.1,0.3,64.2,84.7,23.5,18.2,48.8,82.5,21.4,21.2,37,35,26,31,0,129,31,16,28,26,0,101
0022500068,2025-26,2025-11-26,PHX,SAC,115.5,103.1,-0.1,4.2,-6.2,1.2,-0.4,-6.6,-0.2,-2.7,53.8,82.5,34.7,15.4,53.5,80.4,23.1,9.3,41,26,16,29,0,112,16,29,28,27,0,100
0022500060,2025-26,2025-11-26,DET,BOS,117.5,120.6,12.0,-0.6,-8.9,-2.9,2.1,0.6,1.2,1.1,45.7,86.6,39.6,31.2,55.2,86.6,25.5,24.1,30,28,25,31,0,114,24,33,29,31,0,117
0022500062,2025-26,2025-11-26,MIL,MIA,103.0,103.9,6.4,0.1,0.5,2.7,-3.0,0.3,-1.9,0.3,49.5,86.0,22.4,9.5,51.8,86.3,20.0,21.2,27,20,30,26,0,103,29,24,28,25,0,106
0022500064,2025-26,2025-11-26,MIN,OKC,106.1,113.0,2.8,2.6,-1.5,-1.9,-2.8,5.8,-5.4,4.5,51.9,83.8,26.1,27.5,51.9,91.0,13.5,37.5,17,22,32,34,0,105,24,25,29,35,0,113
0022500065,2025-26,2025-11-26,MEM,NOP,120.9,117.4,-12.7,0.7,-1.9,2.0,7.6,0.2,-1.4,-2.8,62.4,85.5,26.8,12.4,58.9,86.2,20.8,8.9,25,28,39,30,11,133,39,29,32,22,6,128
0022500066,2025-26,2025-11-26,HOU,GSW,114.3,109.9,13.1,-3.5,-10.4,1.2,-5.6,-4.3,4.6,0.5,44.9,89.0,42.4,15.2,50.0,82.4,31.7,22.0,22,25,27,30,0,104,25,34,17,24,0,100
0022500063,2025-26,2025-11-26,IND,TOR,94.1,96.0,2.7,4.6,8.6,0.5,-17.9,1.3,-0.2,1.1,51.9,82.2,7.7,17.9,41.7,87.1,23.1,24.4,25,24,21,25,0,95,21,29,26,21,0,97
0022500067,2025-26,2025-11-26,SAS,POR,112.7,101.0,11.4,-6.1,-6.7,-0.5,-9.0,-4.6,0.6,0.5,46.0,91.2,35.7,21.8,47.7,82.2,24.5,21.8,29,27,35,24,0,115,30,24,32,16,0,102
0022500078,2025-26,2025-11-28,DAL,LAL,124.0,135.8,-3.4,-2.9,-5.4,0.3,25.6,-2.2,-2.2,2.0,56.0,88.5,33.3,18.7,71.1,84.2,19.4,27.6,22,40,32,25,0,119,28,32,38,31,0,129
0022500071,2025-26,2025-11-28,CHI,CHA,109.4,115.0,3.3,-4.2,0.9,0.9,-1.0,1.0,-0.4,0.2,51.5,89.6,21.7,16.5,53.1,86.9,22.7,20.6,29,33,32,22,0,116,32,35,26,30,0,123
0022500074,2025-26,2025-11-28,MIL,NYK,117.2,125.5,-16.3,2.6,5.0,-1.0,-0.3,0.1,4.6,3.4,64.8,83.9,14.3,23.9,53.6,86.2,31.8,33.3,37,25,26,21,0,109,33,28,31,26,0,118
0022500070,2025-26,2025-11-28,PHI,BKN,116.2,105.1,-2.0,-2.2,-0.9,-0.1,-9.1,-5.2,3.9,1.5,55.1,87.9,25.0,20.5,47.6,81.6,30.4,25.9,31,32,24,28,0,115,23,25,27,28,0,103
0022500073,2025-26,2025-11-28,WAS,IND,85.1,119.0,15.3,3.4,1.0,1.2,8.1,-2.4,0.5,-2.4,43.5,83.2,21.6,15.5,59.2,84.0,24.4,10.9,24,28,21,13,0,86,30,34,30,25,0,119
0022500075,2025-26,2025-11-28,PHX,OKC,112.3,116.0,-0.1,5.8,-2.3,-0.4,4.6,5.3,-8.8,2.0,53.8,81.1,27.7,21.7,56.9,90.6,7.3,27.6,25,27,30,37,0,119,25,31,38,29,0,123
0022500076,2025-26,2025-11-28,SAS,DEN,136.3,136.0,-6.2,-6.0,-2.8,-3.1,11.5,-3.6,7.9,1.6,58.0,91.2,28.6,31.9,61.5,83.0,37.8,26.4,41,18,44,36,0,139,33,41,30,32,0,136
0022500069,2025-26,2025-11-28,CLE,ATL,115.0,121.5,-2.2,2.3,-3.9,0.3,11.5,1.0,-4.6,-0.1,55.3,84.1,30.4,18.9,61.5,86.9,15.0,19.8,23,39,28,33,0,123,33,27,37,33,0,130
0022500072,2025-26,2025-11-28,ORL,DET,106.7,104.8,14.7,-0.7,-2.8,-2.0,-4.7,-10.7,4.6,2.2,43.8,86.7,28.6,27.8,50.6,76.9,31.8,28.6,31,28,30,23,0,112,33,25,26,25,0,109
0022500079,2025-26,2025-11-28,MEM,LAC,113.1,109.2,-0.3,1.4,-5.0,0.2,-6.4,0.8,-3.3,0.3,54.0,84.8,32.6,19.3,49.4,86.7,17.4,21.3,24,26,28,34,0,112,35,28,18,26,0,107
0022500077,2025-26,2025-11-28,SAC,UTA,115.5,124.3,5.6,-6.1,-0.9,-1.0,2.9,1.6,3.0,4.0,50.0,91.3,25.0,24.0,55.7,87.4,28.9,35.6,27,24,22,46,0,119,30,32,28,38,0,128
0022500295,2025-26,2025-11-29,CHI,IND,101.0,105.1,1.3,-1.1,3.1,2.5,-0.6,0.8,-4.1,-2.8,52.9,87.0,17.8,10.3,53.4,86.7,15.9,9.0,27,27,26,21,0,101,26,35,25,17,0,103
0022500298,2025-26,2025-11-29,NOP,GSW,102.1,109.5,18.5,-0.1,-5.1,-2.3,-9.5,4.0,3.2,-0.7,41.3,86.2,32.7,29.1,47.3,89.5,29.2,17.2,18,20,34,24,0,96,17,25,31,31,0,104
0022500294,2025-26,2025-11-29,TOR,CHA,109.9,118.0,7.1,2.2,-8.4,1.5,-6.4,5.8,1.2,2.0,49.0,84.2,38.6,14.1,49.5,91.0,25.5,28.0,34,24,29,17,7,111,21,31,28,24,14,118
0022500293,2025-26,2025-11-29,BOS,MIN,119.8,124.0,-2.1,-2.9,-3.9,2.7,12.2,-2.0,-4.8,-0.2,55.2,88.5,30.4,9.4,62.0,84.4,14.7,19.3,36,33,23,23,0,115,32,27,35,25,0,119
0022500297,2025-26,2025-11-29,BKN,MIL,106.5,123.4,-5.0,8.9,3.9,1.5,12.0,-1.1,5.0,-1.5,57.1,78.5,16.2,14.3,61.9,85.1,32.4,14.3,29,24,17,29,0,99,32,39,28,17,0,116
0022500300,2025-26,2025-11-29,DAL,LAC,109.6,104.8,4.8,-6.2,8.0,-1.4,-4.6,-3.8,-5.6,4.1,50.6,91.3,8.9,25.6,50.6,82.9,13.2,36.2,25,24,34,31,0,114,28,28,27,27,0,110
0022500296,2025-26,2025-11-29,DET,MIA,124.3,121.6,-16.7,5.8,-3.0,0.4,6.2,-2.7,1.2,4.4,65.1,81.1,28.9,18.3,58.0,83.8,25.6,37.5,36,35,37,30,0,138,23,36,32,44,0,135
0022500299,2025-26,2025-11-29,DEN,PHX,139.8,120.4,-27.5,5.1,-4.9,-1.6,-2.2,7.6,1.9,0.7,72.4,81.7,32.3,26.3,52.3,92.5,26.8,22.7,30,33,33,34,0,130,25,35,25,27,0,112
0022500302,2025-26,2025-11-30,BOS,CLE,121.9,118.6,-6.3,6.9,-6.7,-2.2,3.9,-0.6,5.8,-2.7,58.0,80.2,35.7,28.4,56.4,85.6,34.0,9.6,28,30,32,27,0,117,26,25,28,36,0,115
0022500303,2025-26,2025-11-30,TOR,NYK,96.9,118.4,8.1,5.4,-2.5,2.5,0.6,-5.2,14.0,-1.9,48.3,81.4,28.0,10.2,54.2,81.6,49.0,12.5,22,30,25,17,0,94,41,18,34,23,0,116
0022500301,2025-26,2025-11-30,HOU,UTA,126.5,99.0,-8.0,2.0,-8.2,-2.5,-6.4,-3.2,-1.6,-1.1,59.2,84.3,38.5,29.9,49.4,83.3,20.5,15.9,30,37,31,31,0,129,21,27,20,33,0,101
0022500307,2025-26,2025-11-30,MEM,SAC,112.7,104.9,-5.6,10.2,-6.4,0.4,-5.6,7.2,-1.6,-1.6,57.6,77.5,35.1,18.6,50.0,92.2,20.4,13.8,31,31,21,32,0,115,35,24,28,20,0,107
0022500304,2025-26,2025-11-30,ATL,PHI,110.9,104.7,0.6,4.7,-2.8,-2.5,-7.7,-0.1,-1.9,2.7,53.4,82.0,28.6,29.8,48.6,85.9,20.0,30.5,25,32,26,32,27,142,29,29,31,26,19,134
0022500306,2025-26,2025-11-30,SAS,MIN,117.9,133.0,-5.0,-4.0,1.2,0.3,18.2,0.1,2.4,-2.2,57.1,89.5,21.2,19.0,66.1,86.2,27.8,11.5,37,25,31,19,0,112,32,29,28,36,0,125
0022500305,2025-26,2025-11-30,OKC,POR,113.9,106.5,-1.0,-3.4,2.9,-2.0,-8.1,1.2,0.4,3.2,54.4,88.9,18.2,27.8,48.3,87.0,24.1,32.6,24,30,31,38,0,123,19,36,32,28,0,115
0022500308,2025-26,2025-11-30,NOP,LAL,122.2,134.3,-5.8,-6.9,2.6,0.6,4.6,5.7,1.2,4.9,57.7,91.9,18.6,17.6,56.9,90.9,25.6,39.1,27,30,35,29,0,121,46,31,31,25,0,133
0022500316,2025-26,2025-12-01,HOU,UTA,116.8,123.1,6.4,-2.1,-4.0,-4.0,5.9,2.3,4.6,3.2,49.5,87.9,30.8,35.5,57.8,88.0,31.8,32.2,32,25,32,36,0,125,31,37,30,35,0,133
0022500310,2025-26,2025-12-01,CLE,IND,136.4,120.2,-6.5,-5.7,-12.5,-0.4,0.5,-0.2,5.0,3.0,58.2,90.9,46.3,21.4,54.1,85.9,32.6,31.8,37,29,33,36,0,135,25,29,36,29,0,119
0022500309,2025-26,2025-12-01,ATL,DET,97.0,98.0,4.8,1.1,5.0,2.9,-9.9,-10.4,9.1,0.2,50.6,85.1,14.3,9.0,47.1,77.2,40.0,20.9,27,22,19,30,0,98,25,25,24,25,0,99
0022500313,2025-26,2025-12-01,LAC,MIA,116.0,132.1,6.4,-2.0,-0.9,-2.4,16.6,3.1,0.9,-2.6,49.5,87.7,25.0,29.2,65.0,88.7,25.0,10.0,24,32,26,41,0,123,35,41,38,26,0,140
0022500312,2025-26,2025-12-01,CHA,BKN,103.0,117.2,3.0,4.8,2.5,0.6,-0.2,3.3,2.0,-1.7,51.8,82.0,18.9,17.6,53.6,88.9,27.1,13.5,27,32,23,21,0,103,26,33,29,28,0,116
0022500317,2025-26,2025-12-01,PHX,LAL,122.5,106.9,-17.8,-3.7,7.0,4.1,8.3,-9.2,-4.8,-1.0,65.8,89.2,10.5,4.3,59.4,78.2,14.7,16.2,31,35,30,29,0,125,31,21,25,31,0,108
0022500311,2025-26,2025-12-01,MIL,WAS,124.8,126.5,-20.0,3.4,1.5,1.2,6.8,4.9,5.4,-2.6,67.3,83.2,20.6,15.5,58.3,90.2,33.3,9.8,34,32,28,32,0,126,28,30,33,38,0,129
0022500315,2025-26,2025-12-01,DAL,DEN,128.4,119.8,-15.5,-7.2,3.7,2.7,-0.3,7.1,0.9,-1.3,64.2,92.2,16.7,9.5,53.5,92.1,25.0,15.2,27,42,33,29,0,131,41,27,36,17,0,121
0022500314,2025-26,2025-12-01,CHI,ORL,112.1,116.8,-7.9,6.7,0.4,0.5,3.7,-3.4,1.8,2.5,59.1,80.4,22.7,18.2,56.2,83.2,26.7,29.5,26,27,32,35,0,120,29,24,32,40,0,125
0022500323,2025-26,2025-12-02,OKC,GSW,121.6,109.8,-20.6,0.9,6.6,-0.4,1.4,-2.0,0.6,-3.0,67.7,85.3,11.4,21.5,54.7,84.3,24.5,8.4,32,31,28,33,0,124,26,18,44,24,0,112
0022500321,2025-26,2025-12-02,MIN,NOP,133.0,127.9,-8.6,-7.0,0.9,-1.0,11.5,2.6,-3.9,3.3,59.6,92.0,21.7,24.0,61.5,88.3,16.2,33.0,31,27,42,29,20,149,25,43,35,26,13,142
0022500322,2025-26,2025-12-02,MEM,SAS,119.0,127.3,-1.8,1.2,-0.2,-0.6,2.5,8.1,-1.2,1.6,55.0,85.0,23.7,22.2,55.4,92.9,21.2,26.1,32,27,39,21,0,119,36,27,34,29,0,126
0022500319,2025-26,2025-12-02,POR,TOR,113.5,118.6,-6.9,0.6,1.1,-1.4,8.4,-4.4,0.9,-1.1,58.4,85.6,21.4,25.3,59.4,82.4,25.0,15.6,39,20,23,36,0,118,37,28,32,24,0,121
0022500318,2025-26,2025-12-02,WAS,PHI,98.1,118.6,13.1,0.6,-3.4,-1.6,-0.5,3.7,1.4,-2.1,44.9,85.6,29.6,26.1,53.4,89.2,26.0,11.8,31,23,23,25,0,102,34,32,35,20,0,121
0022500320,2025-26,2025-12-02,NYK,BOS,130.0,138.2,-11.8,-0.7,-2.0,1.5,14.8,3.2,4.9,-1.6,61.8,86.7,27.0,14.1,63.8,88.8,32.4,13.8,32,20,24,41,0,117,21,37,36,29,0,123
0022500328,2025-26,2025-12-03,CHA,NYK,111.8,126.6,9.7,0.0,-2.5,-0.3,1.1,5.2,3.0,1.6,47.2,86.0,27.9,21.1,54.5,90.4,28.9,26.1,12,35,28,29,0,104,27,26,37,29,0,119
0022500329,2025-26,2025-12-03,BKN,CHI,111.9,102.0,-10.5,8.1,2.7,-0.8,-11.3,-2.2,0.3,0.6,60.9,79.2,18.4,23.1,46.1,84.2,23.9,22.2,29,25,29,30,0,113,24,20,31,28,0,103
0022500325,2025-26,2025-12-03,DEN,IND,135.0,120.0,-22.9,-3.5,5.0,-1.0,9.0,2.3,-2.1,2.1,69.3,89.0,14.3,24.1,59.9,88.0,19.5,28.4,33,39,30,33,0,135,28,20,31,41,0,120
0022500326,2025-26,2025-12-03,SAS,ORL,108.6,104.7,0.7,4.9,-1.1,0.3,-5.6,5.4,-1.6,-1.8,53.3,81.9,25.5,18.7,50.0,90.7,20.4,13.1,31,27,28,28,0,114,29,20,30,33,0,112
0022500331,2025-26,2025-12-03,DET,MIL,112.4,115.3,9.5,1.8,-3.0,0.0,4.3,-2.8,-1.6,1.1,47.4,84.5,28.9,20.0,56.7,83.7,20.5,24.4,30,22,33,24,0,109,21,28,29,35,0,113
0022500324,2025-26,2025-12-03,POR,CLE,120.8,106.8,3.0,-1.3,-1.2,-5.1,-9.5,8.4,-2.3,0.6,51.8,87.1,25.5,40.0,47.3,93.2,19.2,22.3,36,32,31,23,0,122,33,25,27,25,0,110
0022500330,2025-26,2025-12-03,SAC,HOU,95.0,121.0,10.9,-1.1,1.3,3.8,2.5,-4.8,12.3,0.5,46.4,87.0,21.1,5.2,55.5,82.0,45.9,22.0,26,26,19,24,0,95,28,23,36,34,0,121
0022500332,2025-26,2025-12-03,MIA,DAL,106.9,119.2,12.9,-3.6,-1.4,0.8,8.2,-1.4,2.0,-2.3,45.0,89.1,25.9,16.8,59.3,84.8,27.0,11.0,33,21,26,28,0,108,28,36,29,25,0,118
0022500327,2025-26,2025-12-03,LAC,ATL,118.6,95.8,-1.9,-1.9,-3.4,0.2,-9.1,-3.2,-4.8,-1.8,55.1,87.6,29.5,19.1,47.6,83.3,14.6,12.9,27,28,39,21,0,115,21,20,32,19,0,92
0022500336,2025-26,2025-12-04,LAL,TOR,132.3,127.7,-5.4,-2.5,-5.9,-1.3,6.1,-2.4,7.4,-0.2,57.4,88.2,34.1,25.0,57.9,84.0,36.8,19.1,31,36,33,23,0,123,26,32,40,22,0,120
0022500334,2025-26,2025-12-04,BOS,WAS,150.5,102.0,-16.1,-4.3,-7.7,0.5,-9.1,-5.0,2.5,1.3,64.6,89.7,37.5,18.2,47.6,81.8,27.9,25.0,32,34,43,37,0,146,26,33,27,15,0,101
0022500335,2025-26,2025-12-04,UTA,BKN,124.2,110.0,-7.8,-1.0,0.2,-2.6,-6.5,-4.8,4.6,3.9,59.0,86.9,23.1,30.1,49.4,82.0,31.8,35.4,20,29,32,42,0,123,29,29,32,20,0,110
0022500333,2025-26,2025-12-04,GSW,PHI,100.0,102.1,8.1,-0.8,0.0,1.7,-3.0,-6.6,1.2,-1.8,48.3,86.7,23.4,13.5,51.8,80.4,25.6,12.9,10,24,32,32,0,98,30,26,24,19,0,99
0022500337,2025-26,2025-12-04,MIN,NOP,111.6,105.5,-0.0,4.6,-1.2,-2.1,-7.2,3.6,-3.1,1.1,53.8,82.1,25.5,28.3,48.9,89.1,17.8,24.2,35,27,26,37,0,125,30,32,28,26,0,116
0022500349,2025-26,2025-12-05,DAL,OKC,113.3,133.3,-4.7,-2.0,1.9,1.2,13.8,9.3,-1.2,2.8,57.0,87.8,20.0,15.1,63.1,93.9,21.2,31.0,27,21,26,37,0,111,27,36,41,28,0,132
0022500342,2025-26,2025-12-05,POR,DET,117.2,122.0,6.4,7.4,-10.7,-4.5,-2.0,-0.1,3.7,6.1,49.4,79.8,42.9,37.6,52.4,86.0,30.2,43.9,28,30,27,31,0,116,30,35,19,38,0,122
0022500345,2025-26,2025-12-05,IND,CHI,121.2,104.0,-15.5,0.2,4.8,1.5,-1.7,-5.7,2.2,2.8,64.3,85.9,14.6,14.3,52.6,81.2,27.5,31.2,30,32,30,28,0,120,33,24,26,22,0,105
0022500343,2025-26,2025-12-05,UTA,NYK,108.7,141.7,7.3,-2.7,0.9,-2.8,20.4,1.6,2.0,1.3,48.9,88.3,21.7,31.0,67.6,87.4,27.0,25.3,13,34,30,35,0,112,41,27,47,31,0,146
0022500344,2025-26,2025-12-05,CHA,TOR,107.8,83.5,-7.4,11.0,3.4,-3.2,-17.6,-6.4,-0.4,-2.6,58.8,76.7,17.1,32.4,41.8,80.6,22.6,9.8,18,35,25,33,0,111,24,18,28,16,0,86
0022500347,2025-26,2025-12-05,LAC,MEM,100.0,109.2,1.9,4.0,6.5,0.6,9.6,-2.8,-6.7,-0.9,52.5,82.7,11.6,17.5,60.3,83.7,11.1,16.7,33,25,23,17,0,98,30,24,30,23,0,107
0022500341,2025-26,2025-12-05,SAS,CLE,113.6,126.2,0.8,-0.4,0.8,0.2,13.3,-0.7,0.9,1.4,53.2,86.4,22.0,19.4,62.8,85.4,25.0,25.6,35,37,19,26,0,117,30,34,44,22,0,130
0022500338,2025-26,2025-12-05,LAL,BOS,108.2,132.6,2.7,0.6,-0.9,-3.2,22.6,-3.4,0.5,-2.1,51.9,85.6,25.0,32.5,69.0,83.2,24.2,11.9,17,29,36,23,0,105,39,30,28,29,0,126
0022500340,2025-26,2025-12-05,DEN,ATL,125.2,126.7,-11.9,-3.2,1.4,-1.8,12.3,0.7,0.9,-1.1,61.8,88.8,20.9,27.0,62.1,86.7,25.0,15.8,23,31,40,40,0,134,41,32,30,30,0,133
0022500339,2025-26,2025-12-05,MIA,ORL,102.9,105.0,-0.9,0.9,7.2,-0.6,-8.8,4.8,-4.7,-0.1,54.4,85.3,10.3,22.5,47.8,90.1,14.9,19.6,28,32,19,26,0,105,30,27,30,19,0,106
0022500348,2025-26,2025-12-05,PHI,MIL,116.0,102.0,-2.2,1.2,-1.9,-1.1,-0.7,-5.0,-2.7,1.6,55.2,85.0,26.8,24.4,53.3,81.8,18.4,26.3,33,36,24,23,0,116,20,29,28,24,0,101
0022500346,2025-26,2025-12-05,PHX,HOU,100.0,118.2,18.1,-0.8,-3.9,1.3,17.8,-10.9,0.3,0.6,41.5,86.7,30.6,15.0,65.8,76.8,24.0,22.4,31,27,14,26,0,98,24,44,29,20,0,117
0022500354,2025-26,2025-12-06,SAC,MIA,125.7,111.0,-9.5,-3.6,1.3,1.0,-0.4,1.1,-0.3,0.9,60.2,89.1,21.1,16.1,53.5,87.0,22.9,23.5,34,38,29,26,0,127,31,24,23,33,0,111
0022500351,2025-26,2025-12-06,ATL,WAS,128.4,114.9,-8.8,0.9,-9.4,1.5,12.0,-6.9,-6.4,0.3,59.7,85.3,40.5,14.3,61.9,80.2,11.8,21.2,35,35,27,34,0,131,28,27,38,23,0,116
0022500353,2025-26,2025-12-06,MIL,DET,116.7,127.8,0.3,-1.7,0.3,-1.6,7.3,-3.0,8.6,1.7,53.6,87.5,22.9,26.2,58.7,83.5,39.0,26.7,22,34,25,31,0,112,29,32,30,33,0,124
0022500355,2025-26,2025-12-06,LAC,MIN,115.2,121.1,2.1,-2.4,-1.2,0.0,6.4,-1.9,-2.2,6.2,52.4,88.0,25.6,20.0,58.1,84.4,19.4,44.1,34,22,22,28,0,106,22,20,30,37,0,109
0022500352,2025-26,2025-12-06,GSW,CLE,104.2,98.9,11.6,0.9,3.1,-0.8,-21.5,1.6,8.4,-2.7,45.9,85.3,17.8,23.3,39.3,87.4,38.7,9.3,12,33,27,27,0,99,18,18,26,32,0,94
0022500350,2025-26,2025-12-06,NOP,BKN,103.1,122.7,4.7,4.0,-1.2,-0.5,10.2,-7.9,5.9,-2.0,50.6,82.7,25.6,22.0,60.7,79.4,34.2,12.4,24,20,31,26,0,101,35,27,34,23,0,119
0022500356,2025-26,2025-12-06,HOU,DAL,114.7,129.8,-3.8,8.4,-9.1,1.9,15.2,0.1,0.9,0.2,56.3,78.9,40.0,12.6,64.0,86.2,25.0,20.7,26,31,20,32,0,109,29,28,37,28,0,122
0022500361,2025-26,2025-12-07,GSW,CHI,130.9,95.8,-12.9,4.9,-8.8,1.3,-17.2,-2.2,3.3,-0.5,62.5,81.9,39.5,14.8,42.1,84.2,29.4,18.0,38,22,27,36,0,123,25,21,30,15,0,91
0022500363,2025-26,2025-12-07,OKC,UTA,131.0,100.0,-23.8,0.1,1.6,2.8,0.5,-3.4,-5.0,-2.4,69.9,86.0,20.5,9.1,54.1,83.2,14.3,10.6,45,29,32,25,0,131,20,28,23,30,0,101
0022500360,2025-26,2025-12-07,POR,MEM,91.4,114.4,7.4,12.7,0.7,0.5,-4.8,-9.6,6.2,3.2,48.8,75.2,22.2,18.1,50.6,77.9,34.8,32.6,20,26,32,18,0,96,40,26,26,27,0,119
0022500362,2025-26,2025-12-07,LAL,PHI,113.1,109.1,-3.1,-4.5,3.1,0.0,-17.9,9.3,2.4,0.6,55.9,89.9,17.8,20.0,41.7,93.9,27.9,22.5,30,23,34,25,0,112,30,30,24,24,0,108
0022500358,2025-26,2025-12-07,BOS,TOR,126.0,117.7,-7.3,-2.9,-4.2,1.5,0.3,0.5,3.0,0.1,58.7,88.5,31.1,14.1,54.0,86.5,28.9,20.5,34,43,20,24,0,121,26,33,32,22,0,113
0022500357,2025-26,2025-12-07,ORL,NYK,104.2,110.4,13.5,-1.7,-4.4,0.8,-7.2,2.9,5.0,-0.3,44.7,87.5,31.5,17.0,48.9,88.5,32.6,18.7,31,24,18,27,0,100,35,19,28,24,0,106
0022500359,2025-26,2025-12-07,DEN,CHA,118.6,109.3,-8.7,-4.3,6.3,0.2,-1.2,-0.6,0.9,-0.3,59.6,89.7,11.9,19.3,52.9,85.6,25.0,18.8,34,23,30,28,0,115,34,24,23,25,0,106
0022500366,2025-26,2025-12-08,SAS,NOP,128.6,124.5,-7.2,0.4,-3.2,-0.1,12.1,6.5,-6.6,1.6,58.7,85.7,29.3,20.4,61.9,91.5,11.4,26.1,35,42,23,35,0,135,25,32,45,30,0,132
0022500365,2025-26,2025-12-08,PHX,MIN,116.1,111.7,2.3,-5.1,-3.5,1.1,-0.2,-2.4,4.1,-0.2,52.2,90.3,29.8,15.6,53.6,84.0,31.0,19.3,29,32,23,24,0,108,23,34,27,21,0,105
0022500364,2025-26,2025-12-08,SAC,IND,104.0,116.0,4.8,5.7,-5.0,0.5,-3.0,-0.1,-0.9,2.5,50.6,81.2,32.6,18.2,51.7,86.0,21.7,29.9,23,28,37,17,0,105,35,31,26,24,0,116
0022501202,2025-26,2025-12-09,NYK,TOR,124.5,107.4,-12.9,1.1,-6.9,-0.3,-6.4,-1.1,1.5,-1.7,62.5,85.1,35.9,21.2,49.4,85.1,26.1,13.3,35,34,25,23,0,117,39,13,27,22,0,101
0022501201,2025-26,2025-12-09,MIA,ORL,104.9,114.7,6.4,-7.3,4.7,0.7,8.0,-3.2,-3.0,-1.0,49.5,92.2,14.9,17.2,59.2,83.3,17.9,16.1,30,27,26,25,0,108,17,39,33,28,0,117
0022501203,2025-26,2025-12-10,PHX,OKC,85.6,131.4,12.6,7.4,4.1,1.2,26.3,-0.4,-3.7,-1.6,45.2,79.8,15.9,15.5,71.6,85.7,16.7,13.6,23,25,24,17,0,89,38,36,36,28,0,138
0022501204,2025-26,2025-12-10,SAS,LAL,126.9,113.3,-9.0,-2.9,2.1,-3.5,7.2,4.1,-5.9,-0.1,59.9,88.5,19.6,33.7,58.6,89.5,12.8,19.5,39,31,34,28,0,132,30,28,29,32,0,119
0022501206,2025-26,2025-12-11,BOS,MIL,105.2,120.8,10.6,0.7,-2.0,-0.4,18.7,-3.2,-4.0,-1.6,46.6,85.4,27.1,21.6,66.5,83.3,16.1,13.9,35,32,13,21,0,101,29,31,27,29,0,116
0022501205,2025-26,2025-12-11,LAC,HOU,118.9,119.8,-7.7,2.2,1.0,-1.8,-1.6,-6.9,15.9,-0.4,59.0,84.2,21.6,26.9,52.7,80.2,52.4,18.3,29,25,28,31,0,113,29,22,29,35,0,115
0022501207,2025-26,2025-12-11,POR,NOP,112.1,131.2,4.1,0.1,-1.1,1.1,5.0,5.6,9.3,-1.7,51.0,86.0,25.5,15.7,57.1,90.8,40.4,13.4,30,38,29,23,0,120,39,31,35,38,0,143
0022501208,2025-26,2025-12-11,DEN,SAC,133.3,101.9,-17.9,-2.6,-1.6,-0.7,-3.9,-1.9,-0.9,-0.4,65.9,88.2,26.3,22.7,51.1,84.5,21.7,18.4,41,36,32,27,0,136,26,28,27,24,0,105
0022501214,2025-26,2025-12-12,BKN,DAL,108.8,114.4,-2.1,3.2,0.5,0.4,0.7,0.6,-1.4,-0.5,55.2,83.3,22.5,18.6,54.3,86.5,20.9,18.1,33,28,31,19,0,111,32,33,25,29,0,119
0022501213,2025-26,2025-12-12,UTA,MEM,122.6,117.8,-0.8,-2.0,-1.4,0.9,3.4,5.4,-3.5,-1.3,54.3,87.7,25.9,16.3,56.1,90.7,17.0,15.2,36,25,42,27,0,130,31,33,33,29,0,126
0022501209,2025-26,2025-12-12,CHI,CHA,126.5,124.8,-10.1,-2.6,-4.4,1.0,10.4,5.9,-2.1,-3.0,60.6,88.2,31.4,16.0,60.8,91.1,19.5,8.2,33,22,34,40,0,129,29,32,31,34,0,126
0022501212,2025-26,2025-12-12,CLE,WAS,125.0,120.0,5.6,-8.5,-3.0,-3.6,6.4,-1.5,1.8,2.6,50.0,93.3,28.8,34.0,58.1,84.8,26.7,30.2,35,27,23,45,0,130,24,36,40,26,0,126
0022501215,2025-26,2025-12-12,MIN,GSW,122.1,117.6,-9.4,-4.0,-1.9,-0.6,-0.2,1.4,1.8,-0.6,60.1,89.4,26.8,22.5,53.6,87.3,26.7,17.7,28,33,27,39,0,127,27,36,28,29,0,120
0022501211,2025-26,2025-12-12,IND,PHI,106.1,117.3,11.0,-8.1,-0.1,0.9,-2.8,0.8,0.6,5.6,46.4,92.9,23.5,16.7,51.9,86.7,24.4,41.8,31,27,32,15,0,105,34,29,27,25,0,115
0022501210,2025-26,2025-12-12,ATL,DET,106.5,134.0,2.1,5.4,-3.7,-2.7,16.4,0.9,3.3,1.6,52.4,81.5,30.2,30.6,64.8,86.8,29.4,26.4,33,27,19,36,0,115,34,35,35,38,0,142
0022501229,2025-26,2025-12-13,NYK,ORL,125.7,115.4,-16.4,-3.0,1.0,-1.9,-1.0,0.6,1.8,-0.6,64.9,88.6,21.6,27.4,53.1,86.5,26.7,17.5,33,38,29,32,0,132,36,28,28,28,0,120
0022501230,2025-26,2025-12-13,SAS,OKC,104.7,101.9,8.1,4.7,-3.0,-1.7,-11.2,-0.1,2.2,1.6,48.3,82.1,28.8,26.7,46.2,86.0,27.5,26.1,20,26,32,33,0,111,31,18,28,32,0,109
0022501223,2025-26,2025-12-14,NOP,CHI,112.9,103.0,4.8,1.1,-4.6,-0.4,-8.0,1.3,0.9,-1.0,50.5,85.1,31.8,21.5,48.4,87.1,25.0,16.3,21,31,24,38,0,114,26,21,28,29,0,104
0022501220,2025-26,2025-12-14,SAC,MIN,103.0,117.0,2.9,1.2,6.9,-0.9,-2.5,2.3,4.7,0.0,51.9,85.0,10.8,23.5,52.1,88.0,31.9,20.2,27,25,32,19,0,103,20,31,37,29,0,117
0022501219,2025-26,2025-12-14,MIL,BKN,82.0,128.3,14.0,7.1,4.1,1.2,15.3,-0.2,-3.7,0.3,44.3,80.0,15.9,15.2,64.1,85.9,16.7,21.2,25,23,23,11,0,82,37,28,34,28,0,127
0022501218,2025-26,2025-12-14,CHA,CLE,111.2,104.7,1.8,3.4,-1.8,1.0,-11.1,0.9,0.4,1.1,52.6,83.2,26.7,16.3,46.3,86.8,24.1,24.2,33,24,31,23,8,119,29,18,32,32,0,111
0022501221,2025-26,2025-12-14,GSW,POR,126.0,128.3,-15.7,4.0,2.1,-0.5,11.9,-3.6,1.6,2.4,64.4,82.7,19.5,21.8,61.8,83.0,26.3,29.2,31,31,37,32,0,131,34,27,35,40,0,136
0022501216,2025-26,2025-12-14,WAS,IND,118.7,98.9,3.1,-2.2,-7.0,0.5,-16.2,6.0,-0.8,0.1,51.7,87.9,36.2,18.0,42.9,91.1,22.0,20.2,31,27,23,27,0,108,32,15,19,23,0,89
0022501217,2025-26,2025-12-14,PHI,ATL,112.5,116.5,11.5,-2.9,-6.3,-1.0,-2.6,-3.0,6.5,-0.7,46.0,88.5,35.0,23.8,52.0,83.5,35.3,17.2,29,26,36,26,0,117,39,20,35,26,0,120
0022501228,2025-26,2025-12-14,LAL,PHX,117.2,112.9,9.8,9.8,-13.0,-4.5,4.3,-6.9,0.9,1.4,47.2,77.8,47.1,37.5,56.7,80.2,25.0,25.6,31,31,24,30,0,116,36,26,15,37,0,114
0022501225,2025-26,2025-12-15,HOU,DEN,121.4,124.3,-4.7,1.9,-2.5,-0.1,8.3,3.9,-3.5,3.0,57.0,84.5,27.9,20.4,59.4,89.3,17.1,31.8,30,21,35,31,8,125,24,34,31,28,11,128
0022501226,2025-26,2025-12-15,MEM,LAC,131.5,113.2,-11.6,-2.4,-1.3,0.7,0.9,-8.1,7.0,-0.0,61.6,88.0,25.7,17.4,54.4,79.1,36.1,20.0,25,31,34,31,0,121,27,21,28,27,0,103
0022501222,2025-26,2025-12-15,DET,BOS,117.9,112.9,0.6,-2.8,-2.8,0.2,-2.0,-0.0,-1.6,0.8,53.4,88.4,28.6,19.1,52.4,86.0,20.6,23.2,25,28,32,27,0,112,33,24,24,24,0,105
0022501227,2025-26,2025-12-15,TOR,MIA,107.1,96.0,-4.5,8.5,-0.6,3.4,-9.2,-5.9,0.6,0.1,56.8,78.8,24.4,6.8,47.6,81.0,24.4,20.5,23,23,28,32,0,106,22,30,25,19,0,96
0022501224,2025-26,2025-12-15,DAL,UTA,115.7,121.7,0.3,-1.1,-1.6,-2.2,6.6,3.1,-3.7,2.0,53.6,87.0,26.4,28.6,58.2,88.7,16.7,27.8,43,32,24,30,4,133,37,34,21,37,11,140
0062500001,2025-26,2025-12-16,NYK,SAS,129.2,116.5,-0.0,-3.0,-14.0,2.5,-7.8,6.7,5.4,-0.7,53.8,88.5,48.9,10.5,48.5,91.8,33.3,17.2,28,31,30,35,0,124,30,31,33,19,0,113
0022500368,2025-26,2025-12-17,MEM,MIN,108.4,102.8,6.4,3.4,-3.3,-0.5,-10.9,-3.4,3.1,-0.2,49.5,83.2,29.4,21.9,46.4,83.2,29.1,19.4,29,32,27,28,0,116,27,35,21,27,0,110
0022500367,2025-26,2025-12-17,CLE,CHI,103.7,118.7,-2.1,5.6,3.1,0.7,15.2,-1.2,-4.2,-1.4,55.2,81.3,17.8,17.2,64.0,85.0,15.8,14.6,34,24,30,23,0,111,33,29,33,32,0,127
0022500377,2025-26,2025-12-18,ORL,DEN,112.7,124.8,0.7,-4.9,-1.2,0.1,16.2,-1.1,-5.4,-1.6,53.3,90.2,25.5,19.8,64.8,85.1,13.5,13.6,32,22,31,30,0,115,25,43,31,27,0,126
0022500378,2025-26,2025-12-18,GSW,PHX,97.0,99.0,11.4,6.9,-3.0,0.5,-10.6,-1.2,0.1,-0.2,46.1,80.2,28.8,18.0,46.6,85.0,23.5,19.3,29,24,18,27,0,98,26,20,24,29,0,99
0022500371,2025-26,2025-12-18,ATL,CHA,121.2,127.9,-6.5,0.5,0.2,-0.2,19.6,-1.7,-1.2,-2.0,58.2,85.6,23.1,20.7,67.0,84.6,21.2,12.1,32,37,26,31,0,126,37,43,27,26,0,133
0022500379,2025-26,2025-12-18,LAL,UTA,138.8,131.1,-8.7,-8.4,-3.7,-3.7,13.1,1.6,-1.6,4.4,59.7,93.2,30.2,34.4,62.7,87.4,20.5,37.3,32,41,29,41,0,143,41,37,28,29,0,135
0022500373,2025-26,2025-12-18,MIA,BKN,106.0,96.0,3.9,0.1,1.4,0.8,-13.9,1.0,1.6,-3.0,51.1,86.0,20.9,16.9,44.4,86.9,26.3,8.2,30,24,23,29,0,106,27,22,24,22,0,95
0022500376,2025-26,2025-12-18,DET,DAL,103.6,103.6,18.9,-3.6,-8.7,2.2,-8.9,-1.4,-0.0,3.8,41.0,89.1,39.4,11.5,47.8,84.8,23.4,34.8,30,27,22,31,4,114,35,31,25,19,6,116
0022500375,2025-26,2025-12-18,HOU,NOP,118.5,123.1,3.5,5.4,-13.0,0.8,3.6,3.4,2.6,1.2,51.4,81.5,47.2,16.8,56.2,88.9,28.3,24.7,33,34,32,20,9,128,24,21,38,36,14,133
0022500369,2025-26,2025-12-18,LAC,OKC,94.4,114.0,-2.2,15.5,-0.1,-0.6,0.3,6.5,-2.8,-1.8,55.3,72.9,23.7,22.4,54.0,91.6,18.4,12.9,33,22,28,18,0,101,27,37,39,19,0,122
0022500372,2025-26,2025-12-18,NYK,IND,114.0,113.0,-3.2,2.4,-2.5,2.1,-2.4,-0.1,5.4,-0.7,56.0,84.0,28.0,12.0,52.2,86.0,33.3,17.2,25,34,27,28,0,114,36,26,30,21,0,113
0022500370,2025-26,2025-12-18,WAS,SAS,94.0,120.2,12.7,0.1,-0.9,2.7,5.1,-0.2,3.5,-0.6,45.2,86.0,25.0,9.6,57.2,85.9,29.8,17.8,27,26,22,19,0,94,34,23,34,28,0,119
0022500374,2025-26,2025-12-18,TOR,MIL,114.4,108.2,-5.8,4.2,-3.2,0.9,0.6,-3.0,-1.1,-0.9,57.7,82.5,29.3,16.7,54.2,83.5,21.4,16.7,31,26,26,28,0,111,25,28,23,29,0,105
0022500380,2025-26,2025-12-18,SAC,POR,116.7,116.5,-0.7,2.2,-3.0,-3.3,1.6,-5.1,6.6,0.1,54.3,84.2,28.9,33.0,54.9,81.7,35.4,20.4,40,20,23,32,18,133,36,27,19,33,19,134
0022500385,2025-26,2025-12-19,OKC,MIN,103.9,108.7,16.1,-2.7,-0.9,-2.7,-13.2,1.6,4.5,4.5,42.9,88.3,25.0,30.4,44.9,87.4,31.6,37.5,33,18,34,22,0,107,23,25,35,29,0,112
0022500381,2025-26,2025-12-19,MIA,BOS,113.7,125.2,7.8,-1.4,-3.5,0.9,18.8,-1.9,-3.7,1.1,48.5,87.3,29.8,16.7,66.5,84.5,16.7,24.4,29,29,31,27,0,116,30,28,34,37,0,129
0022500383,2025-26,2025-12-19,SAS,ATL,117.8,92.5,-10.9,0.1,-1.8,2.1,-11.9,-2.4,-2.7,-1.9,61.2,86.0,26.7,11.7,45.7,84.0,18.5,12.8,32,36,34,24,0,126,19,25,28,26,0,98
0022500384,2025-26,2025-12-19,CHI,CLE,127.1,116.8,-10.4,-3.2,-2.7,2.1,1.0,-0.1,2.0,-1.3,60.8,88.8,28.3,11.8,54.5,86.0,27.1,14.9,32,34,35,35,0,136,32,23,44,26,0,125
0022500382,2025-26,2025-12-19,PHI,NYK,122.1,112.6,-2.0,-2.8,0.9,-0.4,-7.3,-5.9,11.7,1.0,55.1,88.4,21.7,21.6,48.9,81.1,44.7,23.9,29,28,31,28,0,116,29,30,28,20,0,107
0022500388,2025-26,2025-12-20,BOS,TOR,124.4,103.2,1.7,-2.0,-7.9,1.9,-4.7,1.2,-2.4,-2.7,52.6,87.8,37.8,12.6,50.6,87.1,19.1,9.2,32,17,34,29,0,112,20,31,29,16,0,96
0022500392,2025-26,2025-12-20,PHX,GSW,114.9,117.8,-1.1,-0.1,0.8,-0.7,1.6,-8.1,9.4,-0.1,54.5,86.1,22.0,22.7,54.9,79.2,40.5,19.6,44,23,20,29,0,116,32,32,29,26,0,119
0022500395,2025-26,2025-12-20,LAL,LAC,95.7,110.8,17.4,-2.4,-2.8,1.0,-1.9,-7.6,4.1,0.9,42.0,88.0,28.6,15.9,52.5,79.6,31.0,23.8,15,24,22,27,0,88,28,26,26,23,0,103
0022500386,2025-26,2025-12-20,HOU,DEN,117.3,104.1,-13.6,6.4,-0.1,-0.8,-13.6,3.1,-1.4,0.2,63.0,80.6,23.7,23.4,44.6,88.7,20.8,20.7,26,27,29,33,0,115,29,16,21,35,0,101
0022500389,2025-26,2025-12-20,IND,NOP,100.0,117.4,10.3,-1.3,1.7,-0.6,6.6,-3.0,-4.0,3.6,46.8,87.2,20.4,22.3,58.2,83.5,16.2,34.1,27,22,30,30,0,109,44,20,34,30,0,128
0022500387,2025-26,2025-12-20,DAL,PHI,111.8,116.3,-3.3,4.3,0.3,-1.3,-7.0,5.1,6.7,0.1,56.0,82.4,22.9,25.3,49.0,90.4,35.7,20.6,33,29,35,17,0,114,38,30,23,30,0,121
0022500391,2025-26,2025-12-20,WAS,MEM,126.2,119.6,-3.4,-1.6,-9.5,0.2,-1.2,0.3,6.8,-1.0,56.1,87.4,40.8,19.2,53.0,86.3,35.8,16.0,25,28,42,35,0,130,30,38,27,27,0,122
0022500393,2025-26,2025-12-20,ORL,UTA,116.4,115.5,-1.3,-2.5,-3.1,-1.0,-7.0,3.6,4.8,0.7,54.7,88.2,29.2,24.0,49.0,89.1,32.1,22.9,36,29,32,21,10,128,38,22,22,36,9,127
0022500390,2025-26,2025-12-20,CHA,DET,80.4,106.7,22.2,10.0,1.1,0.2,-9.6,-6.0,6.6,1.5,38.8,77.6,21.4,19.1,47.3,81.0,35.4,25.8,27,18,27,14,0,86,33,22,24,33,0,112
0022500394,2025-26,2025-12-20,POR,SAC,100.0,95.9,5.6,7.6,-0.2,-0.2,-18.4,-5.4,5.4,1.0,50.0,79.6,23.8,21.0,41.4,81.4,33.3,24.1,28,19,25,26,0,98,26,18,25,24,0,93
0022500396,2025-26,2025-12-21,CHI,ATL,140.7,138.9,-21.7,-3.4,-2.2,-2.1,14.8,5.5,-3.5,1.4,68.5,88.9,27.5,28.3,63.8,90.7,17.1,25.5,38,45,33,36,0,152,38,35,42,35,0,150
0022500399,2025-26,2025-12-21,SAS,WAS,121.6,108.7,9.1,-4.9,-7.1,-1.0,-5.6,10.8,-3.9,-0.3,47.6,90.2,36.4,24.0,50.0,95.2,16.3,18.9,26,43,29,26,0,124,28,21,37,27,0,113
0022500400,2025-26,2025-12-21,MIL,MIN,101.0,104.0,9.0,5.0,-0.3,0.1,-5.6,4.6,-1.0,-0.8,47.7,81.8,23.9,19.5,50.0,89.9,21.6,17.0,29,31,15,25,0,100,23,25,27,28,0,103
0022500401,2025-26,2025-12-21,HOU,SAC,119.2,119.0,-3.8,0.5,-1.7,0.2,-1.7,3.0,6.8,1.6,56.4,85.6,26.5,19.1,52.6,88.6,35.8,26.3,31,37,23,21,12,124,30,27,25,30,13,125
0022500398,2025-26,2025-12-21,MIA,NYK,122.5,130.7,-4.6,-3.7,-2.1,-2.5,19.6,1.3,-6.9,0.3,56.9,89.2,27.3,29.9,67.1,87.1,10.8,21.2,37,25,37,26,0,125,30,36,39,27,0,132
0022500397,2025-26,2025-12-21,TOR,BKN,82.7,99.0,15.9,1.6,3.2,3.0,3.3,-10.3,-3.7,-1.0,43.0,84.7,17.6,8.1,56.0,77.3,16.7,16.0,18,21,26,16,0,81,24,25,18,29,0,96
0022500404,2025-26,2025-12-22,DAL,NOP,104.6,110.2,7.0,2.1,-5.1,2.4,-6.4,2.3,1.6,0.9,49.0,84.3,32.7,10.6,49.5,88.0,26.4,23.7,34,29,24,26,0,113,36,21,22,40,0,119
0022500408,2025-26,2025-12-22,DET,POR,113.4,106.2,10.0,-4.3,-10.8,1.3,-6.6,-6.9,1.2,4.9,47.0,89.7,43.1,14.9,49.3,80.2,25.7,39.2,30,31,34,15,0,110,26,25,27,24,0,102
0022500406,2025-26,2025-12-22,MEM,OKC,98.1,113.3,2.9,9.3,1.2,-0.1,4.6,1.9,-1.9,-1.9,51.8,78.1,21.3,20.5,56.9,87.6,20.0,12.8,28,26,19,30,0,103,31,36,17,35,0,119
0022500403,2025-26,2025-12-22,IND,BOS,100.0,106.2,10.8,-0.3,2.4,0.3,-7.3,0.7,3.0,-0.5,46.5,86.3,19.1,18.8,48.9,86.6,28.9,18.0,35,26,21,13,0,95,26,17,31,29,0,103
0022500402,2025-26,2025-12-22,CHA,CLE,132.0,136.3,-9.4,7.1,-9.3,-0.0,22.5,1.4,-4.3,0.5,60.1,80.0,40.5,20.2,69.0,87.3,15.6,21.8,36,27,32,37,0,132,33,37,34,35,0,139
0022500405,2025-26,2025-12-22,UTA,DEN,104.7,127.4,5.6,-1.0,1.5,0.9,13.7,4.2,-2.4,0.2,50.0,86.9,20.8,16.7,63.0,89.6,19.1,20.7,15,31,38,28,0,112,40,29,34,32,0,135
0022500407,2025-26,2025-12-22,ORL,GSW,98.0,121.2,12.4,5.0,-5.1,-0.2,6.0,1.0,3.8,-0.2,45.4,81.8,32.7,20.7,57.9,86.9,30.4,19.1,30,27,26,14,0,97,26,32,31,31,0,120
0022500414,2025-26,2025-12-23,TOR,MIA,119.1,95.8,-3.0,4.9,-5.4,0.4,-12.8,-5.9,-0.7,0.2,55.8,81.9,33.3,18.6,45.1,81.1,22.2,20.7,21,30,31,30,0,112,16,28,23,24,0,91
0022500415,2025-26,2025-12-23,DEN,DAL,131.3,133.7,-22.5,1.4,0.9,2.2,13.5,3.2,3.0,-1.3,69.0,84.8,21.9,11.5,62.9,88.8,28.9,15.1,27,29,47,27,0,130,41,25,37,28,0,131
0022500411,2025-26,2025-12-23,CHI,ATL,116.7,115.0,-5.8,1.0,0.8,-0.8,6.1,3.2,-5.5,-1.6,57.7,85.2,22.0,23.1,57.9,88.8,13.3,13.7,30,25,37,34,0,126,36,32,37,18,0,123
0022500417,2025-26,2025-12-23,OKC,SAS,115.8,136.8,-10.9,2.2,-2.1,3.3,19.1,5.3,2.0,0.4,61.2,84.2,27.3,7.1,66.7,90.5,27.0,21.4,29,31,22,28,0,110,31,27,29,43,0,130
0022500422,2025-26,2025-12-23,HOU,LAC,120.0,142.2,-2.2,0.6,-6.3,1.3,20.4,3.4,-2.9,2.8,55.2,85.6,34.9,15.1,67.5,88.9,18.2,31.2,35,23,24,26,0,108,29,34,35,30,0,128
0022500412,2025-26,2025-12-23,NOP,CLE,111.3,131.8,3.2,1.3,-2.0,-0.6,13.4,2.1,4.6,-2.9,51.6,84.9,27.1,22.3,62.9,87.9,31.8,8.6,22,38,31,27,0,118,32,37,41,31,0,141
0022500413,2025-26,2025-12-23,MIL,IND,112.1,94.9,-5.2,1.4,3.3,-0.2,-12.0,2.2,-4.9,1.2,57.3,84.8,17.5,20.7,45.7,87.9,14.6,24.7,26,33,27,25,0,111,20,24,24,26,0,94
0022500419,2025-26,2025-12-23,MEM,UTA,129.2,120.8,-18.8,0.2,0.7,-0.7,-0.7,2.0,1.8,4.0,66.5,85.8,22.2,22.7,53.3,87.7,26.7,35.6,37,32,40,28,0,137,31,36,34,27,0,128
0022500421,2025-26,2025-12-23,DET,SAC,136.0,127.0,-10.8,1.2,-9.7,-0.3,-3.2,1.1,10.3,3.8,61.1,85.0,41.0,21.1,51.6,87.0,42.2,34.8,37,38,40,21,0,136,24,34,39,30,0,127
0022500410,2025-26,2025-12-23,BKN,PHI,115.2,107.1,1.1,6.2,-2.8,-3.3,-12.9,-3.8,5.0,5.3,53.0,80.8,28.6,32.9,45.1,82.8,32.5,40.7,27,36,26,25,0,114,27,30,20,29,0,106
0022500418,2025-26,2025-12-23,LAL,PHX,112.5,138.9,-2.6,4.4,-6.3,-0.6,19.7,-0.9,5.4,0.3,55.6,82.3,35.0,22.2,67.1,85.3,33.3,21.2,26,31,29,22,0,108,29,38,45,20,0,132
0022500416,2025-26,2025-12-23,NYK,MIN,102.0,111.7,10.1,5.5,-6.9,2.3,-0.8,3.9,-1.2,-0.7,47.0,81.4,36.0,11.1,53.2,89.3,21.3,17.2,28,24,27,25,0,104,31,27,27,30,0,115
0022500420,2025-26,2025-12-23,ORL,POR,111.1,108.2,2.1,1.4,0.4,-1.2,-2.2,-4.0,2.6,-0.7,52.4,84.8,22.7,24.7,52.3,82.7,28.2,17.2,25,38,26,21,0,110,21,29,30,26,0,106
0022500409,2025-26,2025-12-23,WAS,CHA,114.7,134.0,10.9,-9.0,-5.1,0.1,3.2,10.2,4.2,0.9,46.4,93.7,32.7,19.6,55.9,94.7,31.1,23.7,31,34,25,19,0,109,24,38,30,34,0,126
0022500012,2025-26,2025-12-25,HOU,LAL,130.8,105.5,-5.9,4.3,-13.8,0.9,5.9,-4.3,-2.8,-2.8,57.8,82.4,48.6,16.7,57.8,82.4,18.4,9.1,37,26,29,27,0,119,25,28,21,22,0,96
0022500011,2025-26,2025-12-25,DAL,GSW,108.4,118.9,-5.2,-4.3,8.6,1.1,-3.4,4.2,1.1,1.1,57.3,89.7,7.7,15.7,51.5,89.6,25.5,24.2,28,30,31,27,0,116,40,31,29,26,0,126
0022500009,2025-26,2025-12-25,CLE,NYK,120.4,122.3,-10.7,-0.4,0.5,-0.5,6.2,1.6,0.9,-0.5,61.0,86.4,22.5,22.1,58.0,87.4,25.0,18.1,38,20,38,28,0,124,23,37,24,42,0,126
0022500013,2025-26,2025-12-25,MIN,DEN,117.9,119.3,-1.5,-1.3,-0.5,-0.8,3.2,-0.4,-0.0,2.2,54.8,87.2,24.4,23.1,55.9,85.7,23.4,28.7,29,26,23,37,23,138,32,25,35,23,27,142
0022500010,2025-26,2025-12-25,SAS,OKC,121.9,104.1,-9.4,-0.5,-0.2,0.3,-13.4,8.0,3.1,-0.6,60.1,86.5,23.8,19.0,44.7,92.9,29.1,17.9,41,28,26,22,0,117,36,24,19,23,0,102
0022500425,2025-26,2025-12-26,TOR,WAS,112.5,134.0,4.8,-4.0,3.7,-1.9,20.4,0.4,-2.2,-0.9,50.5,89.4,16.7,27.5,67.6,86.4,19.4,16.5,32,30,38,17,0,117,35,38,29,36,0,138
0022500431,2025-26,2025-12-26,LAC,POR,132.2,112.0,-16.9,0.6,6.4,-5.6,1.8,-2.8,4.5,-0.3,65.2,85.6,11.8,42.0,55.0,83.7,31.7,18.8,25,31,29,34,0,119,35,27,16,25,0,103
0022500426,2025-26,2025-12-26,BOS,IND,137.3,118.4,-22.0,-0.3,-5.4,-2.9,8.5,0.4,1.5,-0.5,68.7,86.3,33.3,31.3,59.6,86.4,26.2,18.0,28,47,36,29,0,140,39,22,30,31,0,122
0022500428,2025-26,2025-12-26,MIL,MEM,103.0,125.0,3.8,9.2,-3.6,-0.4,6.6,-0.0,-3.3,2.7,51.2,78.2,30.0,21.4,58.2,86.0,17.5,30.6,35,15,33,21,0,104,25,35,32,33,0,125
0022500430,2025-26,2025-12-26,DET,UTA,121.7,124.8,-12.1,2.4,-1.2,0.9,7.6,-3.7,3.3,2.0,62.0,84.0,25.6,16.3,58.9,82.9,29.5,27.8,36,32,35,26,0,129,33,34,44,20,0,131
0022500424,2025-26,2025-12-26,CHA,ORL,123.7,107.1,-6.3,1.8,-8.0,-0.5,-12.0,5.6,3.7,0.4,58.0,84.5,38.1,21.8,45.7,90.8,30.2,21.5,38,19,39,24,0,120,28,20,29,28,0,105
0022500429,2025-26,2025-12-26,PHX,NOP,111.7,104.9,1.5,4.1,-8.0,-0.2,-9.8,2.7,0.9,2.1,52.7,82.5,38.1,20.9,47.2,88.3,25.0,28.4,26,27,28,34,0,115,23,25,32,28,0,108
0022500423,2025-26,2025-12-26,MIA,ATL,113.5,100.9,2.0,-3.7,-1.4,0.9,0.5,-6.0,-6.6,0.6,52.4,89.2,26.0,16.3,54.1,80.9,11.4,22.4,32,31,27,36,0,126,32,19,33,27,0,111
0022500427,2025-26,2025-12-26,PHI,CHI,105.2,110.1,15.2,-5.5,-0.6,-0.6,-2.2,2.2,1.8,0.5,43.5,90.7,24.5,22.6,52.3,87.9,26.7,22.1,28,24,33,17,0,102,30,19,32,28,0,109
0022500433,2025-26,2025-12-27,DEN,ORL,126.0,127.0,-5.6,2.4,-7.2,-2.9,5.2,9.3,-1.4,2.1,57.6,84.0,36.6,31.4,57.3,94.0,20.9,28.1,31,31,31,33,0,126,23,25,36,43,0,127
0022500435,2025-26,2025-12-27,NYK,ATL,124.3,121.4,0.9,-0.4,-9.3,-2.2,6.0,2.7,-1.9,1.2,53.2,86.4,40.4,28.4,57.9,88.3,20.0,24.7,33,35,30,30,0,128,27,28,34,36,0,125
0022500439,2025-26,2025-12-27,BKN,MIN,129.5,110.3,-11.1,3.4,-2.1,-1.0,-2.0,3.1,0.9,1.0,61.3,83.2,27.3,23.8,52.4,88.7,25.0,24.1,33,29,36,25,0,123,30,33,23,21,0,107
0022500436,2025-26,2025-12-27,IND,MIA,106.4,130.3,-3.1,11.6,-4.6,1.8,4.8,4.5,7.0,-0.3,55.9,76.1,31.9,12.9,57.0,89.9,36.2,18.7,28,32,34,22,0,116,29,30,39,44,0,142
0022500434,2025-26,2025-12-27,PHX,NOP,124.2,115.2,-3.5,3.8,-10.8,1.7,-7.3,1.0,3.5,3.4,56.1,82.8,43.1,13.3,48.9,86.9,29.8,33.3,32,33,28,30,0,123,33,22,30,29,0,114
0022500440,2025-26,2025-12-27,UTA,SAS,127.0,115.2,-15.8,2.4,2.8,-1.0,-7.8,2.2,5.4,-0.5,64.5,84.0,18.4,24.1,48.5,87.9,33.3,18.2,32,38,28,29,0,127,40,20,27,27,0,114
0022500437,2025-26,2025-12-27,MIL,CHI,116.7,105.1,-0.4,-1.7,0.0,-0.5,-7.2,-1.6,4.0,-1.8,54.1,87.5,23.4,22.1,48.9,84.7,30.8,12.9,28,26,31,27,0,112,26,24,30,23,0,103
0022500432,2025-26,2025-12-27,DAL,SAC,103.9,108.7,0.5,7.6,0.0,1.0,-3.5,4.0,1.4,-3.7,53.4,79.6,23.4,16.1,51.4,89.4,25.9,5.8,23,21,33,30,0,107,31,28,29,25,0,113
0022500438,2025-26,2025-12-27,CLE,HOU,104.2,119.4,7.9,2.0,-4.3,3.3,6.2,-4.0,9.1,-0.8,48.4,84.4,31.2,7.3,58.0,82.7,40.0,17.0,24,22,17,37,0,100,32,28,30,27,0,117
0022500441,2025-26,2025-12-28,GSW,TOR,113.4,125.9,1.0,5.6,-2.2,-1.5,4.5,0.7,8.6,-1.4,53.1,81.2,27.5,26.0,56.8,86.6,39.1,14.5,29,35,36,22,5,127,33,32,31,26,19,141
0022500444,2025-26,2025-12-28,BOS,POR,105.9,110.7,4.0,5.5,-2.1,0.9,5.2,-6.4,7.5,-1.7,51.1,81.4,27.3,16.5,57.3,80.6,37.2,13.5,30,33,22,23,0,108,31,24,31,28,0,114
0022500446,2025-26,2025-12-28,SAC,LAL,100.0,122.5,1.1,5.7,0.1,1.1,11.0,-2.0,-1.0,-0.5,53.0,81.2,23.3,15.7,61.2,84.3,21.6,18.0,24,29,27,21,0,101,30,38,31,26,0,125
0022500442,2025-26,2025-12-28,PHI,OKC,104.0,127.7,2.0,10.6,-5.4,-0.1,14.0,0.1,1.7,0.5,52.4,77.0,33.3,20.5,63.2,86.1,26.5,21.8,29,33,24,18,0,104,32,32,38,27,0,129
0022500445,2025-26,2025-12-28,DET,LAC,107.6,120.4,11.9,0.2,-6.7,-2.4,3.3,1.2,-1.3,4.4,45.7,85.9,35.7,29.3,56.0,87.1,21.1,37.3,20,22,27,30,0,99,33,27,32,20,0,112
0022500443,2025-26,2025-12-28,MEM,WAS,102.8,107.4,11.3,0.8,1.7,0.9,-10.8,-4.3,4.3,1.1,46.1,85.3,20.4,16.5,46.5,82.4,31.2,24.2,27,32,29,24,0,112,25,35,24,32,0,116
0022500453,2025-26,2025-12-29,IND,HOU,121.4,128.6,-9.5,-5.6,3.9,1.4,16.7,-6.4,8.5,0.4,60.2,90.8,16.3,14.8,65.1,80.6,38.9,21.7,25,23,30,41,0,119,30,36,39,21,0,126
0022500448,2025-26,2025-12-29,PHX,WAS,119.8,105.2,7.1,-4.2,-7.4,1.1,1.0,-3.2,-0.5,0.1,49.0,89.6,37.0,15.8,54.5,83.3,22.5,20.5,22,39,26,28,0,115,23,31,25,22,0,101
0022500450,2025-26,2025-12-29,DEN,MIA,120.6,144.1,-7.7,-4.9,4.0,-0.0,16.1,4.9,5.4,-0.2,59.0,90.2,16.2,20.2,64.6,90.2,33.3,19.2,29,34,36,24,0,123,41,22,47,37,0,147
0022500449,2025-26,2025-12-29,GSW,BKN,125.0,110.3,-8.8,0.7,2.2,-4.2,3.6,-1.8,-1.4,0.3,59.7,85.4,19.4,36.4,56.2,84.5,20.9,21.2,28,31,30,31,0,120,30,27,28,22,0,107
0022500457,2025-26,2025-12-29,DAL,POR,117.3,121.4,-4.2,-2.9,1.6,-0.2,2.8,-1.9,5.8,-0.6,56.6,88.5,20.5,20.9,55.7,84.5,34.0,17.5,29,34,30,29,0,122,42,33,22,28,0,125
0022500454,2025-26,2025-12-29,NYK,NOP,128.7,123.8,-7.6,-5.9,0.4,0.3,-1.0,2.4,5.4,1.0,58.9,91.1,22.7,18.9,53.1,88.1,33.3,24.0,37,35,24,34,0,130,41,34,28,22,0,125
0022500456,2025-26,2025-12-29,CLE,SAS,105.6,93.5,6.4,-1.0,2.3,0.3,-16.3,-3.2,-1.2,4.2,49.5,86.9,19.2,18.8,42.8,83.3,21.3,36.1,25,24,27,37,0,113,26,29,23,23,0,101
0022500451,2025-26,2025-12-29,ORL,TOR,111.6,112.6,12.1,-6.5,-3.0,-1.4,-15.3,9.0,7.0,0.3,45.6,91.6,28.8,25.3,43.4,93.7,36.2,21.2,29,36,29,12,0,106,18,36,30,23,0,107
0022500455,2025-26,2025-12-29,ATL,OKC,118.3,128.4,-9.7,0.8,1.7,2.0,9.5,1.3,1.6,0.6,60.3,85.3,20.4,12.4,60.2,87.2,26.3,22.4,38,36,29,26,0,129,35,35,43,27,0,140
0022500447,2025-26,2025-12-29,MIL,CHA,129.5,121.5,-12.0,-5.3,5.0,-0.7,-2.4,-0.0,8.8,-0.7,61.9,90.5,14.3,22.6,52.2,86.0,39.5,17.2,25,38,32,28,0,123,26,40,23,24,0,113
0022500452,2025-26,2025-12-29,MIN,CHI,130.8,98.1,-11.5,-10.8,3.0,0.0,-8.8,-3.0,-1.7,-1.8,61.6,95.2,17.9,20.0,47.8,83.5,20.4,12.9,21,34,40,41,0,136,23,27,28,23,0,101
0022500459,2025-26,2025-12-30,BOS,UTA,127.7,117.8,-6.2,-7.1,-1.5,-0.3,3.8,1.3,-1.1,1.0,58.0,92.1,26.2,21.3,56.3,87.1,21.4,24.1,31,28,40,30,0,129,38,26,32,23,0,119
0022500458,2025-26,2025-12-30,PHI,MEM,125.2,120.4,1.6,-6.9,-0.8,0.1,11.3,-4.4,0.8,1.3,52.7,91.9,25.0,19.8,61.4,82.3,25.0,25.0,34,38,31,25,11,139,40,32,28,28,8,136
0022500461,2025-26,2025-12-30,SAC,LAC,95.7,137.9,11.0,7.4,-1.5,1.1,7.6,11.5,2.6,2.0,46.4,79.8,26.2,15.7,58.9,95.8,28.2,27.8,20,20,31,19,0,90,34,39,27,31,0,131
0022500460,2025-26,2025-12-30,DET,LAL,126.7,102.9,-24.6,6.9,1.1,-1.9,-2.9,-7.6,1.5,1.4,70.4,80.2,21.4,27.6,51.8,79.6,26.2,25.6,36,34,26,32,0,128,30,35,23,18,0,106
0022500470,2025-26,2025-12-31,POR,OKC,88.8,117.0,9.9,11.1,-0.8,1.3,5.9,-0.2,-6.5,0.6,47.1,76.6,25.0,14.9,57.8,85.8,11.6,22.2,30,25,21,19,0,95,38,35,26,25,0,124
0022500466,2025-26,2025-12-31,NOP,CHI,111.3,127.6,7.1,-5.3,0.4,-0.6,8.1,6.3,-2.4,1.8,49.0,90.6,22.6,22.4,59.2,91.4,19.0,27.2,32,30,28,28,0,118,36,31,30,37,0,134
0022500469,2025-26,2025-12-31,WAS,MIL,116.3,114.1,0.1,-4.4,-1.4,1.6,1.9,-1.4,1.5,-0.8,53.7,89.8,26.0,13.8,55.1,84.8,26.2,16.9,30,35,21,28,0,114,32,30,26,25,0,113
0022500467,2025-26,2025-12-31,NYK,SAS,130.7,132.7,-8.3,-4.8,1.2,0.3,5.2,3.6,1.8,4.1,59.4,90.1,21.3,18.8,57.3,89.1,26.8,36.0,45,28,29,30,0,132,36,27,30,41,0,134
0022500464,2025-26,2025-12-31,ORL,IND,102.8,100.9,6.4,4.1,2.4,-1.4,-4.7,-0.8,-6.9,2.9,49.4,82.6,19.0,25.6,50.6,85.3,10.9,31.3,31,37,26,18,0,112,28,38,29,15,0,110
0022500462,2025-26,2025-12-31,GSW,CHA,130.7,123.8,-23.8,5.7,-2.4,0.2,9.5,-1.0,3.0,-1.6,69.9,81.2,27.8,19.3,60.2,85.1,28.9,14.0,30,39,29,34,0,132,30,34,36,25,0,125
0022500463,2025-26,2025-12-31,MIN,ATL,102.0,127.3,4.8,2.4,-0.8,1.0,4.3,4.5,4.3,-3.2,50.6,84.0,25.0,16.1,56.7,89.9,31.4,7.7,26,23,24,29,0,102,33,37,28,28,0,126
0022500465,2025-26,2025-12-31,PHX,CLE,106.6,124.0,9.8,-0.9,-4.8,1.7,5.9,-0.5,3.5,-0.3,47.1,86.8,32.2,13.3,57.8,85.6,29.8,18.8,21,33,35,24,0,113,37,30,29,33,0,129
0022500468,2025-26,2025-12-31,DEN,TOR,110.4,106.2,7.5,-2.9,1.1,-3.8,-16.0,6.7,4.1,-0.8,48.8,88.5,21.4,35.0,43.0,91.8,30.9,17.0,32,31,22,21,0,106,23,31,25,24,0,103
0022500471,2025-26,2026-01-01,HOU,BKN,131.9,107.9,-16.1,1.7,-10.9,0.8,-3.7,-0.8,0.2,0.9,64.6,84.6,43.3,17.1,51.3,85.4,23.8,23.7,26,27,37,30,0,120,20,22,25,29,0,96
0022500472,2025-26,2026-01-01,MIA,DET,108.3,103.7,4.9,5.2,-3.9,0.5,-1.0,-6.5,-4.6,3.5,50.5,81.7,30.6,18.2,53.1,80.6,15.0,33.8,33,30,31,24,0,118,26,28,27,31,0,112
0022500475,2025-26,2026-01-01,UTA,LAC,103.1,120.4,5.6,5.2,2.8,-2.4,0.2,0.8,7.1,1.2,50.0,81.6,18.4,29.5,53.9,86.7,36.4,24.7,17,33,31,20,0,101,31,22,29,36,0,118
0022500474,2025-26,2026-01-01,BOS,SAC,127.7,111.6,-9.7,-0.2,3.4,0.7,0.5,5.3,-2.7,-0.9,60.3,86.2,17.2,17.2,54.1,90.5,18.6,16.5,28,34,26,32,0,120,29,32,27,18,0,106
0022500473,2025-26,2026-01-01,PHI,DAL,121.8,104.9,-10.0,-2.4,4.2,1.1,-8.8,1.6,-4.1,-0.2,60.6,88.1,15.8,15.6,47.9,87.4,15.9,19.1,27,41,24,31,0,123,33,24,26,25,0,108
0022500485,2025-26,2026-01-02,MEM,LAL,115.2,120.8,-2.1,0.4,2.9,1.1,17.4,-5.8,-2.6,3.8,55.2,85.7,18.2,15.6,65.6,81.1,18.8,35.1,31,29,36,25,0,121,39,27,30,32,0,128
0022500482,2025-26,2026-01-02,POR,NOP,129.8,117.2,0.8,-5.2,-11.9,-1.5,-7.1,-2.6,9.8,-1.7,53.3,90.4,45.2,26.1,49.0,83.9,41.3,13.3,29,34,22,37,0,122,37,18,20,34,0,109
0022500481,2025-26,2026-01-02,CHA,MIL,124.7,125.8,-8.8,0.6,0.7,-2.1,10.5,3.1,-1.6,-0.4,59.8,85.6,22.2,28.0,60.9,88.7,20.5,18.4,38,22,31,30,0,121,24,27,36,35,0,122
0022500484,2025-26,2026-01-02,OKC,GSW,126.0,90.4,-10.5,-0.6,-0.1,-0.2,-16.3,-2.8,0.8,-0.3,60.9,86.5,23.7,20.7,42.8,83.7,25.0,18.9,34,30,31,36,0,131,23,22,21,28,0,94
0022500480,2025-26,2026-01-02,ORL,CHI,114.0,122.2,-6.4,-3.5,6.5,1.0,5.9,1.0,-0.5,-0.3,58.1,89.0,11.6,16.3,57.8,86.9,22.5,18.9,32,27,36,19,0,114,22,37,32,30,0,121
0022500477,2025-26,2026-01-02,BKN,WAS,96.1,116.7,15.9,1.9,2.4,-2.3,4.8,-5.5,6.4,-1.2,43.0,84.5,19.1,29.1,57.1,81.4,35.1,15.2,24,26,23,26,0,99,37,27,32,23,0,119
0022500478,2025-26,2026-01-02,DEN,CLE,110.2,117.7,3.2,-5.6,6.9,2.1,8.1,-4.4,5.9,-1.9,51.6,90.8,10.9,11.7,59.3,82.3,34.1,12.8,24,35,38,11,0,108,28,34,26,25,0,113
0022500476,2025-26,2026-01-02,SAS,IND,116.0,106.6,3.3,-2.0,-0.3,-0.6,6.4,0.9,-11.4,-1.3,51.5,87.7,24.0,22.4,58.1,86.8,2.6,15.1,30,41,22,30,0,123,31,27,27,28,0,113
0022500483,2025-26,2026-01-02,SAC,PHX,100.0,124.0,9.9,7.8,-2.8,-1.5,10.5,2.8,-1.9,1.6,47.1,79.4,28.6,25.9,60.9,88.5,20.0,26.4,29,27,27,19,0,102,32,30,35,32,0,129
0022500479,2025-26,2026-01-02,ATL,NYK,106.7,95.2,-1.1,-1.7,2.4,0.8,-17.8,-0.5,1.3,-0.4,54.5,87.5,19.1,17.0,41.8,85.6,25.9,18.6,33,27,34,17,0,111,30,17,23,29,0,99
0022500489,2025-26,2026-01-03,CHA,CHI,112.0,100.0,4.0,-2.3,-1.4,-0.2,-3.9,3.3,-5.5,-2.2,51.1,88.0,26.0,20.9,51.1,88.9,13.3,11.5,27,23,32,30,0,112,39,19,17,24,0,99
0022500490,2025-26,2026-01-03,POR,SAS,117.3,111.1,-0.9,-3.2,-3.3,0.6,-8.0,9.3,0.8,0.4,54.4,88.8,29.4,17.6,48.4,93.9,25.0,21.5,35,20,32,28,0,115,24,27,29,30,0,110
0022500488,2025-26,2026-01-03,ATL,TOR,108.3,125.2,-2.5,1.0,4.3,0.6,8.9,1.0,1.2,1.6,55.5,85.2,15.6,17.6,59.8,86.9,25.6,26.1,29,41,36,11,0,117,35,42,30,27,0,134
0022500492,2025-26,2026-01-03,UTA,GSW,118.8,125.5,-9.0,2.0,-0.2,1.9,9.7,-1.6,4.9,0.2,59.9,84.4,23.8,12.8,60.3,84.7,32.5,20.7,29,36,31,18,0,114,25,33,42,23,0,123
0022500491,2025-26,2026-01-03,HOU,DAL,103.0,106.8,15.4,-5.9,-2.2,2.2,9.2,-1.9,-9.8,-0.7,43.4,91.1,27.4,11.3,60.0,84.5,5.6,17.5,31,19,25,29,0,104,25,32,30,23,0,110
0022500486,2025-26,2026-01-03,MIN,MIA,126.3,116.2,-10.1,0.2,-2.4,-1.5,2.0,-6.1,1.8,0.5,60.6,85.9,27.8,25.9,55.2,80.8,26.8,21.8,27,29,34,35,0,125,25,25,36,29,0,115
0022500493,2025-26,2026-01-03,BOS,LAC,158.7,123.7,-20.6,-8.7,-10.2,0.9,7.6,3.8,-1.3,-0.3,67.7,93.5,42.1,16.7,58.9,89.2,21.1,19.0,42,29,42,33,0,146,28,35,36,16,0,115
0022500487,2025-26,2026-01-03,PHI,NYK,125.0,116.7,-14.9,-0.6,0.2,0.9,-3.1,-2.0,1.9,2.6,63.9,86.5,23.1,16.7,51.7,84.3,26.9,30.3,31,35,33,31,0,130,30,28,29,32,0,119
0022500497,2025-26,2026-01-04,NOP,MIA,97.2,115.7,-2.6,11.6,4.0,3.4,2.4,-1.0,0.8,-1.8,55.6,76.1,16.2,6.7,55.4,85.2,25.0,12.9,39,23,15,29,0,106,43,27,23,32,0,125
0022500499,2025-26,2026-01-04,OKC,PHX,110.5,113.7,0.2,-5.3,10.0,-0.2,1.9,-3.4,4.0,1.7,53.7,90.5,5.1,20.7,55.1,83.2,30.8,26.6,26,23,24,32,0,105,20,22,32,34,0,108
0022500498,2025-26,2026-01-04,MIN,WAS,134.3,109.5,-11.7,-0.7,-8.8,-0.1,2.8,-4.9,-1.4,-0.2,61.7,86.7,39.5,20.4,55.7,81.9,20.9,19.3,38,35,35,33,0,141,28,30,21,36,0,115
0022500500,2025-26,2026-01-04,MIL,SAC,117.3,100.0,4.8,-0.8,-2.1,-2.8,-12.1,4.4,-5.0,2.9,50.6,86.7,27.3,31.0,45.6,89.8,14.3,31.2,28,34,23,30,0,115,26,18,25,29,0,98
0022500501,2025-26,2026-01-04,MEM,LAL,116.3,122.4,10.0,-5.6,-3.7,0.0,0.9,3.2,-1.6,5.4,47.0,90.8,30.2,20.0,54.4,88.8,20.5,41.2,34,31,22,27,0,114,26,28,29,37,0,120
0022500495,2025-26,2026-01-04,IND,ORL,125.7,133.7,-14.8,-3.6,3.0,0.4,16.4,8.3,-7.1,2.8,63.8,89.1,17.9,18.4,64.9,93.1,10.5,31.0,36,22,42,27,0,127,28,41,38,28,0,135
0022500496,2025-26,2026-01-04,DEN,BKN,122.3,133.7,-1.3,-3.9,1.9,-1.5,8.1,4.0,4.9,4.7,54.7,89.4,20.0,25.9,59.3,89.5,32.4,38.3,29,23,32,31,0,115,33,26,41,27,0,127
0022500494,2025-26,2026-01-04,DET,CLE,112.9,108.9,7.2,3.4,-3.5,-0.5,-1.9,-3.4,1.5,3.2,48.9,83.2,29.8,22.1,52.5,83.2,26.2,32.5,19,47,21,27,0,114,28,28,26,28,0,110
0022500507,2025-26,2026-01-05,DEN,PHI,122.5,120.4,-15.4,5.5,1.9,-1.5,2.7,0.4,4.2,-1.2,64.2,81.4,20.0,25.9,55.6,86.4,31.1,15.3,29,29,29,33,5,125,26,32,35,27,4,124
0022500509,2025-26,2026-01-05,UTA,POR,115.8,135.6,-3.2,1.1,-4.2,1.2,13.5,0.1,5.4,0.4,56.0,85.1,31.1,15.2,62.9,86.1,33.3,21.5,26,31,26,34,0,117,36,42,36,23,0,137
0022500508,2025-26,2026-01-05,GSW,LAC,104.1,106.2,15.3,-8.0,0.7,-1.0,1.1,-7.8,-3.2,1.2,43.5,92.9,22.2,23.9,54.5,79.4,17.6,24.7,19,32,13,38,0,102,31,24,21,27,0,103
0022500506,2025-26,2026-01-05,CHA,OKC,127.8,100.0,-17.4,9.1,-7.7,-2.5,-16.7,6.7,0.6,-0.2,65.6,78.4,37.5,29.9,42.5,91.8,24.5,19.4,33,34,32,25,0,124,33,17,21,26,0,97
0022500502,2025-26,2026-01-05,NYK,DET,95.7,130.1,4.6,8.6,5.0,0.8,15.0,-3.8,6.8,-1.9,50.7,78.7,14.3,17.1,64.0,82.8,35.9,12.8,29,25,15,21,0,90,30,34,25,32,0,121
0022500505,2025-26,2026-01-05,PHX,HOU,103.2,106.4,5.6,-0.2,0.0,2.5,-7.3,-3.6,5.8,-0.7,50.0,86.2,23.4,10.2,48.9,83.0,34.1,17.2,29,31,18,19,0,97,25,29,24,22,0,100
0022500503,2025-26,2026-01-05,CHI,BOS,107.4,121.1,0.5,-0.2,4.7,2.5,-5.6,6.5,5.7,-2.4,53.5,86.2,15.0,10.5,50.0,91.6,33.9,10.6,14,19,34,34,0,101,31,23,31,30,0,115
0022500504,2025-26,2026-01-05,ATL,TOR,94.3,113.5,11.4,0.2,3.5,-0.0,7.5,-0.5,-4.3,-1.7,46.1,85.8,17.0,20.2,58.9,85.6,15.6,13.3,26,23,24,27,0,100,31,30,25,32,0,118
0022500511,2025-26,2026-01-06,ORL,WAS,106.7,112.1,2.4,4.9,-2.3,0.7,-3.0,-0.1,0.2,4.1,52.2,81.9,27.7,17.4,51.7,86.0,23.9,36.0,29,21,37,25,0,112,30,32,39,19,0,120
0022500514,2025-26,2026-01-06,LAL,NOP,111.0,103.0,-4.8,1.2,0.2,0.9,-6.4,-2.4,2.8,-1.5,57.1,85.0,23.1,16.5,49.5,84.0,28.6,14.3,29,22,28,32,0,111,25,29,32,17,0,103
0022500515,2025-26,2026-01-06,DAL,SAC,99.0,96.1,13.3,3.4,-3.6,1.4,-9.6,1.4,-3.7,-2.1,44.8,83.2,30.0,14.6,47.3,87.3,16.7,12.0,25,21,30,24,0,100,35,23,20,20,0,98
0022500513,2025-26,2026-01-06,MIA,MIN,84.7,109.9,17.7,2.7,3.3,2.0,-1.1,3.7,-0.8,-0.4,41.8,83.8,17.5,12.2,53.1,89.2,22.0,18.4,29,25,23,17,0,94,27,34,32,29,0,122
0022500512,2025-26,2026-01-06,SAS,MEM,100.0,101.0,14.3,-0.7,0.4,1.4,-7.1,-9.4,4.4,-2.5,44.1,86.7,22.8,14.7,49.0,78.1,31.5,10.2,31,23,27,24,0,105,21,25,36,24,0,106
0022500510,2025-26,2026-01-06,CLE,IND,115.4,110.5,-11.2,5.1,-2.8,1.6,1.5,0.7,-4.3,-1.3,61.4,81.7,28.6,13.6,54.8,86.7,15.6,15.1,22,31,31,36,0,120,28,32,33,23,0,116
0022500520,2025-26,2026-01-07,DEN,BOS,122.6,119.6,-3.7,-5.1,-2.1,0.4,-0.9,-1.5,11.1,-2.7,56.3,90.3,27.3,18.4,53.2,84.8,43.8,9.5,31,27,21,35,0,114,35,23,24,28,0,110
0022500527,2025-26,2026-01-07,HOU,POR,107.4,107.3,18.3,0.9,-10.6,-0.0,-4.7,-0.7,-4.4,0.7,41.4,85.3,42.9,20.2,50.6,85.4,15.4,22.9,22,25,28,27,0,102,25,32,24,22,0,103
0022500518,2025-26,2026-01-07,WAS,PHI,106.8,128.4,-4.6,8.7,-3.0,1.9,12.0,4.9,-2.8,3.1,56.9,78.6,28.9,12.6,61.9,90.2,18.4,32.1,30,26,24,30,0,110,37,25,30,39,0,131
0022500523,2025-26,2026-01-07,LAL,SAS,89.2,107.0,13.4,3.2,2.3,1.0,-3.8,-1.2,-2.7,2.0,44.8,83.3,19.2,16.3,51.2,85.0,18.6,28.0,23,20,25,23,0,91,26,22,31,28,0,107
0022500521,2025-26,2026-01-07,ORL,BKN,102.0,103.0,9.5,4.4,-9.1,1.7,-3.0,-8.3,2.8,-1.0,47.4,82.4,40.0,13.5,51.7,79.0,28.6,16.3,21,27,31,14,11,104,23,20,21,29,10,103
0022500517,2025-26,2026-01-07,CHI,DET,102.2,118.7,5.6,5.6,-5.0,3.4,2.4,4.8,-1.3,-3.5,50.0,81.3,32.6,6.9,55.4,90.1,21.1,6.5,24,26,27,16,0,93,30,22,24,32,0,108
0022500522,2025-26,2026-01-07,LAC,NYK,120.7,130.9,3.2,-3.7,-4.6,0.7,5.4,1.4,8.5,-1.0,51.6,89.1,31.9,17.4,57.4,87.2,39.0,16.0,31,25,31,24,0,111,27,24,39,33,0,123
0022500525,2025-26,2026-01-07,UTA,OKC,106.8,109.3,6.9,3.7,-5.1,1.4,-10.0,5.5,-1.5,3.5,49.1,82.9,32.8,14.4,47.0,90.7,20.7,33.7,22,31,33,28,11,125,31,27,33,23,15,129
0022500516,2025-26,2026-01-07,TOR,CHA,106.6,105.5,12.8,-8.7,-3.9,1.2,-9.2,-6.9,7.5,0.5,45.1,93.4,30.6,15.2,47.6,80.2,37.2,22.0,25,20,21,31,0,97,22,28,22,24,0,96
0022500524,2025-26,2026-01-07,PHX,MEM,118.2,99.0,-5.8,5.0,-4.6,3.8,-7.2,-5.0,3.3,-2.9,57.7,81.8,31.9,5.2,48.9,81.8,29.4,8.7,30,35,26,26,0,117,23,24,21,30,0,98
0022500519,2025-26,2026-01-07,NOP,ATL,93.5,110.4,7.3,4.5,5.4,0.4,3.0,-6.9,0.5,-2.2,48.8,82.2,13.6,18.6,55.8,80.2,24.4,11.6,26,27,13,34,0,100,37,28,24,28,0,117
0022500526,2025-26,2026-01-07,MIL,GSW,118.9,123.7,-12.7,-1.6,5.7,3.0,8.5,4.3,-1.6,-1.1,62.4,87.4,13.2,8.2,59.6,89.7,20.5,15.7,31,22,29,31,0,113,31,33,34,22,0,120
0022500531,2025-26,2026-01-08,DAL,UTA,111.8,113.7,-10.1,7.8,0.8,1.8,3.7,6.1,-1.4,-2.7,60.6,79.4,22.0,12.9,56.3,91.2,20.8,9.5,29,26,34,25,0,114,34,24,30,28,0,116
0022500528,2025-26,2026-01-08,IND,CHA,116.3,114.3,-5.2,7.6,-2.0,-1.1,1.3,-4.0,-1.6,0.2,57.3,79.6,27.0,24.4,54.7,82.7,20.5,20.9,33,27,30,24,0,114,30,28,29,25,0,112
0022500530,2025-26,2026-01-08,CLE,MIN,117.3,124.8,-7.4,-1.7,1.7,0.9,21.8,-2.6,1.2,-2.5,58.8,87.5,20.5,16.5,68.5,83.8,25.6,10.1,31,36,22,33,0,122,32,31,43,25,0,131
0022500532,2025-26,2026-01-09,TOR,BOS,125.8,135.9,-7.3,-7.6,0.5,2.6,12.2,3.6,3.0,-0.1,58.7,92.5,22.5,9.8,62.1,89.1,29.0,19.5,30,30,26,31,0,117,37,31,29,28,0,125
0022500537,2025-26,2026-01-09,ATL,DEN,114.6,91.6,-5.4,-9.1,7.9,4.6,-6.6,-7.1,-7.4,0.6,57.4,93.8,9.1,2.1,49.3,80.0,10.0,22.2,30,28,16,36,0,110,28,22,25,12,0,87
0022500533,2025-26,2026-01-09,PHI,ORL,105.1,93.8,15.7,-0.8,-9.3,-0.5,-15.7,-6.6,1.5,-0.8,43.2,86.7,40.4,22.1,43.2,80.4,26.2,17.0,24,29,30,20,0,103,28,26,25,12,0,91
0022500539,2025-26,2026-01-09,SAC,GSW,110.8,145.7,-0.4,0.0,-1.9,2.2,16.2,2.7,9.1,-1.4,54.1,86.0,27.0,11.6,64.7,88.3,40.0,14.7,29,30,25,19,0,103,34,29,34,40,0,137
0022500538,2025-26,2026-01-09,NYK,PHX,113.8,120.4,-1.6,6.1,-7.1,-0.2,0.5,3.8,-1.4,0.9,54.9,80.9,36.4,20.7,54.1,89.2,20.9,23.5,23,37,26,21,0,107,28,34,32,18,0,112
0022500534,2025-26,2026-01-09,NOP,WAS,118.5,100.0,-8.4,4.3,-1.2,1.1,-7.3,-4.5,-1.3,1.3,59.5,82.4,25.6,15.8,48.9,82.2,21.2,25.3,28,32,40,28,0,128,26,24,34,23,0,107
0022500540,2025-26,2026-01-09,HOU,POR,108.2,114.4,10.2,-0.7,-10.8,1.1,-4.8,0.7,3.1,0.9,46.9,86.6,43.1,15.6,50.6,86.6,29.2,23.6,29,27,34,15,0,105,28,27,22,34,0,111
0022500535,2025-26,2026-01-09,LAC,BKN,130.1,112.9,-21.6,3.8,0.2,-0.6,-9.3,1.2,8.0,-2.6,68.4,82.8,23.1,22.4,47.5,87.1,38.0,10.0,35,28,28,30,0,121,25,22,29,29,0,105
0022500541,2025-26,2026-01-09,MIL,LAL,112.9,106.3,-2.8,5.1,-2.8,-0.4,-4.0,0.3,4.6,-2.9,55.7,81.7,28.6,21.5,51.1,86.3,31.9,8.8,24,37,25,19,0,105,25,27,25,24,0,101
0022500536,2025-26,2026-01-09,OKC,MEM,119.4,118.4,2.4,-9.2,1.2,-1.1,1.1,-4.0,7.2,0.7,52.2,93.9,21.3,24.2,54.5,82.7,36.6,22.7,25,21,35,36,0,117,35,30,29,22,0,116
0022500543,2025-26,2026-01-10,MIA,IND,87.6,109.8,18.5,3.4,1.5,-1.3,-0.3,-2.5,-0.2,-0.4,41.3,83.2,20.8,25.0,53.6,83.9,23.1,18.4,18,27,27,27,0,99,36,25,38,24,0,123
0022500546,2025-26,2026-01-10,DAL,CHI,101.9,117.9,5.6,-0.7,3.0,0.6,8.1,-1.3,0.8,-2.5,50.0,86.7,18.0,17.6,59.3,84.9,25.0,10.3,28,27,24,28,0,107,36,30,28,31,0,125
0022500542,2025-26,2026-01-10,MIN,CLE,130.1,141.7,-18.5,1.9,-4.9,0.5,20.9,5.0,-1.0,0.7,66.3,84.5,32.4,18.0,67.9,90.3,21.6,22.8,33,32,26,43,0,134,29,34,36,47,0,146
0022500545,2025-26,2026-01-10,SAS,BOS,104.2,96.9,12.6,-6.6,0.9,1.4,-6.4,4.4,-3.0,-4.3,45.3,91.7,21.8,14.7,49.5,89.8,18.0,3.2,21,29,23,27,0,100,26,29,20,20,0,95
0022500547,2025-26,2026-01-10,CHA,UTA,148.5,93.1,-15.6,-1.3,-15.2,0.1,-13.2,-0.9,-1.9,-0.5,64.4,87.1,51.2,19.8,44.9,85.3,20.0,18.2,45,32,38,35,0,150,14,24,26,31,0,95
0022500544,2025-26,2026-01-10,LAC,DET,98.0,92.0,4.6,9.5,1.6,-3.8,-13.6,-13.0,6.6,0.4,50.7,78.0,20.5,34.7,44.6,75.0,35.6,21.7,14,27,27,30,0,98,28,27,21,16,0,92
0022500557,2025-26,2026-01-11,HOU,SAC,112.6,129.1,10.0,1.2,-9.8,-0.7,-1.5,2.8,10.1,-0.9,47.0,85.1,41.3,22.6,52.7,88.4,41.9,16.5,23,25,28,22,0,98,22,29,27,33,0,111
0022500548,2025-26,2026-01-11,NOP,ORL,125.5,133.3,-18.4,3.6,4.6,1.3,7.9,0.5,6.0,4.5,66.2,83.0,15.2,15.0,59.1,86.5,34.4,37.8,26,33,39,20,0,118,26,32,33,37,0,128
0022500555,2025-26,2026-01-11,WAS,PHX,89.4,108.7,15.1,9.6,-0.8,-0.2,-4.1,-1.9,2.9,-1.1,43.6,77.9,25.0,20.9,51.1,84.5,28.8,15.8,28,22,17,26,0,93,32,33,31,16,0,112
0022500556,2025-26,2026-01-11,ATL,GSW,122.8,108.8,-4.6,-6.0,0.3,0.5,-2.3,-2.0,0.2,-0.3,56.9,91.1,22.9,18.1,52.2,84.3,23.9,18.9,27,32,35,30,0,124,28,25,25,33,0,111
0022500553,2025-26,2026-01-11,MIA,OKC,107.7,117.0,-15.1,9.6,5.5,2.9,3.1,2.0,3.8,0.4,64.0,77.9,13.5,8.5,55.9,87.7,30.4,21.5,34,25,26,27,0,112,32,22,39,31,0,124
0022500549,2025-26,2026-01-11,BKN,MEM,106.5,113.2,3.9,-3.6,-1.1,2.8,-8.1,-3.0,6.2,0.1,51.1,89.1,25.5,9.1,48.3,83.5,34.8,20.5,23,27,24,24,0,98,34,27,16,26,0,103
0022500554,2025-26,2026-01-11,MIL,DEN,108.3,116.1,1.3,-3.0,0.7,0.9,-8.2,5.1,-0.4,1.9,52.9,88.5,22.2,16.5,48.3,90.3,22.7,27.6,23,29,22,30,0,104,27,35,23,23,0,108
0022500552,2025-26,2026-01-11,SAS,MIN,103.0,105.1,11.5,0.0,1.4,-1.3,-5.6,5.7,0.0,-1.1,46.0,86.0,20.8,25.0,50.0,90.9,23.5,15.6,31,24,30,18,0,103,24,18,29,33,0,104
0022500550,2025-26,2026-01-11,PHI,TOR,105.5,106.4,5.6,7.3,-2.8,-2.0,-17.1,0.2,6.9,2.1,50.0,79.8,28.6,27.8,42.2,86.2,36.0,28.2,25,23,36,23,8,115,22,36,18,31,9,116
0022500551,2025-26,2026-01-11,NYK,POR,123.0,114.0,-7.8,-2.3,-3.0,3.6,1.4,-1.2,-3.0,1.6,59.1,88.0,28.9,6.1,54.8,85.0,17.9,26.2,34,31,25,33,0,123,34,26,25,29,0,114
0022500558,2025-26,2026-01-12,UTA,CLE,118.3,107.7,-7.8,5.1,-0.8,-2.6,0.0,0.6,-6.0,-1.5,59.0,81.7,25.0,30.1,53.8,86.5,12.5,14.1,34,20,36,33,0,123,22,40,24,26,0,112
0022500561,2025-26,2026-01-12,BKN,DAL,109.4,117.7,4.7,4.4,-4.5,-0.2,8.3,-0.7,-0.2,-1.5,50.6,82.3,31.7,20.9,59.4,85.4,23.1,14.1,23,22,32,28,0,105,32,24,28,29,0,113
0022500559,2025-26,2026-01-12,BOS,IND,104.3,105.4,4.8,-1.1,0.7,3.1,3.2,1.2,-6.2,-3.9,50.6,87.0,22.2,8.0,56.0,87.1,12.2,4.8,24,32,21,19,0,96,19,34,26,19,0,98
0022500560,2025-26,2026-01-12,PHI,TOR,122.3,108.5,-14.4,3.6,3.1,-2.1,-15.3,5.2,5.0,1.0,63.5,83.0,17.9,28.4,43.5,90.4,32.6,23.9,45,35,19,16,0,115,28,23,26,25,0,102
0022500563,2025-26,2026-01-12,CHA,LAC,116.0,124.5,-1.1,-3.9,-1.6,1.3,0.8,10.2,-2.6,-0.4,54.5,89.4,26.3,14.8,54.3,94.7,18.8,18.5,26,17,41,25,0,109,24,21,41,31,0,117
0022500562,2025-26,2026-01-12,LAL,SAC,117.9,129.2,0.3,-4.0,-4.4,-1.6,22.4,-2.0,-2.9,-1.7,53.6,89.5,31.6,26.2,68.9,84.4,18.2,13.4,28,26,29,29,0,112,32,29,34,29,0,124
0022500564,2025-26,2026-01-13,PHX,MIA,117.5,123.3,5.6,-1.6,-6.9,0.4,8.1,2.7,-0.2,-0.1,50.0,87.4,36.0,18.6,59.2,88.3,23.1,19.6,28,26,38,29,0,121,36,35,21,35,0,127
0022500568,2025-26,2026-01-13,SAS,OKC,103.2,125.3,9.1,-1.6,-0.3,0.0,7.2,2.8,-5.0,2.5,47.6,87.4,24.0,20.0,58.6,88.4,14.3,29.6,26,26,24,22,0,98,32,23,40,24,0,119
0022500565,2025-26,2026-01-13,CHI,HOU,117.7,125.3,5.6,-7.9,-1.9,-0.0,2.0,5.3,4.4,1.3,50.0,92.7,26.9,20.2,55.1,90.5,31.6,25.0,24,36,28,25,0,113,29,28,33,29,0,119
0022500570,2025-26,2026-01-13,POR,GSW,95.1,116.7,2.9,9.0,1.3,1.7,9.3,0.3,-7.5,-1.7,51.8,78.4,21.1,13.3,60.1,86.3,9.8,13.5,24,17,30,26,0,97,38,29,28,24,0,119
0022500569,2025-26,2026-01-13,ATL,LAL,114.9,138.2,3.4,-9.5,-0.6,1.8,22.9,-2.0,5.4,2.9,51.5,94.1,24.5,13.0,69.3,84.3,33.3,31.3,30,30,26,30,0,116,37,44,21,39,0,141
0022500566,2025-26,2026-01-13,MIN,MIL,135.0,105.0,-26.5,1.9,-2.5,3.2,3.1,-6.9,-1.7,-1.8,71.7,84.5,28.1,7.6,55.9,80.2,20.5,12.9,38,38,30,33,0,139,20,25,33,28,0,106
0022500567,2025-26,2026-01-13,DEN,NOP,123.2,116.0,-5.0,-8.1,6.0,-2.8,-3.0,-1.2,7.5,2.9,57.1,92.9,12.5,31.0,51.7,85.0,37.2,31.4,32,28,29,33,0,122,31,34,27,24,0,116
0022500571,2025-26,2026-01-14,TOR,IND,118.6,104.1,-1.9,-1.9,-1.2,0.2,-12.5,3.1,1.9,1.7,55.1,87.6,25.6,19.1,45.3,88.7,26.9,26.7,39,28,27,21,0,115,18,30,30,23,0,101
0022500575,2025-26,2026-01-14,DEN,DAL,122.9,113.5,-7.4,-5.4,3.5,-0.3,-10.4,9.1,3.0,0.9,58.8,90.6,17.1,21.2,46.8,93.8,28.9,23.7,29,34,25,30,0,118,23,23,32,31,0,109
0022500572,2025-26,2026-01-14,CLE,PHI,130.4,103.9,-13.9,2.0,-2.4,1.6,-9.8,2.7,-1.0,1.5,63.2,84.3,27.9,13.7,47.2,88.3,21.6,25.8,33,27,33,40,0,133,18,29,28,32,0,107
0022500576,2025-26,2026-01-14,NYK,SAC,101.0,113.1,16.0,-5.8,-3.1,1.3,0.4,-3.8,0.1,6.0,43.0,91.0,29.1,15.0,54.1,82.8,23.7,43.2,17,25,34,25,0,101,32,24,40,16,0,112
0022500574,2025-26,2026-01-14,BKN,NOP,115.3,118.4,-3.0,-3.2,0.7,3.3,-5.6,5.6,6.5,-0.1,55.8,88.8,22.2,7.4,50.0,90.8,35.3,19.6,31,24,32,26,0,113,27,27,33,29,0,116
0022500573,2025-26,2026-01-14,UTA,CHI,122.3,126.7,-8.2,-1.6,1.3,-2.0,9.7,1.3,4.5,-0.4,59.3,87.4,21.1,27.9,60.3,87.1,31.7,18.5,39,23,32,32,0,126,36,35,23,34,0,128
0022500577,2025-26,2026-01-14,WAS,LAC,108.2,124.0,4.0,-3.1,-0.8,1.4,2.4,4.2,-2.5,3.2,51.1,88.7,25.0,14.4,55.4,89.6,18.9,32.5,22,29,38,16,0,105,37,33,26,23,0,119
0022500584,2025-26,2026-01-15,NYK,GSW,120.2,134.0,-0.1,-1.4,-5.4,0.9,16.8,1.4,1.9,-2.3,53.8,87.2,33.3,16.5,65.2,87.2,27.0,11.2,35,24,28,26,0,113,30,32,37,27,0,126
0022500578,2025-26,2026-01-15,MEM,ORL,109.9,116.8,-3.3,2.2,3.7,-0.4,-4.1,-2.2,8.4,0.5,56.0,84.2,16.7,21.7,51.1,84.2,38.8,22.1,39,28,12,32,0,111,23,35,26,34,0,118
0022500579,2025-26,2026-01-15,PHX,DET,105.0,108.0,3.9,0.0,2.8,0.4,-2.0,-3.6,3.8,2.1,51.1,86.0,18.4,18.4,52.5,83.0,30.4,28.4,32,31,27,15,0,105,23,33,33,19,0,108
0022500580,2025-26,2026-01-15,BOS,MIA,124.0,117.5,2.4,-0.5,-8.6,-1.6,-0.5,4.3,1.7,1.1,52.2,86.5,39.1,26.4,53.4,89.7,26.7,24.1,25,29,29,36,0,119,36,28,29,21,0,114
0022500585,2025-26,2026-01-15,ATL,POR,97.1,112.5,2.9,6.2,4.3,-0.2,-1.7,-0.5,5.0,-0.5,51.9,80.8,15.6,21.0,52.6,85.6,32.7,17.9,25,31,31,14,0,101,33,21,34,29,0,117
0022500582,2025-26,2026-01-15,MIL,SAS,103.1,120.2,7.3,-0.8,2.3,0.4,10.3,-3.8,-0.3,2.3,48.9,86.7,19.2,18.4,60.8,82.8,22.9,29.1,27,26,16,32,0,101,31,35,40,13,0,119
0022500583,2025-26,2026-01-15,UTA,DAL,110.9,129.7,-0.6,1.8,-0.6,0.3,18.8,2.6,0.8,-1.2,54.2,84.5,24.5,18.8,66.5,88.3,25.0,15.5,24,26,29,43,0,122,35,35,42,32,0,144
0022500586,2025-26,2026-01-15,CHA,LAL,137.8,118.2,-16.9,-0.8,-7.9,1.0,-0.0,5.7,0.8,-0.4,65.2,86.7,37.8,16.3,53.8,90.9,25.0,18.3,30,34,40,31,0,135,39,16,38,24,0,117
0022500581,2025-26,2026-01-15,OKC,HOU,113.3,91.0,-1.9,-2.0,4.1,1.4,-24.8,-2.4,8.1,-1.7,55.1,87.8,15.9,14.6,37.0,84.0,38.3,13.5,21,34,22,34,0,111,19,29,27,16,0,91
0022500589,2025-26,2026-01-16,CLE,PHI,118.2,117.3,-11.8,5.0,-3.2,1.5,0.1,3.2,3.0,-0.3,61.8,81.8,29.4,14.1,53.8,88.8,28.9,18.7,31,24,29,33,0,117,31,31,29,24,0,115
0022500588,2025-26,2026-01-16,NOP,IND,122.7,132.3,-6.1,-5.5,1.3,-2.4,7.6,7.9,2.3,-3.1,57.9,90.7,21.1,29.3,58.9,92.7,27.7,7.9,33,33,27,26,0,119,31,42,29,25,0,127
0022500592,2025-26,2026-01-16,WAS,SAC,112.7,125.5,-1.8,-3.7,3.3,0.6,20.0,-5.5,4.0,0.9,55.0,89.2,17.5,17.8,67.3,81.4,30.8,23.5,22,39,23,31,0,115,41,26,34,27,0,128
0022500591,2025-26,2026-01-16,MIN,HOU,107.1,112.2,1.0,2.8,-2.1,-1.3,-0.3,-0.4,-0.1,1.0,53.1,83.7,27.3,25.0,53.6,85.7,23.3,23.8,34,21,27,23,0,105,29,24,28,29,0,110
0022500587,2025-26,2026-01-16,CHI,BKN,110.1,114.3,-0.4,-6.9,7.4,0.4,-0.7,-0.4,-0.3,-0.9,54.1,91.9,10.0,18.6,53.3,85.7,22.9,16.5,23,17,32,37,0,109,27,30,32,23,0,112
0022500590,2025-26,2026-01-16,LAC,TOR,115.2,113.6,-9.4,1.5,1.9,-3.3,1.2,-4.1,2.8,1.4,60.1,84.8,20.0,32.9,54.6,82.5,28.6,25.3,24,28,26,31,12,121,32,29,28,20,8,117
0022500597,2025-26,2026-01-17,OKC,MIA,118.8,120.8,-13.6,1.0,5.0,-2.5,-11.6,11.7,5.7,-0.5,63.0,85.1,14.3,29.9,45.9,96.0,33.9,18.0,37,28,30,25,0,120,30,30,35,27,0,122
0022500596,2025-26,2026-01-17,PHX,NYK,114.0,107.6,4.7,-1.2,-3.0,-2.0,-7.4,-5.3,8.2,0.8,50.6,87.1,28.9,28.0,48.8,81.5,38.5,23.2,19,36,25,26,0,106,27,29,21,22,0,99
0022500593,2025-26,2026-01-17,UTA,DAL,117.6,135.3,-8.5,0.9,-1.5,1.1,14.7,3.7,3.7,1.1,59.6,85.3,26.2,15.7,63.7,89.2,30.2,24.2,29,30,35,26,0,120,42,29,35,32,0,138
0022500598,2025-26,2026-01-17,MIN,SAS,123.0,127.3,-1.0,-3.5,-4.4,-2.0,6.2,3.3,7.4,-0.5,54.4,89.0,31.6,27.8,58.0,88.9,37.0,18.1,22,22,40,39,0,123,21,48,27,30,0,126
0022500594,2025-26,2026-01-17,BOS,ATL,125.7,101.0,-13.1,2.6,-0.5,0.1,-13.6,3.0,-0.4,-1.4,62.6,83.8,24.4,19.8,44.6,88.6,22.8,14.7,30,52,35,15,0,132,23,28,23,32,0,106
0022500601,2025-26,2026-01-17,LAL,POR,116.0,132.0,-4.8,1.2,2.5,-0.6,11.6,-1.2,7.7,2.6,57.1,85.0,18.9,22.4,61.6,85.0,37.5,30.2,27,34,29,26,0,116,40,31,36,25,0,132
0022500599,2025-26,2026-01-17,CHA,GSW,113.7,133.3,-0.7,3.2,-2.1,1.3,19.8,2.6,-0.8,-2.1,54.3,83.3,27.3,14.9,67.2,88.2,22.0,11.8,28,29,37,22,0,116,39,30,43,24,0,136
0022500600,2025-26,2026-01-17,WAS,DEN,113.9,119.8,3.3,-3.6,-5.4,0.9,10.9,1.3,-6.6,-0.0,51.6,89.1,33.3,16.7,61.2,87.1,11.4,20.0,29,34,23,29,0,115,36,26,21,38,0,121
0022500595,2025-26,2026-01-17,IND,DET,70.3,110.0,19.7,10.0,6.3,0.6,6.3,-3.9,-4.0,-1.5,40.5,77.5,12.0,17.7,58.1,82.7,16.3,14.0,11,14,28,25,0,78,31,28,33,29,0,121
0022500607,2025-26,2026-01-18,TOR,LAL,95.9,114.6,12.1,-4.3,1.7,2.3,4.0,-2.0,-1.1,-0.9,45.6,89.7,20.4,11.0,56.5,84.4,21.4,16.5,30,24,26,13,0,93,23,32,32,23,0,110
0022500603,2025-26,2026-01-18,BKN,CHI,109.7,134.8,-2.4,-2.5,3.5,2.0,13.3,4.9,0.5,-3.5,55.4,88.2,17.1,12.0,62.8,90.2,24.4,6.4,22,29,20,31,0,102,39,31,25,29,0,124
0022500605,2025-26,2026-01-18,CHA,DEN,127.9,101.2,-2.7,1.4,-10.8,2.0,-12.2,5.5,-2.9,-0.3,55.6,84.9,43.2,12.4,45.6,90.7,18.2,19.0,33,27,27,23,0,110,18,16,23,30,0,87
0022500604,2025-26,2026-01-18,NOP,HOU,111.1,120.2,-2.8,0.2,-0.8,1.6,5.1,-1.4,7.4,-0.6,55.7,85.9,25.0,13.6,57.2,84.8,37.0,17.8,30,24,26,30,0,110,32,32,23,32,0,119
0022500606,2025-26,2026-01-18,POR,SAC,115.8,107.8,1.2,1.1,-1.8,-3.8,2.1,-2.0,0.2,-0.7,53.0,85.1,26.8,34.9,55.2,84.3,23.8,17.4,32,32,29,24,0,117,32,21,29,28,0,110
0022500602,2025-26,2026-01-18,ORL,MEM,109.0,123.5,6.4,3.6,-1.7,1.1,9.0,2.6,-0.2,-0.3,49.5,83.0,26.7,15.8,59.9,88.2,23.1,18.7,23,30,28,28,0,109,40,32,28,26,0,126
0022500608,2025-26,2026-01-19,LAC,WAS,112.2,107.1,6.6,2.8,-2.8,-5.7,-4.8,-7.4,5.0,0.5,49.4,83.7,28.6,42.3,50.6,79.8,32.6,22.1,26,28,25,31,0,110,26,27,28,25,0,106
0022500014,2025-26,2026-01-19,MIL,ATL,108.7,107.8,-8.4,-1.6,7.5,-0.7,-10.3,4.9,0.6,0.2,59.5,87.4,9.8,22.8,46.9,90.2,24.6,20.8,20,34,26,32,0,112,19,19,34,38,0,110
0022500611,2025-26,2026-01-19,UTA,SAS,108.9,123.0,9.7,-0.1,-3.6,-1.3,17.8,-0.0,-7.4,1.0,47.3,86.1,30.0,25.0,65.8,86.0,10.0,24.1,26,31,23,30,0,110,34,27,35,27,0,123
0022500016,2025-26,2026-01-19,DAL,NYK,108.6,92.4,-6.1,2.6,4.0,-0.8,-13.4,-2.6,2.9,-1.9,57.9,83.8,16.3,23.2,44.7,83.8,28.8,12.6,31,44,19,20,0,114,22,25,24,26,0,97
0022500609,2025-26,2026-01-19,IND,PHI,104.0,114.1,-2.3,11.8,-4.9,1.8,-4.8,5.7,3.9,1.8,55.4,76.0,32.4,13.1,50.6,90.9,30.6,27.3,30,25,26,23,0,104,33,17,32,31,0,113
0022500017,2025-26,2026-01-19,BOS,DET,110.8,111.8,9.2,1.3,-3.8,-2.3,-6.5,6.3,-0.5,-0.2,47.6,84.9,30.4,28.9,49.4,91.4,22.5,19.3,29,22,31,21,0,103,26,33,25,20,0,104
0022500612,2025-26,2026-01-19,MIA,GSW,104.7,126.2,11.6,4.5,-6.0,-0.3,15.4,1.0,-2.4,-1.6,46.0,82.2,34.5,21.2,64.2,86.9,19.0,13.7,34,32,27,19,0,112,36,34,34,31,0,135
0022500015,2025-26,2026-01-19,OKC,CLE,127.1,97.2,-21.5,-2.1,4.9,1.4,-17.8,-6.7,7.5,2.7,68.3,87.9,14.6,14.4,41.8,80.4,37.3,30.8,32,34,25,45,0,136,27,24,28,25,0,104
0022500610,2025-26,2026-01-19,PHX,BKN,141.6,130.0,-24.2,0.8,-0.8,-0.9,9.0,6.0,-1.9,1.2,70.1,85.4,25.0,23.4,59.9,91.1,20.0,24.7,40,32,31,23,0,126,26,42,21,28,0,117
0022500616,2025-26,2026-01-20,MIN,UTA,116.2,121.0,4.1,-4.1,-2.9,0.0,12.3,-2.6,-1.6,0.5,51.0,89.5,28.8,20.0,62.1,83.8,20.5,21.8,34,24,38,26,0,122,29,30,25,43,0,127
0022500617,2025-26,2026-01-20,LAL,DEN,122.3,112.6,-4.2,-0.2,-2.4,-1.3,-0.5,10.2,-6.9,-1.0,56.6,86.2,27.8,25.3,53.4,94.7,10.9,16.1,28,29,29,29,0,115,37,34,17,19,0,107
0022500619,2025-26,2026-01-20,MIA,SAC,122.6,111.4,-7.2,-5.3,0.5,1.2,4.6,-1.5,-2.4,0.2,58.7,90.6,22.6,15.3,56.9,84.8,19.0,20.7,32,45,23,30,0,130,25,39,25,28,0,117
0022500614,2025-26,2026-01-20,LAC,CHI,107.8,132.7,2.4,2.0,-0.8,1.2,24.2,2.9,-0.2,-2.6,52.2,84.3,25.0,15.2,70.1,88.5,23.1,9.8,30,19,34,27,0,110,25,45,32,36,0,138
0022500613,2025-26,2026-01-20,PHX,PHI,110.5,103.8,2.4,8.2,-5.0,-0.4,-8.8,-4.7,9.1,0.6,52.2,79.0,32.6,21.7,47.8,82.1,40.0,22.6,27,30,40,19,0,116,30,23,31,26,0,110
0022500618,2025-26,2026-01-20,TOR,GSW,139.4,121.0,-26.2,2.8,-3.0,-1.4,9.8,-4.9,5.4,-0.3,71.5,83.7,29.0,25.6,60.4,81.9,33.3,18.7,41,29,38,37,0,145,28,22,44,33,0,127
0022500615,2025-26,2026-01-20,SAS,HOU,107.1,112.1,12.0,-5.7,-2.2,2.7,6.0,-0.2,-4.0,-0.5,45.7,90.9,27.5,9.5,57.8,85.9,16.2,18.1,39,31,22,14,0,106,28,32,22,29,0,111
0022500624,2025-26,2026-01-21,DET,NOP,108.7,102.0,1.4,6.4,-2.9,-0.4,-11.6,-5.5,3.1,2.3,52.8,80.6,28.9,21.6,45.9,81.4,29.2,29.1,34,34,21,23,0,112,30,32,22,20,0,104
0022500620,2025-26,2026-01-21,CLE,CHA,97.9,90.6,15.0,9.3,-6.9,-0.2,-23.7,0.5,2.6,-1.7,43.7,78.1,36.2,20.7,37.8,86.5,28.3,13.3,33,23,20,18,0,94,20,12,32,23,0,87
0022500622,2025-26,2026-01-21,BKN,NYK,71.0,129.0,26.2,1.3,8.6,2.2,20.3,1.2,1.3,-1.3,36.1,84.9,7.7,11.4,67.5,87.1,25.8,15.0,20,18,18,10,0,66,38,22,28,32,0,120
0022500623,2025-26,2026-01-21,ATL,MEM,118.1,117.3,-5.6,2.6,-1.8,0.1,-1.6,-3.9,3.3,1.5,57.6,83.8,26.8,19.6,52.7,82.7,29.5,25.8,31,35,28,30,0,124,32,27,36,27,0,122
0022500621,2025-26,2026-01-21,IND,BOS,103.0,117.8,11.9,-0.1,-0.6,0.2,1.1,-2.2,5.0,1.6,45.7,86.1,24.5,19.1,54.5,84.2,32.6,26.1,20,26,32,26,0,104,30,36,25,28,0,119
0022500626,2025-26,2026-01-21,TOR,SAC,122.0,107.9,1.7,-3.5,-4.2,-1.1,-3.1,-2.2,2.1,0.1,52.7,89.0,31.2,24.5,51.7,84.2,27.3,20.5,26,26,43,27,0,122,30,31,21,27,0,109
0022500625,2025-26,2026-01-21,OKC,MIL,125.8,105.2,-12.5,-6.7,3.5,2.3,8.1,-3.0,-6.0,-3.2,62.2,91.8,17.1,11.1,59.3,83.5,12.5,7.4,38,31,30,23,0,122,18,33,26,25,0,102
0022500632,2025-26,2026-01-22,SAS,UTA,126.0,110.1,-10.5,-3.5,3.3,-0.8,1.0,-3.8,0.5,-2.0,60.9,89.0,17.5,23.0,54.4,82.8,24.4,12.2,31,34,32,29,0,126,31,22,39,17,0,109
0022500631,2025-26,2026-01-22,CHI,MIN,114.3,110.6,-0.4,-3.0,6.2,-2.9,0.7,0.6,-2.4,-1.3,54.1,88.6,12.2,31.4,54.3,86.5,19.1,15.1,26,34,33,27,0,120,32,29,29,25,0,115
0022500629,2025-26,2026-01-22,DEN,WAS,111.5,101.0,5.6,0.7,-2.6,-2.3,-11.8,-0.7,2.8,1.0,50.0,85.4,28.2,28.9,45.8,85.4,28.6,23.8,27,21,33,26,0,107,23,23,29,22,0,97
0022500630,2025-26,2026-01-22,GSW,DAL,106.5,113.9,1.8,-5.5,8.2,1.4,5.6,-7.5,1.5,2.0,52.6,90.7,8.5,14.6,57.6,79.6,26.2,27.9,27,23,39,26,0,115,24,31,29,39,0,123
0022500627,2025-26,2026-01-22,CHA,ORL,130.5,102.1,-16.8,2.2,-2.8,-1.7,-4.7,1.6,-5.2,0.4,65.2,84.2,28.6,26.6,50.6,87.4,14.0,21.5,35,27,35,27,0,124,20,21,26,30,0,97
0022500634,2025-26,2026-01-22,MIA,POR,105.8,123.3,4.8,0.5,-2.5,1.0,9.8,-6.4,6.3,-2.2,50.5,85.6,28.0,16.0,60.4,80.6,35.0,11.5,31,32,29,18,0,110,38,26,39,24,0,127
0022500628,2025-26,2026-01-22,HOU,PHI,116.2,123.1,-2.6,2.6,-2.9,2.0,11.0,-0.5,-0.5,0.3,55.6,83.8,28.8,12.1,61.2,85.6,22.5,21.3,34,27,27,27,7,122,32,36,22,25,13,128
0022500633,2025-26,2026-01-22,LAL,LAC,105.1,115.5,3.1,-4.5,5.0,1.3,1.4,-7.8,4.5,1.0,51.7,89.9,14.3,14.8,54.8,79.4,31.7,23.8,29,18,25,32,0,104,36,28,22,26,0,112
0022500636,2025-26,2026-01-23,PHX,ATL,102.0,108.9,5.6,-1.3,0.8,3.0,10.8,-8.0,-0.5,-1.7,50.0,87.1,22.0,8.4,61.1,79.2,22.5,13.6,31,28,32,12,0,103,27,37,20,26,0,110
0022500642,2025-26,2026-01-23,TOR,POR,112.2,101.0,-6.6,2.8,-0.5,1.8,-10.9,-1.8,2.5,-3.3,58.2,83.7,24.4,12.9,46.4,84.5,28.0,7.1,19,31,26,34,0,110,12,31,31,24,0,98
0022500641,2025-26,2026-01-23,IND,OKC,117.0,112.9,-2.1,-3.5,-2.2,2.2,-1.1,5.9,-7.5,3.3,55.2,89.0,27.5,11.5,53.0,91.1,9.8,32.9,39,19,31,28,0,117,28,25,32,29,0,114
0022500638,2025-26,2026-01-23,SAC,CLE,121.6,125.5,-1.0,-3.1,-0.2,-0.9,-1.8,8.0,5.0,0.7,54.5,88.7,23.8,23.6,52.6,92.9,32.7,22.9,35,36,22,25,0,118,35,33,34,21,0,123
0022500635,2025-26,2026-01-23,HOU,DET,113.3,106.1,-1.9,4.0,-4.4,-2.7,-3.0,-4.0,-0.5,0.1,55.1,82.7,31.6,30.4,51.8,82.7,22.5,20.2,28,24,34,25,0,111,20,32,20,32,0,104
0022500640,2025-26,2026-01-23,DEN,MIL,106.2,105.3,9.9,-6.6,5.7,-0.8,-10.0,2.8,-1.3,0.9,47.1,91.7,13.0,23.0,47.1,88.4,21.2,23.5,21,27,30,24,0,102,21,21,21,37,0,100
0022500637,2025-26,2026-01-23,BOS,BKN,118.2,114.5,-1.8,-6.8,3.2,2.8,-4.1,-2.8,5.4,2.7,55.0,91.8,17.6,9.2,51.1,83.6,33.3,30.5,28,21,29,26,26,130,28,27,26,23,22,126
0022500639,2025-26,2026-01-23,NOP,MEM,126.7,121.0,1.1,-5.2,-6.5,-2.1,7.3,-4.9,4.2,0.2,53.0,90.5,35.3,28.3,58.7,81.9,31.1,20.7,30,30,33,40,0,133,30,35,36,26,0,127
0022500646,2025-26,2026-01-24,CLE,ORL,120.2,105.0,-12.6,3.8,0.3,-0.6,-9.3,-2.4,0.8,3.7,62.3,82.8,22.9,22.2,47.5,84.0,25.0,34.6,25,30,27,37,0,119,23,25,22,35,0,105
0022500645,2025-26,2026-01-24,WAS,CHA,113.9,120.2,-2.9,-1.3,0.4,3.0,10.3,-8.6,5.4,2.3,55.7,87.1,22.7,8.3,60.8,78.8,33.3,29.1,34,24,23,34,0,115,35,31,27,26,0,119
0022500648,2025-26,2026-01-24,LAL,DAL,111.5,105.8,2.3,1.7,-5.4,-1.1,-10.3,4.0,-1.3,0.9,52.2,84.6,33.3,24.4,46.8,89.4,21.2,23.4,37,28,14,37,0,116,28,24,35,23,0,110
0022500649,2025-26,2026-01-24,MIA,UTA,132.4,104.5,2.2,-1.6,-14.0,-2.9,-3.2,1.6,-4.4,0.7,52.3,87.4,49.1,31.5,51.6,87.4,15.6,22.8,35,38,35,39,0,147,34,18,37,27,0,116
0022500643,2025-26,2026-01-24,NYK,PHI,114.3,112.4,2.4,-3.2,-8.0,1.0,4.0,-0.6,-4.7,2.2,52.2,88.8,38.0,16.1,56.5,85.6,15.0,28.6,34,26,30,22,0,112,34,30,13,32,0,109
0022500647,2025-26,2026-01-24,BOS,CHI,120.7,123.9,2.6,-8.8,2.9,3.1,13.5,-2.8,-1.3,-3.0,52.0,93.5,18.2,8.1,62.9,83.7,21.1,8.2,28,30,27,26,0,111,30,22,36,26,0,114
0022500653,2025-26,2026-01-25,TOR,OKC,105.1,104.1,5.6,-3.2,-2.1,0.1,-3.7,3.1,-6.7,3.1,50.0,88.8,27.3,19.8,51.3,88.7,11.4,32.0,25,29,25,24,0,103,30,20,31,20,0,101
0022500655,2025-26,2026-01-25,MIA,PHX,108.8,101.0,10.4,-2.6,-5.7,-1.5,-19.7,3.6,5.7,0.2,46.8,88.2,34.0,25.8,40.5,89.1,33.9,21.0,32,26,24,29,0,111,21,27,29,25,0,102
0022500644,2025-26,2026-01-25,GSW,MIN,106.7,82.5,4.8,-2.9,5.7,1.1,-11.3,-13.3,-1.7,-1.2,50.5,88.5,13.0,15.8,46.2,74.8,20.4,15.2,24,23,38,26,0,111,19,27,17,22,0,85
0022500656,2025-26,2026-01-25,BKN,LAC,87.3,123.5,21.3,3.2,3.6,-1.5,15.3,-5.5,-1.6,3.4,39.4,83.3,17.0,25.9,64.1,81.4,20.6,33.3,14,23,29,23,0,89,38,30,28,30,0,126
0022500650,2025-26,2026-01-25,SAC,DET,114.9,139.0,-7.6,5.7,-4.0,-0.1,14.7,-5.9,10.8,1.3,58.9,81.2,30.8,20.2,63.7,81.0,43.2,25.3,35,30,28,23,0,116,35,43,35,26,0,139
0022500654,2025-26,2026-01-25,NOP,SAS,108.3,100.0,13.6,-4.2,-6.1,1.9,-10.2,1.6,-1.7,0.9,44.6,89.6,34.5,12.7,46.9,87.4,20.4,23.5,25,31,26,22,0,104,28,19,21,27,0,95
0022500657,2025-26,2026-01-26,PHI,CHA,91.2,128.7,13.9,3.2,-0.0,1.1,19.3,-12.7,9.0,0.7,44.4,83.3,23.5,15.7,66.9,75.2,40.0,22.9,22,22,15,34,0,93,28,41,40,21,0,130
0022500659,2025-26,2026-01-26,IND,ATL,106.4,118.9,3.2,1.9,4.2,-0.4,8.0,1.6,-1.7,-1.0,51.6,84.4,15.9,21.5,59.2,87.4,20.5,16.3,38,26,28,24,0,116,34,26,35,37,0,132
0022500662,2025-26,2026-01-26,MEM,HOU,101.0,108.0,19.7,-0.8,-5.7,1.7,-4.8,-2.4,5.8,-1.0,40.5,86.7,33.9,13.3,50.5,84.0,34.0,16.3,24,30,23,22,0,99,23,28,25,32,0,108
0022500660,2025-26,2026-01-26,POR,BOS,95.9,104.1,9.4,5.2,-1.5,-1.4,-4.8,-4.0,-0.7,-2.0,47.4,81.6,26.2,25.6,50.6,82.7,22.2,12.2,11,26,28,29,0,94,32,20,23,27,0,102
0022500663,2025-26,2026-01-26,GSW,MIN,77.6,100.9,21.2,4.5,2.5,3.0,0.8,-7.8,-1.4,1.2,39.5,82.2,19.0,8.4,54.3,79.4,20.9,24.7,20,18,19,26,0,83,21,32,22,33,0,108
0022500661,2025-26,2026-01-26,LAL,CHI,127.7,116.8,-17.8,-7.1,8.5,-1.4,14.2,-1.1,-5.5,-0.8,65.9,92.1,7.9,25.6,63.4,85.1,13.5,17.1,35,34,35,25,0,129,31,25,33,29,0,118
0022500658,2025-26,2026-01-26,ORL,CLE,102.1,120.0,11.1,-1.7,-1.1,2.1,9.4,-3.4,-2.2,1.0,46.3,87.5,25.5,11.7,60.1,83.2,19.4,24.1,32,24,25,17,0,98,22,39,30,23,0,114
0022500669,2025-26,2026-01-27,BKN,PHX,114.6,117.8,-8.2,12.7,-6.5,0.7,7.8,-3.2,3.7,-0.1,59.3,75.3,35.3,17.3,59.1,83.3,30.3,19.5,29,22,24,27,0,102,28,32,22,24,0,106
0022500666,2025-26,2026-01-27,MIL,PHI,123.2,141.8,-9.0,-2.2,1.6,-0.5,14.2,8.0,5.4,-2.3,59.9,87.9,20.5,22.1,63.4,92.9,33.3,10.9,34,28,33,27,0,122,42,29,35,33,0,139
0022500667,2025-26,2026-01-27,NOP,OKC,97.9,109.5,21.3,-5.5,-6.0,0.7,-9.0,-3.4,2.6,1.1,39.4,90.7,34.4,17.2,47.7,83.2,28.3,24.1,14,32,23,26,0,95,17,31,31,25,0,104
0022500670,2025-26,2026-01-27,LAC,UTA,119.8,109.6,-4.5,-3.0,-2.8,0.8,-2.0,-4.9,1.9,0.2,56.8,88.5,28.6,17.0,52.4,81.9,27.0,20.7,18,35,36,26,0,115,29,25,20,29,0,103
0022500665,2025-26,2026-01-27,SAC,NYK,90.6,108.4,15.8,4.4,-3.8,1.6,2.9,-9.6,2.8,0.1,43.1,82.3,30.4,13.8,55.8,77.9,28.6,20.5,26,25,21,15,0,87,36,16,20,31,0,103
0022500668,2025-26,2026-01-27,DET,DEN,116.0,113.8,5.6,-7.7,-1.7,1.0,-0.3,-2.4,4.5,0.1,50.0,92.6,26.5,16.0,53.6,84.0,31.7,20.2,31,21,30,27,0,109,18,28,26,35,0,107
0022500664,2025-26,2026-01-27,POR,WAS,103.7,107.5,13.1,5.6,-13.2,2.1,-6.4,1.0,1.3,-0.4,45.0,81.3,47.5,11.9,49.5,86.9,25.9,18.4,28,25,34,24,0,111,26,34,26,29,0,115
0022500679,2025-26,2026-01-28,SAS,HOU,112.1,100.0,-5.2,1.4,1.0,-0.2,-15.4,-0.2,4.1,-1.8,57.3,84.8,21.6,20.7,43.4,85.9,30.9,13.1,26,28,30,27,0,111,36,26,24,13,0,99
0022500674,2025-26,2026-01-28,ORL,MIA,123.1,115.9,-5.8,-8.8,-0.0,1.9,7.0,-3.4,-0.2,1.0,57.7,93.5,23.5,12.5,58.5,83.2,23.1,23.9,34,25,40,34,0,133,27,41,20,36,0,124
0022500671,2025-26,2026-01-28,LAL,CLE,102.1,133.0,0.1,3.0,1.9,1.3,11.2,4.3,5.4,-2.5,53.7,83.5,20.0,14.8,61.3,89.7,33.3,10.3,28,27,22,22,0,99,24,33,42,30,0,129
0022500677,2025-26,2026-01-28,MIN,DAL,112.4,100.0,2.5,-3.0,0.1,-0.3,-10.0,-4.9,4.2,2.8,52.1,88.6,23.4,21.3,47.0,81.9,31.1,31.0,31,27,34,26,0,118,29,19,27,30,0,105
0022500672,2025-26,2026-01-28,CHI,IND,113.4,115.3,-1.1,-3.1,2.2,1.1,-0.4,9.3,-5.4,1.5,54.5,88.7,19.6,15.9,53.5,93.9,13.6,25.9,33,20,32,25,0,110,24,25,27,37,0,113
0022500673,2025-26,2026-01-28,ATL,BOS,120.6,110.4,-6.3,-5.5,1.0,2.7,-2.3,-3.2,6.2,-1.4,58.1,90.7,21.7,9.7,52.2,83.3,34.9,14.6,38,22,27,30,0,117,18,28,30,30,0,106
0022500675,2025-26,2026-01-28,NYK,TOR,117.8,92.0,-5.9,4.6,-3.3,0.9,-16.9,-7.1,1.1,3.0,57.8,82.2,29.5,16.7,42.4,80.0,25.5,31.6,18,29,35,37,0,119,28,23,19,22,0,92
0022500676,2025-26,2026-01-28,CHA,MEM,121.7,105.4,-6.7,9.2,-8.1,3.1,0.8,-0.2,-1.3,-2.3,58.3,78.3,38.2,7.8,54.3,85.9,21.1,11.1,36,26,28,22,0,112,28,27,20,22,0,97
0022500678,2025-26,2026-01-28,GSW,UTA,130.8,114.8,-19.4,5.6,-4.0,-2.3,5.1,-4.3,0.8,0.8,66.9,81.3,30.8,29.1,57.2,82.4,25.0,23.3,34,34,33,39,0,140,24,31,38,31,0,124
0022500686,2025-26,2026-01-29,OKC,MIN,113.3,124.2,-0.4,2.8,-1.5,-0.2,13.5,-7.3,7.7,-2.0,54.1,83.7,26.2,20.9,62.9,79.8,37.5,12.4,22,28,30,31,0,111,34,29,33,27,0,123
0022500529,2025-26,2026-01-29,MIA,CHI,108.4,104.6,3.2,-1.0,1.0,-0.4,-9.6,-1.0,3.1,1.4,51.6,86.9,21.7,21.5,47.3,85.2,29.1,25.5,34,28,29,25,0,116,31,20,34,28,0,113
0022500682,2025-26,2026-01-29,HOU,ATL,114.3,95.6,7.2,-0.9,-9.5,1.2,-16.0,0.7,2.2,-3.5,48.9,86.8,40.7,15.2,43.0,86.7,27.5,6.5,23,20,35,26,0,104,23,19,24,20,0,86
0022500681,2025-26,2026-01-29,MIL,WAS,97.1,107.9,10.2,-6.1,5.2,3.3,-14.9,1.3,5.4,1.5,46.9,91.2,14.0,7.1,43.8,87.1,33.3,26.0,23,20,29,27,0,99,25,32,25,27,0,109
0022500685,2025-26,2026-01-29,DET,PHX,100.0,118.8,11.6,-5.4,1.9,0.4,4.7,-4.4,2.6,2.7,46.0,90.6,20.0,18.4,57.0,82.3,28.2,30.4,31,25,25,15,0,96,35,37,21,21,0,114
0022500684,2025-26,2026-01-29,BKN,DEN,118.4,121.6,3.0,-4.3,-3.1,0.6,2.7,7.1,-3.8,0.6,51.8,89.7,29.2,17.6,55.6,92.0,16.7,22.5,26,23,27,27,0,103,30,34,15,28,0,107
0022500680,2025-26,2026-01-29,SAC,PHI,120.7,124.2,-3.4,5.3,-9.4,-0.8,8.8,4.8,-9.6,4.5,56.1,81.5,40.5,23.2,59.7,90.1,6.1,37.5,25,29,38,19,0,111,28,32,28,25,0,113
0022500683,2025-26,2026-01-29,CHA,DAL,120.6,119.8,-6.6,-4.9,3.1,0.3,-2.8,7.1,1.4,-1.6,58.2,90.2,17.8,18.7,51.9,92.1,26.0,13.6,33,26,34,30,0,123,20,38,35,28,0,121
0022500693,2025-26,2026-01-30,CLE,PHX,108.7,121.2,-0.5,8.4,-4.7,3.0,18.8,-8.4,0.8,-1.2,54.1,78.8,32.0,8.2,66.5,78.8,25.0,15.3,25,22,32,34,0,113,26,26,45,29,0,126
0022500688,2025-26,2026-01-30,LAL,WAS,135.2,105.7,-23.1,2.6,-5.4,-2.1,-1.9,-4.9,5.0,-3.3,69.4,83.8,33.3,28.2,52.5,81.9,32.7,7.1,41,36,31,34,0,142,27,21,36,27,0,111
0022500689,2025-26,2026-01-30,SAC,BOS,103.3,124.4,15.4,4.5,-5.4,-1.3,1.5,7.3,3.8,-2.4,43.4,82.2,33.3,25.3,54.8,92.2,30.4,10.8,25,21,20,27,0,93,40,32,17,23,0,112
0022500690,2025-26,2026-01-30,POR,NYK,97.0,127.0,3.8,7.1,2.9,0.7,6.3,-0.0,6.6,-2.0,51.2,80.0,18.2,17.3,58.1,86.0,35.6,12.1,22,27,20,28,0,97,37,22,28,40,0,127
0022500687,2025-26,2026-01-30,TOR,ORL,117.6,127.5,-4.1,-0.3,3.0,-2.5,12.4,2.6,-8.1,5.7,56.5,86.3,17.9,29.8,62.2,88.2,8.8,42.3,28,29,42,21,0,120,29,21,36,44,0,130
0022500696,2025-26,2026-01-30,DET,GSW,118.0,109.7,0.2,0.5,-5.0,-2.7,1.0,-2.3,-0.6,2.3,53.7,85.6,32.6,30.5,54.4,84.1,22.4,28.9,45,32,31,23,0,131,37,27,31,29,0,124
0022500691,2025-26,2026-01-30,MEM,NOP,107.1,112.9,6.4,7.3,-7.1,1.3,-0.6,-2.2,4.6,0.7,49.5,79.8,36.4,15.1,53.4,84.2,31.8,22.7,32,29,15,30,0,106,28,30,35,21,0,114
0022500695,2025-26,2026-01-30,LAC,DEN,116.0,129.8,-1.3,-5.2,0.1,0.7,17.7,0.2,-0.1,4.0,54.7,90.4,23.4,17.4,65.8,86.2,23.3,35.6,27,23,30,29,0,109,35,24,33,30,0,122
0022500694,2025-26,2026-01-30,BKN,UTA,118.5,106.5,-3.4,-1.1,-3.0,-0.2,3.9,2.5,-5.1,-1.5,56.1,87.0,28.9,20.7,56.4,88.2,14.3,14.1,27,27,29,26,0,109,26,26,29,18,0,99
0022500700,2025-26,2026-01-31,MIN,MEM,129.7,111.8,-13.5,1.0,-1.8,-0.3,1.0,-0.9,2.3,-0.6,62.9,85.1,26.8,21.3,54.4,85.3,27.7,17.8,30,28,39,34,0,131,21,28,30,35,0,114
0022500697,2025-26,2026-01-31,SAS,CHA,112.8,116.8,-2.7,-2.7,5.2,-0.3,-3.1,1.6,4.6,0.7,55.6,88.3,14.0,21.2,51.7,87.4,31.8,22.7,30,17,28,31,0,106,26,35,24,26,0,111
0022500701,2025-26,2026-01-31,DAL,HOU,108.1,112.1,5.6,-3.4,-0.2,0.9,-11.1,9.3,5.1,-2.5,50.0,88.9,23.9,16.3,46.3,93.9,32.7,10.2,28,23,31,25,0,107,31,28,28,24,0,111
0022500699,2025-26,2026-01-31,NOP,PHI,114.0,121.6,3.2,-4.7,1.1,-0.2,4.6,4.9,1.1,-0.5,51.6,90.0,21.6,20.7,56.9,90.2,25.5,18.1,33,21,27,33,0,114,31,36,20,37,0,124
0022500692,2025-26,2026-01-31,CHI,MIA,109.6,103.5,-14.5,8.4,11.5,1.3,-5.6,-3.2,-3.2,1.1,63.6,78.9,2.6,14.8,50.0,83.3,17.6,24.2,31,25,35,34,0,125,25,38,21,34,0,118
0022500698,2025-26,2026-01-31,ATL,IND,113.8,119.4,1.0,-5.6,1.9,-0.4,12.6,-8.6,2.2,0.0,53.1,90.8,20.0,21.6,62.4,78.7,27.5,20.2,39,34,27,24,0,124,35,45,23,26,0,129
0022500708,2025-26,2026-02-01,LAL,NYK,107.5,120.4,2.1,-2.5,3.0,1.5,4.9,3.8,5.0,-2.9,52.4,88.2,17.9,14.3,57.1,89.2,32.6,8.8,33,23,26,18,0,100,27,25,38,22,0,112
0022500703,2025-26,2026-02-01,ORL,SAS,101.0,110.9,6.4,0.9,5.7,1.5,1.6,-3.4,-0.7,1.7,49.5,85.3,13.0,14.3,54.9,83.2,22.2,26.8,21,40,18,24,0,103,37,23,26,26,0,112
0022500710,2025-26,2026-02-01,CLE,POR,127.5,106.7,-14.7,-0.3,-0.8,1.2,-2.6,-9.6,7.4,-2.8,63.7,86.3,25.0,15.4,52.0,77.9,37.0,9.2,29,28,41,32,0,130,24,24,30,33,0,111
0022500702,2025-26,2026-02-01,MIL,BOS,90.8,124.4,18.3,-1.5,-1.1,1.7,-1.6,2.7,7.8,-2.4,41.5,87.4,25.5,13.4,52.7,88.4,37.8,10.9,26,16,19,18,0,79,26,30,22,29,0,107
0022500704,2025-26,2026-02-01,BKN,DET,76.2,130.0,23.9,12.6,1.5,-2.6,14.4,7.0,-5.7,1.5,37.7,75.2,20.8,30.1,63.5,92.0,13.2,25.9,24,20,18,15,0,77,33,34,33,30,0,130
0022500709,2025-26,2026-02-01,LAC,PHX,123.2,98.9,-5.1,5.8,-7.7,-1.7,-15.2,10.1,-3.4,-1.8,57.2,81.1,37.5,26.5,43.5,94.7,17.2,12.9,24,25,36,32,0,117,20,23,28,22,0,93
0022500707,2025-26,2026-02-01,SAC,WAS,115.5,118.4,3.9,0.6,-4.1,-2.8,8.7,-4.0,6.4,-1.9,51.2,85.6,31.0,31.0,59.7,82.7,35.1,12.5,14,34,34,30,0,112,23,30,35,28,0,116
0022500711,2025-26,2026-02-01,OKC,DEN,122.2,112.1,-6.6,-1.0,-2.4,-1.5,8.4,-4.9,-0.4,0.4,58.2,86.9,27.9,25.9,59.5,81.8,22.9,21.5,32,30,39,20,0,121,26,29,30,26,0,111
0022500705,2025-26,2026-02-01,CHI,MIA,85.0,126.4,26.9,4.4,-2.3,-3.4,4.8,6.4,4.6,-2.3,35.6,82.2,27.8,33.3,57.0,91.5,31.9,11.2,13,27,22,29,0,91,34,28,39,33,0,134
0022500706,2025-26,2026-02-01,UTA,TOR,97.1,102.9,20.4,10.9,-8.1,-2.8,-7.4,-5.0,1.1,2.5,40.0,76.7,38.3,31.1,48.8,81.7,25.5,29.8,23,33,28,16,0,100,28,23,35,21,0,107
0022500715,2025-26,2026-02-02,PHI,LAC,134.7,121.5,-4.6,-9.0,-4.2,-0.6,16.2,-1.3,-4.3,-1.2,56.9,93.7,31.1,22.3,64.7,84.9,15.6,15.4,38,34,28,28,0,128,19,34,34,26,0,113
0022500713,2025-26,2026-02-02,HOU,IND,120.4,115.2,5.6,2.8,-10.3,-4.0,3.7,4.6,-4.2,-0.4,50.0,83.7,42.2,35.6,56.3,89.9,15.9,18.4,24,39,24,31,0,118,28,28,31,27,0,114
0022500712,2025-26,2026-02-02,NOP,CHA,99.0,105.2,11.8,-6.6,7.5,-0.4,-10.0,-4.2,4.1,1.5,45.8,91.7,9.8,21.4,47.1,82.5,31.0,25.9,30,34,18,13,0,95,23,26,29,24,0,102
0022500714,2025-26,2026-02-02,MIN,MEM,129.3,138.4,-5.9,-5.8,-2.6,-1.7,10.4,4.6,4.0,3.6,57.8,90.9,28.3,26.7,60.8,89.9,30.8,34.1,29,29,28,42,0,128,36,30,32,39,0,137
0022500721,2025-26,2026-02-03,BOS,DAL,115.8,104.2,-2.9,-4.0,1.0,4.3,-10.6,5.4,1.4,-0.2,55.7,89.5,21.7,3.1,46.6,90.6,26.0,19.1,32,20,34,24,0,110,29,15,23,33,0,100
0022500723,2025-26,2026-02-03,ORL,OKC,93.9,132.0,12.3,2.8,1.5,2.0,6.3,3.1,5.4,0.4,45.5,83.7,20.8,12.4,58.1,88.7,33.3,21.5,14,27,27,24,0,92,39,29,26,34,0,128
0022500720,2025-26,2026-02-03,ATL,MIA,125.7,112.7,-7.6,-5.9,3.9,3.1,-8.7,1.4,0.0,1.0,58.9,91.1,16.3,7.9,47.9,87.3,23.5,24.0,33,34,31,29,0,127,23,27,31,34,0,115
0022500725,2025-26,2026-02-03,PHX,POR,134.0,127.6,-11.9,-3.1,-8.1,2.5,7.6,-4.0,9.1,-1.6,61.9,88.7,38.3,10.3,58.9,82.7,40.0,13.7,30,37,34,29,0,130,41,31,22,31,0,125
0022500722,2025-26,2026-02-03,CHI,MIL,112.7,131.0,-1.8,-4.9,1.5,0.6,14.2,-0.0,2.6,-3.0,55.0,90.2,20.8,17.8,63.4,86.0,28.3,8.2,24,28,37,26,0,115,39,38,28,26,0,131
0022500717,2025-26,2026-02-03,UTA,IND,126.0,116.2,-15.4,-5.1,4.0,-0.1,12.0,-0.4,-3.1,0.4,64.2,90.4,16.2,20.5,61.9,85.7,17.9,21.4,25,31,40,35,0,131,32,24,33,33,0,122
0022500716,2025-26,2026-02-03,DEN,DET,119.8,124.0,4.7,-4.8,-2.4,-6.3,-2.5,5.8,2.4,2.0,50.6,90.1,27.9,44.6,52.1,91.0,27.9,27.7,27,23,30,41,0,121,32,37,24,31,0,124
0022500719,2025-26,2026-02-03,LAL,BKN,121.4,105.8,-6.6,-2.7,-0.2,-2.7,-0.9,-6.4,5.8,-2.7,58.2,88.3,23.8,30.6,53.2,80.6,34.0,9.6,45,24,31,25,0,125,23,17,34,35,0,109
0022500718,2025-26,2026-02-03,NYK,WAS,130.7,100.0,-11.7,-5.9,0.9,-0.8,-9.9,1.3,-2.1,0.8,61.7,91.1,22.0,23.3,47.1,87.1,19.6,23.3,38,34,30,30,0,132,22,23,26,30,0,101
0022500724,2025-26,2026-02-03,PHI,GSW,124.2,103.3,2.4,0.4,-14.6,0.7,8.6,-9.4,-1.6,-4.8,52.2,85.7,50.0,17.2,59.6,78.0,20.5,1.3,31,27,26,29,0,113,32,23,16,23,0,94
0022500732,2025-26,2026-02-04,CLE,LAC,125.3,91.9,-8.0,-5.7,-3.3,3.1,-5.6,-12.0,-4.0,-1.6,59.2,90.9,29.5,8.2,50.0,75.8,16.2,13.8,36,26,32,30,0,124,18,24,26,23,0,91
0022500726,2025-26,2026-02-04,DEN,NYK,114.4,120.7,5.6,0.5,-3.2,-0.2,7.7,3.7,-1.9,-1.0,50.0,85.6,29.4,21.0,59.0,89.2,20.0,16.0,30,23,29,26,19,127,28,27,33,20,26,134
0022500728,2025-26,2026-02-04,BOS,HOU,126.7,102.2,-0.1,3.2,-11.0,0.3,-8.3,3.5,0.5,-0.8,53.9,83.3,43.5,18.9,48.2,89.0,24.5,17.1,18,31,36,29,0,114,17,25,21,30,0,93
0022500727,2025-26,2026-02-04,MIN,TOR,123.1,122.3,-7.4,-5.1,-3.0,1.4,11.0,1.6,-1.1,-0.2,58.8,90.4,28.9,14.4,61.2,87.4,21.4,19.1,32,27,35,34,0,128,35,37,32,22,0,126
0022500731,2025-26,2026-02-04,MEM,SAC,125.2,122.5,-9.2,-1.6,-1.1,-0.9,-4.9,1.4,3.5,1.0,60.0,87.4,25.6,23.3,50.5,87.3,29.8,24.0,28,30,31,40,0,129,31,26,34,34,0,125
0022500730,2025-26,2026-02-04,OKC,SAS,101.0,110.5,5.6,-0.7,3.8,1.6,-3.4,0.7,5.1,-2.1,50.0,86.7,16.7,14.0,51.5,86.7,32.7,11.9,26,32,27,21,0,106,39,34,22,21,0,116
0022500729,2025-26,2026-02-04,NOP,MIL,130.5,133.0,-10.1,-7.4,2.2,-1.1,27.4,-0.2,-3.5,-2.9,60.6,92.4,19.6,24.5,72.3,85.8,17.1,8.7,34,36,34,24,9,137,30,33,36,29,13,141
0022500735,2025-26,2026-02-05,UTA,ATL,120.2,122.2,2.0,-3.4,-7.3,1.8,-1.1,4.5,7.9,-0.7,52.5,88.9,36.7,12.9,53.1,89.9,38.0,17.3,31,29,36,23,0,119,30,31,31,29,0,121
0022500733,2025-26,2026-02-05,WAS,DET,123.5,114.7,-14.7,3.2,-0.8,2.3,-3.1,-0.9,5.4,2.4,63.7,83.3,25.0,11.0,51.7,85.3,33.3,29.5,34,22,39,31,0,126,21,31,32,33,0,117
0022500737,2025-26,2026-02-05,CHA,HOU,113.5,102.1,3.9,10.5,-7.0,-0.8,-4.7,-5.4,2.8,-0.5,51.1,77.1,36.4,23.0,50.6,81.4,28.6,18.1,29,32,30,18,0,109,26,23,26,24,0,99
0022500736,2025-26,2026-02-05,CHI,TOR,111.5,130.9,-1.7,4.4,-4.9,3.2,15.7,1.4,0.4,-1.9,54.9,82.3,32.5,7.7,64.4,87.2,24.2,12.6,25,33,30,19,0,107,33,32,35,23,0,123
0022500739,2025-26,2026-02-05,GSW,PHX,112.2,109.0,-4.1,3.2,-0.5,0.1,3.4,0.6,-4.9,-3.6,56.6,83.3,24.4,19.7,56.1,86.5,14.6,6.1,25,34,17,25,0,101,29,26,27,15,0,97
0022500734,2025-26,2026-02-05,BKN,ORL,100.0,121.6,7.4,6.4,-0.8,-0.5,7.9,-4.2,1.6,1.4,48.8,80.6,25.0,22.0,59.1,82.5,26.5,25.6,19,21,27,31,0,98,27,29,32,30,0,118
0022500738,2025-26,2026-02-05,SAS,DAL,127.4,115.0,-8.4,-0.9,-0.5,-0.8,1.2,6.5,-4.6,-0.6,59.5,86.8,24.4,23.2,54.6,91.6,15.2,17.5,38,36,25,36,0,135,35,28,33,27,0,123
0022500740,2025-26,2026-02-05,PHI,LAL,111.7,114.4,-4.1,0.7,6.8,-1.0,11.3,-8.5,3.2,2.0,56.5,85.4,11.1,23.8,61.4,78.8,29.4,27.8,27,32,28,28,0,115,21,30,34,34,0,119
0022500743,2025-26,2026-02-06,IND,MIL,106.5,114.1,2.8,-5.0,6.0,-0.4,-1.0,1.1,2.9,-4.1,51.9,90.3,12.5,21.5,53.2,87.0,28.9,4.2,29,18,18,34,0,99,23,31,29,22,0,105
0022500742,2025-26,2026-02-06,NYK,DET,84.2,126.9,20.1,2.2,1.0,0.8,14.0,-0.0,0.4,-1.1,40.2,84.2,21.7,17.1,63.3,86.0,24.2,15.7,17,25,18,20,0,80,28,35,27,28,0,118
0022500744,2025-26,2026-02-06,NOP,MIN,122.7,118.6,-13.8,3.0,2.9,-0.6,-7.2,4.3,7.8,0.8,63.1,83.5,18.2,22.5,48.9,89.7,37.7,23.2,34,22,33,30,0,119,32,38,24,21,0,115
0022500741,2025-26,2026-02-06,MIA,BOS,103.2,106.5,6.5,-1.2,1.2,1.2,-9.2,-4.0,2.9,0.4,49.4,87.1,21.3,15.5,47.6,82.6,28.9,21.4,29,30,15,22,0,96,15,23,36,24,0,98
0022500745,2025-26,2026-02-06,MEM,POR,110.6,129.8,-3.6,1.7,0.4,0.5,14.9,-3.9,4.0,0.6,56.2,84.6,22.7,18.2,63.9,82.7,30.8,22.2,36,28,23,28,0,115,25,43,38,29,0,135
0022500746,2025-26,2026-02-06,LAC,SAC,115.2,114.4,-6.9,2.6,5.1,-6.1,-5.6,3.1,1.1,0.2,58.5,83.8,14.3,43.7,50.0,88.7,25.5,20.7,17,31,31,35,0,114,27,22,28,34,0,111
0022500748,2025-26,2026-02-07,HOU,OKC,116.7,109.3,-1.5,2.0,-1.2,-1.4,-0.2,-4.2,3.3,0.5,54.8,84.4,25.6,25.3,53.7,82.5,29.5,22.0,28,18,34,32,0,112,28,24,22,32,0,106
0022500747,2025-26,2026-02-07,WAS,BKN,114.1,128.3,0.0,2.6,5.5,-4.0,12.3,1.0,5.9,-1.2,53.8,83.8,13.5,35.4,62.1,86.9,34.2,15.4,20,27,35,31,0,113,46,34,21,26,0,127
0022500750,2025-26,2026-02-07,UTA,ORL,101.7,105.3,0.8,8.1,-1.1,-0.2,-4.8,2.0,-9.3,5.6,53.3,79.1,25.5,20.7,50.6,87.7,6.7,41.7,30,35,29,23,0,117,33,21,33,33,0,120
0022500754,2025-26,2026-02-07,PHI,PHX,111.2,107.3,-1.4,5.2,-2.6,-4.6,-11.0,-0.7,0.0,2.9,54.7,81.6,28.2,37.8,46.4,85.4,23.5,31.3,24,34,23,28,0,109,22,25,24,32,0,103
0022500751,2025-26,2026-02-07,CHA,ATL,129.9,122.7,-6.1,3.0,-8.6,0.8,7.8,4.3,-5.7,-0.8,57.9,83.5,39.0,16.8,59.1,89.7,13.2,17.0,32,28,38,28,0,126,35,25,30,29,0,119
0022500752,2025-26,2026-02-07,DEN,CHI,136.0,117.6,-19.7,0.0,-3.9,-1.5,2.4,-3.2,2.8,-0.1,67.1,86.0,30.6,25.9,55.4,83.3,28.6,19.6,39,20,38,39,0,136,36,29,39,16,0,120
0022500755,2025-26,2026-02-07,MEM,POR,112.7,118.4,-8.5,0.9,5.9,0.6,8.4,-3.0,4.2,-2.7,59.5,85.3,12.8,17.9,59.5,83.5,31.1,9.5,30,33,33,19,0,115,31,32,25,34,0,122
0022500749,2025-26,2026-02-07,DAL,SAS,113.6,126.6,4.2,-9.0,0.2,0.7,13.1,-3.0,3.2,-1.5,51.0,93.6,23.1,17.1,62.6,83.5,29.3,14.1,32,35,24,34,0,125,39,42,33,24,0,138
0022500756,2025-26,2026-02-07,CLE,SAC,128.2,123.5,-7.0,-2.7,-0.8,-3.3,8.6,-0.9,5.8,-1.3,58.5,88.3,25.0,33.0,59.6,85.3,34.1,14.9,25,32,36,39,0,132,31,24,41,30,0,126
0022500753,2025-26,2026-02-07,GSW,LAL,102.1,108.2,5.6,-0.7,1.0,3.2,7.3,-11.5,-4.4,3.8,50.0,86.6,21.7,7.6,58.7,76.3,15.6,34.8,21,21,29,28,0,99,20,21,38,26,0,105
0022500758,2025-26,2026-02-08,MIA,WAS,125.7,95.3,-5.0,1.5,-8.8,1.9,-8.0,-4.7,-1.7,-2.1,57.2,84.8,39.6,12.5,48.4,82.1,20.4,11.8,37,37,33,25,0,132,33,19,23,26,0,101
0022500760,2025-26,2026-02-08,LAC,MIN,118.6,98.0,-10.0,1.8,1.6,-2.6,-6.5,-8.8,1.2,-0.8,60.5,84.5,20.5,30.3,49.4,78.6,25.6,16.9,23,31,26,35,0,115,19,23,17,37,0,96
0022500759,2025-26,2026-02-08,IND,TOR,101.0,117.3,3.1,5.3,4.2,1.7,-1.0,1.7,5.7,0.5,51.7,81.6,15.9,13.5,53.2,87.5,34.0,22.1,20,28,26,30,0,104,21,25,44,32,0,122
0022500757,2025-26,2026-02-08,NYK,BOS,120.7,94.7,-4.2,-6.2,2.5,-0.1,-19.3,3.9,1.6,-1.2,56.6,91.3,18.9,20.5,40.8,89.4,26.4,15.2,35,25,25,26,0,111,24,29,15,21,0,89
0022500763,2025-26,2026-02-09,UTA,MIA,110.6,106.7,8.8,-2.9,-4.2,-2.4,-3.8,0.6,-2.6,4.6,47.8,88.5,31.2,29.3,51.3,86.5,18.9,38.0,26,35,24,30,0,115,32,20,30,29,0,111
0022500766,2025-26,2026-02-09,SAC,NOP,94.9,121.2,16.8,3.8,-7.5,2.5,13.9,1.0,-2.8,-2.2,42.4,82.8,37.3,10.1,63.2,86.9,18.4,11.5,26,20,21,27,0,94,31,30,31,28,0,120
0022500762,2025-26,2026-02-09,CHI,BKN,107.5,113.9,6.4,3.4,-0.5,-1.9,6.1,-5.4,1.9,1.0,49.5,83.2,24.5,27.5,58.0,81.5,27.0,23.9,31,23,35,26,0,115,27,33,29,34,0,123
0022500770,2025-26,2026-02-09,PHI,POR,115.7,132.4,0.1,-0.3,1.7,-4.7,8.9,-4.3,11.5,-0.1,53.7,86.3,20.5,38.3,59.8,82.4,44.4,19.6,31,34,22,31,0,118,29,35,49,22,0,135
0022500768,2025-26,2026-02-09,MEM,GSW,110.8,112.9,-4.2,4.3,1.4,-0.7,8.6,-10.4,1.2,-0.5,56.6,82.4,21.1,22.9,59.6,77.2,25.6,18.1,32,33,33,15,0,113,32,25,28,29,0,114
0022500765,2025-26,2026-02-09,ATL,MIN,106.4,127.8,9.4,4.1,-5.4,-0.6,21.7,0.1,-2.5,-1.8,47.5,82.6,33.3,22.2,68.5,86.1,18.9,13.0,34,22,31,29,0,116,41,40,25,32,0,138
0022500769,2025-26,2026-02-09,OKC,LAL,120.2,111.1,-3.7,2.6,-5.4,-1.1,3.2,-1.4,-0.6,-0.3,56.3,83.8,33.3,24.1,56.0,84.8,22.5,19.0,31,36,26,26,0,119,30,28,33,19,0,110
0022500764,2025-26,2026-02-09,MIL,ORL,101.0,118.0,-1.1,7.6,4.5,0.1,1.3,3.5,1.5,2.0,54.5,79.6,15.4,19.5,54.7,89.0,26.2,27.9,22,32,20,25,0,99,27,24,36,31,0,118
0022500767,2025-26,2026-02-09,CLE,DEN,121.4,117.0,-1.6,-2.0,-1.4,0.1,-2.1,-0.0,4.0,3.3,54.9,87.8,26.1,19.6,52.4,86.0,30.8,32.9,26,28,33,32,0,119,30,29,33,25,0,117
0022500761,2025-26,2026-02-09,DET,CHA,119.6,110.6,5.6,-3.6,-5.4,-1.6,-1.1,-9.9,3.0,0.2,50.0,89.1,33.3,26.4,53.0,77.7,28.9,20.7,29,32,27,22,0,110,33,24,21,26,0,104
0022500772,2025-26,2026-02-10,LAC,HOU,102.2,109.7,12.4,-1.3,-5.4,0.8,0.9,-6.3,1.5,0.1,45.5,87.1,33.3,17.0,54.4,80.6,26.3,20.3,26,26,20,23,0,95,27,24,27,24,0,102
0022500771,2025-26,2026-02-10,IND,NYK,120.2,119.6,-10.4,-5.1,5.4,0.1,4.7,3.8,-3.2,-0.0,60.8,90.4,13.6,19.6,57.0,89.3,17.8,20.0,32,31,31,30,13,137,33,36,24,31,10,134
0022500773,2025-26,2026-02-10,DAL,PHX,107.8,116.5,3.7,1.8,1.7,-5.5,3.1,0.4,6.1,-3.6,51.3,84.5,20.5,41.6,55.9,86.4,34.6,5.9,16,32,27,36,0,111,36,29,31,24,0,120
0022500774,2025-26,2026-02-10,SAS,LAL,128.3,100.0,-14.5,-2.0,-0.1,-0.2,1.3,-3.2,-6.2,-0.6,63.6,87.7,23.7,20.7,54.7,83.3,12.2,17.6,47,37,31,21,0,136,30,25,26,27,0,108
0022500788,2025-26,2026-02-11,SAS,GSW,129.9,114.1,-1.5,-4.3,-4.6,-1.5,1.7,2.2,0.8,-1.5,54.8,89.7,31.8,25.8,54.9,87.9,25.0,14.3,31,32,31,32,0,126,38,29,27,19,0,113
0022500784,2025-26,2026-02-11,MIA,NOP,119.4,107.8,8.5,-7.3,-4.7,-1.1,-3.2,1.6,-3.4,-0.7,48.0,92.2,32.1,24.5,51.6,87.4,17.4,17.4,31,27,38,27,0,123,25,30,30,26,0,111
0022500778,2025-26,2026-02-11,CHI,BOS,108.2,127.8,1.5,-0.7,1.7,2.0,10.7,-0.5,5.9,-3.0,52.8,86.6,20.5,12.4,61.1,85.6,34.2,8.4,27,17,26,35,0,105,36,36,26,26,0,124
0022500786,2025-26,2026-02-11,SAC,UTA,92.1,118.6,22.9,-1.3,-1.3,-1.7,14.2,-4.3,0.8,-1.6,38.3,87.1,25.9,26.7,63.4,82.4,25.0,14.0,20,24,22,27,0,93,39,32,29,21,0,121
0022500783,2025-26,2026-02-11,POR,MIN,99.1,123.1,4.1,11.4,-6.9,1.6,8.8,0.1,1.1,3.4,51.1,76.4,36.0,13.8,59.8,86.1,25.6,33.3,26,25,31,27,0,109,32,29,35,37,0,133
0022500781,2025-26,2026-02-11,DET,TOR,121.5,102.2,-0.2,3.8,-9.9,0.2,-6.6,-5.1,1.8,2.0,53.9,82.8,41.5,19.1,49.3,81.7,26.8,28.0,29,38,27,19,0,113,19,33,22,21,0,95
0022500776,2025-26,2026-02-11,WAS,CLE,107.6,130.2,9.9,0.4,-6.4,1.4,14.9,-6.9,10.8,4.7,47.1,85.7,35.2,14.4,63.9,80.2,43.2,38.6,24,37,28,24,0,113,40,36,32,30,0,138
0022500785,2025-26,2026-02-11,OKC,PHX,143.2,114.7,-19.3,-6.5,0.7,0.2,1.6,1.6,5.8,-2.9,66.9,91.6,22.2,19.1,54.9,87.4,34.1,8.7,37,38,37,24,0,136,25,27,28,29,0,109
0022500779,2025-26,2026-02-11,IND,BKN,112.7,107.8,-4.8,-2.6,1.7,2.3,-1.3,-3.2,1.7,0.9,57.1,88.2,20.5,10.9,52.9,83.3,26.7,23.5,18,35,31,31,0,115,31,33,26,20,0,110
0022500775,2025-26,2026-02-11,ATL,CHA,108.1,110.0,5.6,-1.0,2.7,-1.9,-8.2,-2.4,4.2,2.1,50.0,86.9,18.6,27.4,48.3,84.0,31.2,28.4,27,22,26,32,0,107,35,23,31,21,0,110
0022500782,2025-26,2026-02-11,LAC,HOU,112.9,110.9,-0.1,-2.5,3.1,-2.2,-0.2,-10.4,5.9,-0.8,53.9,88.2,17.9,28.6,53.7,77.2,34.2,17.1,22,24,24,35,0,105,29,27,20,26,0,102
0022500787,2025-26,2026-02-11,MEM,DEN,117.2,124.5,-0.9,-9.3,3.2,0.3,8.1,-1.6,3.6,3.1,54.4,93.9,17.8,18.7,59.3,84.7,30.0,32.1,28,26,27,35,0,116,30,30,33,29,0,122
0022500780,2025-26,2026-02-11,NYK,PHI,134.0,86.4,-14.7,0.7,-4.4,-1.1,-19.1,-4.1,0.0,-0.2,63.7,85.4,31.6,24.2,40.9,82.5,23.5,19.3,36,36,32,34,0,138,23,19,29,18,0,89
0022500777,2025-26,2026-02-11,MIL,ORL,124.7,117.4,-4.4,3.8,-1.3,-2.4,1.6,4.9,-4.6,0.5,56.8,82.8,25.8,29.6,54.9,90.2,15.2,22.0,20,32,36,28,0,116,24,27,32,25,0,108
0022500791,2025-26,2026-02-12,DAL,LAL,104.0,124.0,0.0,1.2,7.1,-1.0,11.6,1.1,3.2,0.2,53.8,85.0,10.5,24.1,61.6,87.0,29.4,20.9,31,32,19,22,0,104,36,28,32,28,0,124
0022500789,2025-26,2026-02-12,MIL,OKC,118.3,100.0,-2.2,-2.5,-4.2,3.8,-11.0,-3.8,3.1,-0.2,55.3,88.2,31.2,5.3,46.4,82.8,29.2,19.3,30,37,22,21,0,110,25,30,18,20,0,93
0022500790,2025-26,2026-02-12,POR,UTA,127.4,112.3,-10.8,6.9,-10.3,-2.0,3.7,-4.7,1.7,1.1,61.1,80.2,42.2,27.8,56.3,82.1,26.7,24.1,28,33,40,34,0,135,31,32,23,33,0,119
0022500794,2025-26,2026-02-19,ATL,PHI,110.4,100.9,8.1,-0.9,-3.1,-3.8,-13.4,-1.3,0.5,3.8,48.3,86.8,29.2,34.8,44.8,84.9,24.5,34.9,28,32,28,29,0,117,26,27,31,23,0,107
0022500798,2025-26,2026-02-19,PHX,SAS,96.9,124.7,16.2,-0.7,-5.1,4.2,8.0,1.9,3.0,0.2,42.9,86.6,32.8,3.8,59.2,87.6,28.9,20.7,25,24,22,23,0,94,30,31,37,23,0,121
0022500800,2025-26,2026-02-19,ORL,SAC,128.4,93.1,-16.6,-4.9,6.4,1.1,-12.5,-5.7,-0.1,-0.4,65.0,90.2,11.9,15.6,45.3,81.2,23.4,18.6,18,46,38,29,0,131,28,27,29,10,0,94
0022500801,2025-26,2026-02-19,DEN,LAC,107.5,107.5,1.3,2.4,5.4,-1.7,-3.1,1.0,-4.6,2.2,52.9,84.0,13.6,26.7,51.7,86.9,15.2,28.7,24,28,25,37,0,114,25,20,33,37,0,115
0022500799,2025-26,2026-02-19,BOS,GSW,122.2,111.1,-10.0,-1.0,-4.1,3.5,2.1,5.8,-1.3,-4.1,60.5,86.9,31.0,6.3,55.2,90.9,21.2,4.2,36,38,28,19,0,121,32,19,22,37,0,110
0022500797,2025-26,2026-02-19,TOR,CHI,103.8,96.2,11.4,-0.9,-0.2,-2.6,-7.4,-9.4,0.2,-0.1,46.1,86.8,23.9,30.0,48.8,78.1,23.9,19.8,25,28,34,23,0,110,23,22,33,23,0,101
0022500795,2025-26,2026-02-19,IND,WAS,98.1,102.8,5.6,8.9,2.9,-1.7,-6.4,5.7,-2.4,-1.2,50.0,78.5,18.2,26.5,49.5,90.8,19.2,15.3,24,23,33,25,0,105,26,33,29,24,0,112
0022500792,2025-26,2026-02-19,HOU,CHA,111.7,107.4,-1.3,-2.7,2.5,1.5,-3.9,-3.6,2.4,-0.6,54.7,88.3,19.0,14.1,51.2,83.0,27.9,17.9,24,29,27,25,0,105,33,19,26,23,0,101
0022500793,2025-26,2026-02-19,BKN,CLE,85.7,115.5,16.7,-2.0,6.8,2.2,6.4,-0.5,-1.4,-1.6,42.5,87.8,11.1,11.5,58.1,85.6,21.1,14.0,16,32,19,17,0,84,34,36,32,10,0,112
0022500796,2025-26,2026-02-19,DET,NYK,124.8,111.0,-7.1,1.0,-3.0,0.4,-3.1,2.3,0.8,1.1,58.6,85.1,28.9,18.3,51.7,88.0,25.0,24.1,28,30,32,36,0,126,26,22,31,32,0,111
0022500805,2025-26,2026-02-20,MIA,ATL,124.3,94.2,-7.0,-6.1,-0.5,2.3,-11.1,1.6,-1.8,-2.7,58.5,91.3,24.4,11.0,46.3,87.4,20.3,9.5,29,28,30,41,0,128,16,35,24,22,0,97
0022500809,2025-26,2026-02-20,LAC,LAL,124.5,127.6,-8.8,2.8,-1.9,-2.4,11.8,2.0,-5.5,0.9,59.8,83.7,27.0,29.3,61.8,87.8,13.5,23.5,30,35,30,27,0,122,41,31,27,26,0,125
0022500807,2025-26,2026-02-20,MIL,NOP,135.0,112.4,-20.9,0.7,0.7,1.2,3.7,0.7,0.1,0.8,67.9,85.4,22.2,15.2,56.3,86.7,23.7,23.0,33,38,32,36,0,139,38,27,31,22,0,118
0022500808,2025-26,2026-02-20,BKN,OKC,86.0,104.0,18.8,8.3,0.4,-1.7,-5.6,-5.7,3.7,1.7,41.1,79.0,22.7,26.6,50.0,81.2,30.2,26.5,23,10,34,19,0,86,21,29,27,28,0,105
0022500802,2025-26,2026-02-20,CLE,CHA,129.7,122.8,-8.8,-0.9,-5.4,-3.5,-5.6,-1.5,11.9,0.7,59.7,86.8,33.3,33.8,50.0,84.8,45.1,22.8,30,29,31,28,0,118,20,33,36,24,0,113
0022500810,2025-26,2026-02-20,DEN,POR,142.7,92.0,-21.4,0.7,-4.5,-1.8,-6.5,-2.5,-4.9,0.2,68.2,85.5,31.7,27.1,49.4,83.9,14.5,20.9,41,41,43,32,0,157,27,26,32,18,0,103
0022500804,2025-26,2026-02-20,UTA,MEM,102.7,110.8,-3.9,9.0,-1.4,2.7,2.4,-1.6,-0.3,0.7,56.5,78.4,26.1,9.7,55.4,84.7,22.9,22.8,32,35,21,26,0,114,28,27,32,36,0,123
0022500803,2025-26,2026-02-20,IND,WAS,106.3,119.1,-5.9,5.8,2.4,1.2,10.7,-2.8,0.5,-1.1,57.8,81.1,19.1,15.6,61.1,83.6,24.4,15.8,27,41,24,26,0,118,22,35,35,39,0,131
0022500806,2025-26,2026-02-20,DAL,MIN,104.7,115.1,11.0,-3.1,-2.9,-0.4,2.6,-4.6,6.9,-2.0,46.4,88.7,28.8,21.6,55.6,82.1,36.2,12.1,25,32,31,23,0,111,40,29,27,26,0,122
0022500815,2025-26,2026-02-21,SAC,SAS,110.9,126.4,3.3,-3.6,1.0,-1.0,12.5,-2.8,4.9,0.9,51.6,89.1,21.7,24.0,62.2,83.6,32.4,23.4,31,34,29,28,0,122,35,38,32,34,0,139
0022500816,2025-26,2026-02-21,HOU,NYK,110.4,113.7,-1.8,8.1,-8.1,-0.6,2.2,1.6,-1.7,-0.9,55.0,79.2,38.2,22.5,55.3,87.4,20.5,16.5,21,33,37,15,0,106,27,26,22,33,0,108
0022500812,2025-26,2026-02-21,PHI,NOP,107.8,122.3,13.5,-3.9,0.0,-2.3,9.0,-0.7,-0.7,4.1,44.7,89.3,23.5,28.7,59.9,85.4,22.2,35.8,29,36,26,20,0,111,24,33,40,29,0,126
0022500814,2025-26,2026-02-21,DET,CHI,118.9,103.8,-1.4,-0.9,-1.7,2.5,2.3,-9.1,-3.2,0.1,54.8,86.8,26.5,10.5,55.4,78.3,17.8,20.2,28,25,44,29,0,126,30,20,26,34,0,110
0022500811,2025-26,2026-02-21,ORL,PHX,102.8,101.8,8.7,1.2,2.6,1.0,-18.9,6.9,5.7,-1.4,48.0,85.0,18.9,16.3,41.0,91.9,33.8,14.5,25,26,22,23,14,110,21,22,34,19,17,113
0022500813,2025-26,2026-02-21,MEM,MIA,110.1,127.1,-2.2,-2.4,2.8,1.1,6.8,-3.4,8.8,1.6,55.3,88.1,18.4,15.8,58.4,83.2,39.5,26.3,33,35,26,26,0,120,39,34,39,24,0,136
0022500822,2025-26,2026-02-22,CHA,WAS,135.8,119.1,-14.8,-1.6,-7.0,-0.2,8.5,2.7,-2.2,-1.5,63.8,87.4,36.4,20.7,59.5,88.3,19.6,14.3,38,23,44,24,0,129,37,19,28,28,0,112
0022500817,2025-26,2026-02-22,CLE,OKC,113.0,121.0,-2.7,3.5,-2.4,1.1,10.7,-2.4,2.9,-0.4,55.6,83.0,27.9,15.7,61.0,84.0,28.9,18.6,25,30,31,27,0,113,40,24,25,32,0,121
0022500819,2025-26,2026-02-22,TOR,MIL,128.4,98.9,-2.2,-6.5,-3.4,0.2,-10.9,-7.1,3.3,-0.6,55.3,91.6,29.8,19.1,46.5,80.0,29.5,17.6,22,38,32,30,0,122,27,24,22,21,0,94
0022500824,2025-26,2026-02-22,PHI,MIN,132.4,104.9,-12.7,-3.7,0.2,1.4,1.7,-7.5,-3.5,5.7,62.4,89.2,23.3,14.4,54.9,79.6,17.1,42.3,35,33,26,41,0,135,26,32,20,30,0,108
0022500820,2025-26,2026-02-22,DEN,GSW,110.4,120.8,4.8,2.4,-2.8,-1.9,12.5,-3.5,-0.3,-2.1,50.5,84.0,28.6,27.5,62.2,83.0,23.1,11.7,27,40,34,16,0,117,39,37,19,33,0,128
0022500821,2025-26,2026-02-22,DAL,IND,125.2,120.4,-9.3,-4.3,-0.8,-0.6,10.1,-1.0,-1.7,-0.8,60.1,89.7,25.0,22.3,60.6,85.2,20.5,17.0,36,35,32,31,0,134,33,33,29,35,0,130
0022500823,2025-26,2026-02-22,BOS,LAL,115.6,92.7,-4.2,0.7,0.6,-0.1,-14.1,6.6,-3.9,-1.6,56.6,85.4,22.5,20.5,44.3,91.7,16.3,13.8,28,32,24,27,0,111,28,22,21,18,0,89
0022500818,2025-26,2026-02-22,BKN,ATL,108.3,119.8,3.0,-0.5,2.2,0.3,2.9,-4.4,7.7,0.2,51.8,86.5,19.6,18.8,55.7,82.3,37.5,20.7,30,26,31,17,0,104,32,28,29,26,0,115
0022500826,2025-26,2026-02-22,POR,PHX,97.9,81.9,1.1,9.8,-4.5,3.2,-17.8,-12.3,2.3,-3.3,53.1,77.7,31.7,7.4,41.8,75.5,27.7,7.1,20,27,24,21,0,92,20,20,17,20,0,77
0022500825,2025-26,2026-02-22,NYK,CHI,106.1,102.1,-0.5,-1.0,1.2,0.9,-7.4,-4.2,0.5,-0.7,54.2,86.9,21.3,16.7,48.8,82.5,24.5,17.4,25,27,31,22,0,105,27,26,25,21,0,99
0022500827,2025-26,2026-02-22,ORL,LAC,118.1,114.7,1.2,-1.4,-1.4,-2.0,-3.9,4.0,-0.6,2.3,53.0,87.2,26.1,27.7,51.2,89.5,22.5,28.9,29,28,31,23,0,111,25,28,36,20,0,109
0022500829,2025-26,2026-02-23,SAC,MEM,119.4,110.7,-2.2,0.7,-4.5,-0.0,2.0,-4.1,-0.9,0.2,55.3,85.4,31.7,20.2,55.2,82.5,22.0,20.7,33,30,29,31,0,123,25,36,28,25,0,114
0022500828,2025-26,2026-02-23,SAS,DET,111.8,99.0,4.9,2.0,-4.3,2.1,-18.9,-1.7,7.4,-1.3,50.5,84.3,31.4,11.9,41.0,84.6,37.0,15.1,24,33,26,31,0,114,27,28,20,28,0,103
0022500830,2025-26,2026-02-23,UTA,HOU,96.3,115.7,19.2,-3.5,0.2,-1.4,20.2,-13.0,3.7,-2.4,40.8,89.0,23.2,25.5,67.4,75.0,30.3,10.5,22,25,28,30,0,105,38,30,32,25,0,125
0022500834,2025-26,2026-02-24,OKC,TOR,114.9,105.9,-2.9,5.7,-4.0,2.4,4.5,-2.2,-4.2,-3.1,55.8,81.2,30.8,10.5,56.8,84.2,15.9,8.0,25,35,38,18,0,116,32,19,29,27,0,107
0022500838,2025-26,2026-02-24,GSW,NOP,102.8,105.6,10.2,6.9,-8.9,0.4,-9.3,-2.2,6.7,-0.8,46.9,80.2,39.6,18.6,47.5,84.1,35.6,16.8,19,20,33,37,0,109,31,15,31,36,0,113
0022500837,2025-26,2026-02-24,MIA,MIL,110.4,121.9,4.1,1.3,-2.5,-0.6,5.8,4.1,-1.2,-0.9,51.1,84.9,28.0,22.3,57.7,89.5,21.3,16.5,29,29,35,24,0,117,30,33,26,39,0,128
0022500841,2025-26,2026-02-24,MIN,POR,124.0,119.8,-13.7,2.4,-4.5,1.4,1.9,-2.2,7.1,1.5,63.1,84.0,31.7,14.8,55.1,84.2,36.4,25.8,33,29,34,28,0,124,27,32,35,27,0,121
0022500833,2025-26,2026-02-24,DAL,BKN,124.2,112.9,-14.2,2.6,-3.7,-0.8,8.3,3.6,-5.9,1.0,63.4,83.8,30.3,23.2,59.4,89.1,12.8,23.8,36,40,23,24,0,123,29,35,27,23,0,114
0022500832,2025-26,2026-02-24,WAS,ATL,93.3,113.3,5.6,6.0,10.5,0.9,-13.3,4.1,5.1,0.4,50.0,81.0,4.5,16.7,44.9,89.5,32.8,21.5,20,23,21,34,0,98,35,25,40,19,0,119
0022500835,2025-26,2026-02-24,NYK,CLE,100.0,113.5,10.8,4.8,-1.5,1.0,-5.6,2.9,2.6,1.4,46.5,81.9,26.2,16.3,50.0,88.5,28.3,25.3,26,28,11,29,0,94,35,25,23,26,0,109
0022500831,2025-26,2026-02-24,PHI,IND,123.9,103.6,-12.1,-2.4,3.5,-0.7,-5.6,-2.8,0.3,-0.0,62.0,88.1,17.1,22.8,50.0,83.6,24.0,20.0,30,45,31,29,0,135,38,27,20,29,0,114
0022500836,2025-26,2026-02-24,CHA,CHI,131.0,100.0,-16.2,3.6,-7.3,3.0,-2.0,-8.5,-0.9,-1.1,64.7,83.0,36.8,8.4,52.4,78.8,22.0,15.9,31,25,42,33,0,131,31,24,16,28,0,99
0022500840,2025-26,2026-02-24,ORL,LAL,112.2,111.2,6.4,-3.2,-2.1,0.5,-0.3,2.0,-3.8,1.0,49.5,88.8,27.3,18.1,53.6,87.8,16.7,24.1,25,28,26,31,0,110,33,23,24,29,0,109
0022500839,2025-26,2026-02-24,BOS,PHX,115.5,97.6,10.3,-1.0,-12.8,3.0,-14.1,5.1,-2.6,-1.6,46.8,86.9,46.8,8.4,44.3,90.4,18.8,13.9,21,29,30,17,0,97,26,20,11,24,0,81
0022500846,2025-26,2026-02-25,CLE,MIL,123.4,125.5,-2.0,-2.7,-7.1,-0.8,17.1,0.2,-0.7,-4.3,55.2,88.3,36.4,23.0,65.3,86.2,22.2,3.4,33,30,31,22,0,116,33,29,31,25,0,118
0022500844,2025-26,2026-02-25,GSW,MEM,134.3,113.1,-14.5,2.6,-7.3,0.7,7.6,-2.6,-0.4,-1.2,63.6,83.8,36.8,17.4,58.9,83.8,22.7,15.5,34,40,22,37,0,133,31,22,23,36,0,112
0022500845,2025-26,2026-02-25,SAC,HOU,100.0,132.0,15.2,-1.9,-4.3,0.7,15.9,0.7,0.8,-0.1,43.5,87.6,31.4,17.2,64.5,86.6,25.0,19.8,22,28,26,21,0,97,33,44,31,20,0,128
0022500847,2025-26,2026-02-25,BOS,DEN,88.4,108.4,17.3,0.9,2.8,0.8,-5.6,5.3,1.6,-2.4,42.2,85.3,18.4,16.9,50.0,90.5,26.4,10.8,24,24,19,17,0,84,21,26,30,26,0,103
0022500843,2025-26,2026-02-25,SAS,TOR,107.8,103.9,-3.8,-1.4,5.4,1.3,-10.6,1.6,1.4,1.4,56.4,87.3,13.6,15.1,46.7,87.4,26.1,25.6,30,27,21,32,0,110,29,30,31,17,0,107
0022500842,2025-26,2026-02-25,OKC,DET,116.0,124.0,5.6,0.0,-0.8,-0.2,7.7,-3.6,8.5,0.3,50.0,86.0,25.0,20.8,59.0,83.0,39.0,21.3,34,18,28,36,0,116,22,36,36,30,0,124
0022500850,2025-26,2026-02-26,WAS,ATL,90.6,116.7,15.9,-0.9,2.1,1.0,-0.8,1.2,0.8,3.0,43.1,86.8,19.6,16.0,53.3,87.0,25.0,31.9,26,30,24,16,0,96,37,39,22,28,0,126
0022500848,2025-26,2026-02-26,CHA,IND,135.7,110.1,-21.9,4.0,-3.9,0.7,-0.5,2.2,1.1,-0.4,68.6,82.7,30.6,17.4,53.4,87.9,25.5,18.4,31,36,40,26,0,133,34,12,36,27,0,109
0022500849,2025-26,2026-02-26,MIA,PHI,111.4,119.2,-2.9,-0.8,1.5,-0.8,4.6,0.6,0.2,-0.5,55.7,86.7,20.8,23.0,56.9,86.5,23.9,18.1,35,22,34,26,0,117,36,37,26,25,0,124
0022500857,2025-26,2026-02-26,MIN,LAC,97.9,92.6,8.3,-0.5,3.6,0.8,-14.7,-7.1,-4.7,2.8,48.2,86.5,17.1,16.9,43.9,80.0,15.0,31.1,29,15,19,31,0,94,27,11,30,20,0,88
0022500851,2025-26,2026-02-26,SAS,BKN,129.9,112.2,-8.0,-5.5,0.7,-1.6,-0.6,-1.6,5.8,-0.8,59.2,90.7,22.2,26.4,53.4,84.7,34.1,16.9,36,35,33,22,0,126,22,34,28,26,0,110
0022500852,2025-26,2026-02-26,HOU,ORL,125.6,118.7,-7.9,0.6,-2.8,0.1,0.3,0.9,5.0,-1.3,59.1,85.6,28.6,19.5,54.0,86.8,32.6,14.8,22,21,38,32,0,113,29,24,27,28,0,108
0022500853,2025-26,2026-02-26,POR,CHI,115.2,107.7,6.4,-3.0,-3.6,-2.1,2.7,-8.4,-3.8,2.2,49.5,88.6,30.0,28.4,55.6,78.8,16.7,28.7,32,37,24,28,0,121,34,29,23,26,0,112
0022500856,2025-26,2026-02-26,NOP,UTA,126.5,116.8,-8.7,4.3,-7.5,-1.9,4.2,-4.5,6.7,-0.6,59.7,82.4,37.1,27.3,56.7,82.2,35.7,17.8,37,41,25,26,0,129,38,23,27,30,0,118
0022500854,2025-26,2026-02-26,SAC,DAL,125.0,116.3,-1.0,-10.8,-4.7,0.1,11.7,-3.9,-1.4,1.5,54.5,95.2,32.0,19.8,61.7,82.7,21.1,25.9,42,26,32,30,0,130,28,28,32,33,0,121
0022500855,2025-26,2026-02-26,LAL,PHX,120.9,125.6,-6.2,0.4,-2.3,-2.7,7.1,0.8,5.8,-1.9,58.0,85.7,27.8,30.7,58.6,86.7,34.1,12.6,27,22,31,30,0,110,22,27,31,33,0,113
0022500860,2025-26,2026-02-27,NYK,MIL,128.3,99.0,-15.4,-3.4,2.6,1.1,-0.8,-2.6,-7.6,0.2,64.2,88.9,18.9,15.9,53.2,83.8,9.8,20.8,38,39,26,24,0,127,30,27,26,15,0,98
0022500861,2025-26,2026-02-27,MEM,DAL,120.4,101.9,-4.7,-3.9,0.2,0.2,-9.9,-7.6,2.6,1.3,57.0,89.3,23.3,19.4,47.2,79.6,28.3,25.0,34,30,37,23,0,124,20,24,26,35,0,105
0022500858,2025-26,2026-02-27,CLE,DET,109.2,115.1,1.7,3.0,-0.2,-0.3,-7.1,-1.3,9.7,1.0,52.7,83.5,23.9,21.3,49.0,84.9,41.2,24.0,35,19,30,30,5,119,27,23,35,29,8,122
0022500859,2025-26,2026-02-27,BKN,BOS,119.4,159.1,-4.5,-1.3,0.9,1.9,40.0,1.3,3.8,2.1,56.8,87.1,22.0,12.5,80.8,87.1,30.4,28.2,32,25,26,28,0,111,35,31,43,39,0,148
0022500862,2025-26,2026-02-27,DEN,OKC,105.2,110.4,4.9,2.0,2.7,0.9,-1.9,4.2,-3.8,0.8,50.5,84.3,18.6,16.5,52.5,89.6,16.7,23.2,33,26,24,24,14,121,19,31,27,30,20,127
0022500866,2025-26,2026-02-28,LAL,GSW,133.0,105.2,-14.9,-4.3,-0.5,1.1,-3.2,2.9,-2.2,-3.2,63.9,89.7,24.4,15.6,51.6,88.5,19.6,7.7,33,32,34,30,0,129,20,27,25,29,0,101
0022500863,2025-26,2026-02-28,POR,CHA,96.9,112.4,9.9,4.4,-0.2,1.6,-4.8,-3.0,10.0,-0.3,47.1,82.3,23.9,14.0,50.5,83.5,41.7,18.7,17,26,24,26,0,93,29,22,23,35,0,109
0022500864,2025-26,2026-02-28,HOU,MIA,106.1,117.3,8.8,-3.4,-4.3,1.4,3.4,-0.4,3.8,-1.1,47.9,88.9,31.2,14.7,56.1,85.7,30.4,15.6,28,24,31,22,0,105,32,19,34,30,0,115
0022500865,2025-26,2026-02-28,TOR,WAS,138.1,128.9,-17.0,-4.3,-1.2,-1.8,12.9,-0.5,4.0,-0.8,65.3,89.7,25.8,27.1,62.5,85.6,30.8,17.0,25,36,37,36,0,134,33,31,28,33,0,125
0022500867,2025-26,2026-02-28,NOP,UTA,112.7,104.0,-1.3,5.5,-4.0,-1.5,-19.5,8.3,-0.8,2.1,54.7,81.4,30.8,25.9,40.6,93.1,22.0,28.1,27,38,24,26,0,115,22,18,33,32,0,105
0022500878,2025-26,2026-03-01,SAC,LAL,103.0,126.7,5.7,6.9,-7.0,1.1,8.6,4.8,-2.0,-0.8,50.0,80.2,36.4,15.6,59.6,90.1,20.0,17.0,18,31,27,28,0,104,36,28,32,32,0,128
0022500871,2025-26,2026-03-01,MIN,DEN,117.0,106.9,-12.7,0.0,3.3,1.8,-3.0,0.1,0.5,0.9,62.4,86.0,17.5,12.9,51.8,86.1,24.4,23.5,22,36,32,27,0,117,31,19,32,26,0,108
0022500869,2025-26,2026-03-01,CLE,BKN,109.3,105.2,-6.0,4.2,1.1,-4.0,6.2,-4.2,-8.0,-0.0,57.9,82.5,21.6,35.7,58.0,82.5,9.1,20.0,29,17,28,32,0,106,24,28,23,27,0,102
0022500870,2025-26,2026-03-01,MIL,CHI,92.4,114.3,15.0,4.9,1.7,1.3,12.0,-3.7,-3.6,-0.2,43.7,81.9,20.4,14.7,61.9,82.9,17.1,19.0,32,34,23,8,0,97,30,21,36,33,0,120
0022500872,2025-26,2026-03-01,MEM,IND,128.9,109.3,-7.8,-0.7,-6.4,1.3,6.4,-6.6,-1.6,-1.0,59.0,86.6,35.1,14.9,58.1,80.4,20.6,16.2,34,31,26,34,0,125,34,26,23,23,0,106
0022500873,2025-26,2026-03-01,POR,ATL,96.2,128.6,9.1,2.6,3.1,-0.2,14.5,-0.4,4.1,-0.1,47.7,83.8,18.0,20.7,63.6,85.7,31.0,19.6,25,33,27,16,0,101,44,31,28,32,0,135
0022500874,2025-26,2026-03-01,PHI,BOS,106.5,126.7,10.7,-8.8,2.0,0.5,-1.6,-3.2,9.8,-0.1,46.6,93.5,20.0,18.2,52.7,83.3,41.3,19.8,28,22,33,15,0,98,26,36,27,25,0,114
0022500876,2025-26,2026-03-01,OKC,DAL,106.4,93.5,7.3,-5.2,4.8,2.3,-14.4,-5.1,-2.6,-1.5,48.9,90.4,14.9,10.9,44.1,81.7,18.8,14.1,36,22,25,17,0,100,25,24,20,18,0,87
0022500877,2025-26,2026-03-01,NOP,LAC,117.0,134.3,3.2,3.6,-5.4,-2.1,14.4,6.1,1.9,1.8,51.7,83.0,33.3,28.1,63.5,91.2,27.0,27.0,32,38,24,23,0,117,43,33,31,30,0,137
0022500875,2025-26,2026-03-01,DET,ORL,102.9,91.1,9.7,-0.4,-3.8,0.2,-14.3,-5.7,-3.2,2.8,47.3,86.4,30.4,19.4,44.2,81.2,17.6,31.2,23,27,31,25,0,106,26,31,18,17,0,92
0022500868,2025-26,2026-03-01,SAS,NYK,89.9,115.2,9.5,9.7,1.0,-0.2,-1.1,-0.2,7.3,-2.2,47.4,77.8,21.7,20.8,53.1,85.9,36.7,11.3,21,20,28,20,0,89,22,29,29,34,0,114
0022500879,2025-26,2026-03-02,HOU,WAS,119.4,114.6,0.0,7.6,-15.2,-1.6,7.4,1.6,-4.4,-2.0,53.8,79.6,51.2,26.1,58.8,87.4,15.6,12.1,26,34,34,29,0,123,30,21,29,38,0,118
0022500880,2025-26,2026-03-02,BOS,MIL,120.0,90.0,0.2,-2.1,-7.5,3.5,-12.7,-4.5,-1.7,-0.3,53.7,87.8,37.3,6.3,45.3,82.2,20.5,18.9,30,27,26,25,0,108,20,23,22,16,0,81
0022500881,2025-26,2026-03-02,DEN,UTA,125.5,125.0,-16.4,0.9,-0.4,-5.9,9.0,5.9,-1.4,1.4,64.9,85.3,24.2,43.2,59.9,91.0,21.1,25.6,33,33,34,28,0,128,34,33,26,32,0,125
0022500882,2025-26,2026-03-02,LAC,GSW,118.8,106.3,-1.3,0.7,-7.7,-1.2,-8.8,-0.9,2.9,-1.8,54.7,85.4,37.5,24.7,47.8,85.3,28.8,12.9,19,23,35,37,0,114,31,25,23,22,0,101
0022500885,2025-26,2026-03-03,WAS,ORL,109.0,126.0,4.8,0.0,-1.9,0.7,11.9,5.9,-7.8,5.6,50.5,86.0,27.1,17.4,61.8,91.0,9.4,42.1,24,30,27,28,0,109,27,30,40,29,0,126
0022500887,2025-26,2026-03-03,NYK,TOR,118.1,101.1,-13.5,6.1,1.6,2.3,-4.7,-2.3,-6.4,0.5,63.0,80.9,20.7,11.1,50.6,84.0,11.9,22.1,32,36,19,24,0,111,31,27,24,13,0,95
0022500886,2025-26,2026-03-03,BKN,MIA,98.0,122.8,17.7,5.9,-0.1,-2.6,4.1,2.5,5.4,0.8,41.9,81.0,23.8,30.2,56.6,88.1,33.3,23.1,28,26,21,23,0,98,34,35,22,33,0,124
0022500884,2025-26,2026-03-03,DET,CLE,114.7,120.2,-4.0,0.9,-1.9,-2.2,0.4,3.9,0.5,0.8,56.5,85.3,27.0,28.6,54.1,89.4,24.4,23.3,27,21,32,29,0,109,25,29,35,24,0,113
0022500889,2025-26,2026-03-03,OKC,CHI,110.5,101.9,7.9,-6.4,1.0,-0.0,-1.5,-4.7,-1.7,-1.4,48.5,91.4,21.8,20.2,52.8,82.1,20.4,14.4,26,29,32,29,0,116,22,32,22,32,0,108
0022500891,2025-26,2026-03-03,NOP,LAL,98.1,106.8,10.6,5.3,1.3,0.3,-0.3,-8.7,1.5,1.3,46.7,81.6,21.3,18.9,53.6,78.6,26.2,25.3,33,18,27,23,0,101,31,23,22,34,0,110
0022500892,2025-26,2026-03-03,PHX,SAC,115.2,104.0,-3.2,6.2,-9.1,2.1,-6.5,-0.2,1.9,-1.1,56.0,80.8,40.0,12.0,49.4,85.9,27.1,15.6,22,37,31,24,0,114,30,25,20,28,0,103
0022500890,2025-26,2026-03-03,MEM,MIN,105.8,111.4,-1.9,2.8,6.7,-2.3,-0.4,-3.7,4.5,3.1,55.1,83.7,11.4,29.1,53.6,82.9,31.7,32.1,32,30,20,28,0,110,23,34,32,28,0,117
0022500883,2025-26,2026-03-03,DAL,CHA,90.9,120.6,20.6,1.4,4.0,-5.6,7.8,-1.8,1.9,-1.3,39.9,84.8,16.3,41.9,59.1,84.5,27.1,14.8,23,25,24,18,0,90,31,26,35,25,0,117
0022500888,2025-26,2026-03-03,SAS,PHI,123.6,85.0,-16.8,2.4,4.0,0.8,-20.4,1.1,-4.6,-1.1,65.2,84.0,16.2,16.9,40.0,86.9,15.3,15.8,32,46,35,18,0,131,25,28,11,27,0,91
0022500895,2025-26,2026-03-04,UTA,PHI,108.5,111.6,9.0,2.3,-3.3,-0.1,-4.8,-2.1,3.1,-0.2,47.7,84.0,29.5,20.5,50.6,84.2,29.3,19.3,22,26,35,19,0,102,29,24,29,24,0,106
0022500893,2025-26,2026-03-04,OKC,NYK,104.0,102.0,-3.5,2.6,8.7,-2.2,-9.0,-0.4,1.1,-0.5,56.2,83.8,7.7,28.8,47.7,85.7,25.5,18.2,25,25,27,26,0,103,23,17,40,20,0,100
0022500894,2025-26,2026-03-04,CHA,BOS,131.1,96.7,-4.3,-9.9,0.1,0.2,-14.1,-4.0,-0.9,1.0,56.7,94.4,23.4,19.1,44.3,82.6,22.0,24.1,35,29,27,27,0,118,23,20,25,21,0,89
0022500896,2025-26,2026-03-04,POR,MEM,119.6,114.0,-6.8,3.2,-11.5,2.2,-1.4,-3.6,2.6,1.3,58.4,83.3,44.4,11.6,52.9,83.0,28.3,25.3,32,27,34,29,0,122,28,31,30,25,0,114
0022500898,2025-26,2026-03-04,IND,LAC,103.9,125.0,7.4,-1.6,7.0,-2.5,11.8,4.0,-4.5,0.6,48.8,87.4,10.9,29.8,61.8,89.4,15.4,22.5,25,26,26,30,0,107,42,21,39,28,0,130
0022500897,2025-26,2026-03-04,ATL,MIL,133.7,116.5,-16.9,-3.2,-2.2,2.1,5.6,-1.8,3.1,-1.0,65.2,88.8,27.5,12.0,57.6,84.5,29.3,16.3,25,41,32,33,0,131,38,33,18,24,0,113
0022500904,2025-26,2026-03-05,DET,SAS,111.6,126.0,9.9,-4.1,-1.9,-1.9,5.8,5.4,-1.4,2.2,47.1,89.5,26.9,27.6,57.7,90.6,21.1,28.6,23,32,30,21,0,106,38,33,22,28,0,121
0022500903,2025-26,2026-03-05,TOR,MIN,111.5,117.3,-1.5,0.7,-0.2,0.2,9.0,0.8,-3.5,0.6,54.8,85.4,23.9,19.3,59.9,86.7,17.1,22.2,27,27,22,31,0,107,31,24,35,25,0,115
0022500902,2025-26,2026-03-05,GSW,HOU,116.2,113.0,-2.2,6.2,-6.9,2.1,-1.0,-4.8,7.4,-2.2,55.3,80.8,36.0,11.7,53.1,82.0,37.0,11.5,30,21,30,20,14,115,20,27,35,19,12,113
0022500907,2025-26,2026-03-05,NOP,SAC,126.7,116.0,-3.4,-3.0,-3.8,-0.9,1.1,8.7,-1.5,-1.2,56.1,88.6,30.4,23.5,54.5,93.4,20.8,15.2,26,41,38,28,0,133,30,33,28,32,0,123
0022500900,2025-26,2026-03-05,UTA,WAS,129.8,119.1,-8.1,-1.4,-7.8,1.5,6.9,-7.4,6.2,2.2,59.2,87.2,37.8,14.1,58.4,79.8,34.9,28.6,37,30,26,29,0,122,23,26,35,28,0,112
0022500905,2025-26,2026-03-05,CHI,PHX,101.9,100.0,3.1,-1.6,1.4,0.4,-11.3,-0.7,2.1,-0.1,51.7,87.4,20.9,18.6,46.2,85.4,27.5,19.6,24,31,28,22,0,105,20,30,27,26,0,103
0022500899,2025-26,2026-03-05,DAL,ORL,114.0,116.2,0.5,-1.2,-0.8,-1.4,-2.6,2.2,3.4,-1.4,53.5,87.0,25.0,25.6,52.1,87.9,29.8,14.4,33,29,26,26,0,114,26,34,31,24,0,115
0022500901,2025-26,2026-03-05,BKN,MIA,106.8,123.5,3.3,6.4,-8.5,1.9,5.8,0.3,3.6,0.8,51.6,80.6,38.9,12.6,57.7,86.3,30.0,23.1,26,30,27,27,0,110,31,29,35,31,0,126
0022500906,2025-26,2026-03-05,LAL,DEN,116.5,121.2,-8.0,-4.3,4.7,2.2,11.2,-5.0,-1.3,4.4,59.2,89.7,15.0,11.5,61.3,81.8,21.2,37.3,22,32,32,27,0,113,32,32,29,27,0,120
