season,season_start_year,franchise_id,team,all_games,all_minutes,all_possessions,all_opp_possessions,all_pts,all_opp_pts,all_off_rating,all_def_rating,all_net_rating,clutch_games,clutch_minutes,clutch_possessions,clutch_opp_possessions,clutch_pts,clutch_opp_pts,clutch_off_rating,clutch_def_rating,clutch_net_rating,non_clutch_games,non_clutch_minutes,non_clutch_possessions,non_clutch_opp_possessions,non_clutch_pts,non_clutch_opp_pts,non_clutch_off_rating,non_clutch_def_rating,non_clutch_net_rating,clutch_minus_non_clutch_net,clutch_minus_all_net,clutch_time_pct,clutch_poss_pct
2000-01,2000,1610612737,ATL,82,19730.0,7695.0,7699.0,7459.0,7886.0,96.933,102.429,-5.496,46,734.0,308.0,312.0,268.0,326.0,87.013,104.487,-17.474,82,18996.0,7387.0,7387.0,7191.0,7560.0,97.347,102.342,-4.995,-12.479,-11.978,3.72,4.003
2000-01,2000,1610612738,BOS,82,19830.0,7748.0,7754.0,7759.0,7934.0,100.142,102.321,-2.179,49,928.0,410.0,422.0,390.0,409.0,95.122,96.919,-1.797,82,18902.0,7338.0,7332.0,7369.0,7525.0,100.422,102.632,-2.21,0.412,0.382,4.68,5.292
2000-01,2000,1610612766,CHH,82,19880.0,7565.0,7551.0,7539.0,7367.0,99.656,97.563,2.093,44,870.0,357.0,364.0,327.0,351.0,91.597,96.429,-4.832,82,19010.0,7208.0,7187.0,7212.0,7016.0,100.055,97.621,2.435,-7.267,-6.925,4.376,4.719
2000-01,2000,1610612741,CHI,82,19855.0,7486.0,7483.0,7181.0,7927.0,95.926,105.933,-10.008,47,826.0,341.0,364.0,319.0,391.0,93.548,107.418,-13.869,82,19029.0,7145.0,7119.0,6862.0,7536.0,96.039,105.858,-9.818,-4.051,-3.861,4.16,4.555
2000-01,2000,1610612739,CLE,82,19828.0,7613.0,7642.0,7561.0,7909.0,99.317,103.494,-4.177,43,793.0,344.0,349.0,314.0,303.0,91.279,86.819,4.46,82,19035.0,7269.0,7293.0,7247.0,7606.0,99.697,104.292,-4.594,9.054,8.636,3.999,4.519
2000-01,2000,1610612742,DAL,82,19804.0,7803.0,7796.0,8239.0,7888.0,105.588,101.18,4.408,35,586.0,271.0,273.0,280.0,284.0,103.321,104.029,-0.708,82,19218.0,7532.0,7523.0,7959.0,7604.0,105.669,101.077,4.592,-5.301,-5.116,2.959,3.473
2000-01,2000,1610612743,DEN,82,19780.0,7751.0,7740.0,7918.0,8120.0,102.155,104.91,-2.755,49,867.0,367.0,380.0,369.0,363.0,100.545,95.526,5.019,82,18913.0,7384.0,7360.0,7549.0,7757.0,102.235,105.394,-3.159,8.178,7.774,4.383,4.735
2000-01,2000,1610612765,DET,82,19855.0,7955.0,7954.0,7837.0,7976.0,98.517,100.277,-1.76,43,742.0,316.0,325.0,290.0,330.0,91.772,101.538,-9.766,82,19113.0,7639.0,7629.0,7547.0,7646.0,98.796,100.223,-1.427,-8.339,-8.006,3.737,3.972
2000-01,2000,1610612744,GSW,82,19780.0,7879.0,7895.0,7584.0,8326.0,96.256,105.459,-9.203,37,612.0,273.0,282.0,231.0,304.0,84.615,107.801,-23.186,82,19168.0,7606.0,7613.0,7353.0,8022.0,96.674,105.372,-8.699,-14.487,-13.983,3.094,3.465
2000-01,2000,1610612745,HOU,82,19830.0,7575.0,7571.0,7972.0,7784.0,105.241,102.813,2.428,45,790.0,355.0,353.0,371.0,311.0,104.507,88.102,16.405,82,19040.0,7220.0,7218.0,7601.0,7473.0,105.277,103.533,1.744,14.661,13.978,3.984,4.686
2000-01,2000,1610612754,IND,82,19980.0,7566.0,7568.0,7591.0,7607.0,100.33,100.515,-0.185,44,986.0,419.0,404.0,390.0,373.0,93.079,92.327,0.752,82,18994.0,7147.0,7164.0,7201.0,7234.0,100.756,100.977,-0.222,0.974,0.937,4.935,5.538
2000-01,2000,1610612746,LAC,82,20030.0,7559.0,7576.0,7581.0,7818.0,100.291,103.194,-2.903,42,963.0,417.0,414.0,399.0,450.0,95.683,108.696,-13.012,82,19067.0,7142.0,7162.0,7182.0,7368.0,100.56,102.876,-2.316,-10.696,-10.109,4.808,5.517
2000-01,2000,1610612747,LAL,82,19905.0,7710.0,7700.0,8251.0,7974.0,107.017,103.558,3.458,47,829.0,400.0,368.0,413.0,365.0,103.25,99.185,4.065,82,19076.0,7310.0,7332.0,7838.0,7609.0,107.223,103.778,3.445,0.62,0.607,4.165,5.188
2000-01,2000,1610612748,MIA,82,19880.0,7331.0,7312.0,7289.0,7101.0,99.427,97.114,2.313,53,984.0,427.0,416.0,423.0,383.0,99.063,92.067,6.996,82,18896.0,6904.0,6896.0,6866.0,6718.0,99.45,97.419,2.031,4.965,4.683,4.95,5.825
2000-01,2000,1610612749,MIL,82,19780.0,7733.0,7743.0,8260.0,7942.0,106.815,102.57,4.245,48,716.0,320.0,316.0,359.0,328.0,112.188,103.797,8.39,82,19064.0,7413.0,7427.0,7901.0,7614.0,106.583,102.518,4.065,4.325,4.145,3.62,4.138
2000-01,2000,1610612750,MIN,82,19830.0,7679.0,7687.0,7982.0,7871.0,103.946,102.394,1.552,43,828.0,351.0,347.0,361.0,371.0,102.849,106.916,-4.067,82,19002.0,7328.0,7340.0,7621.0,7500.0,103.998,102.18,1.819,-5.886,-5.62,4.175,4.571
2000-01,2000,1610612751,NJN,82,19727.0,7674.0,7673.0,7552.0,7966.0,98.41,103.819,-5.408,40,606.0,275.0,282.0,256.0,298.0,93.091,105.674,-12.583,82,19121.0,7399.0,7391.0,7296.0,7668.0,98.608,103.748,-5.14,-7.443,-7.174,3.072,3.584
2000-01,2000,1610612752,NYK,82,19904.0,7276.0,7278.0,7275.0,7059.0,99.986,96.991,2.995,40,827.0,352.0,352.0,291.0,285.0,82.67,80.966,1.705,82,19077.0,6924.0,6926.0,6984.0,6774.0,100.867,97.805,3.061,-1.357,-1.291,4.155,4.838
2000-01,2000,1610612753,ORL,82,19955.0,7828.0,7827.0,7992.0,7911.0,102.095,101.073,1.022,49,932.0,398.0,398.0,372.0,415.0,93.467,104.271,-10.804,82,19023.0,7430.0,7429.0,7620.0,7496.0,102.557,100.902,1.655,-12.459,-11.826,4.671,5.084
2000-01,2000,1610612755,PHI,82,19853.0,7619.0,7617.0,7763.0,7412.0,101.89,97.309,4.581,40,812.0,360.0,334.0,367.0,316.0,101.944,94.611,7.334,82,19041.0,7259.0,7283.0,7396.0,7096.0,101.887,97.432,4.455,2.879,2.752,4.09,4.725
2000-01,2000,1610612756,PHX,82,19805.0,7792.0,7789.0,7710.0,7529.0,98.948,96.662,2.286,46,823.0,386.0,381.0,377.0,332.0,97.668,87.139,10.529,82,18982.0,7406.0,7408.0,7333.0,7197.0,99.014,97.152,1.863,8.667,8.244,4.156,4.954
2000-01,2000,1610612757,POR,82,19778.0,7475.0,7446.0,7824.0,7480.0,104.669,100.457,4.212,44,673.0,289.0,274.0,316.0,273.0,109.343,99.635,9.708,82,19105.0,7186.0,7172.0,7508.0,7207.0,104.481,100.488,3.993,5.715,5.495,3.403,3.866
2000-01,2000,1610612758,SAC,82,20080.0,8010.0,7988.0,8343.0,7866.0,104.157,98.473,5.685,46,1177.0,501.0,507.0,471.0,429.0,94.012,84.615,9.397,82,18903.0,7509.0,7481.0,7872.0,7437.0,104.834,99.412,5.422,3.974,3.712,5.862,6.255
2000-01,2000,1610612759,SAS,82,19830.0,7514.0,7503.0,7886.0,7250.0,104.951,96.628,8.323,28,618.0,266.0,269.0,260.0,270.0,97.744,100.372,-2.627,82,19212.0,7248.0,7234.0,7626.0,6980.0,105.215,96.489,8.726,-11.354,-10.95,3.116,3.54
2000-01,2000,1610612760,SEA,82,19805.0,7643.0,7655.0,7978.0,7976.0,104.383,104.193,0.19,47,803.0,349.0,354.0,343.0,362.0,98.281,102.26,-3.979,82,19002.0,7294.0,7301.0,7635.0,7614.0,104.675,104.287,0.388,-4.367,-4.169,4.055,4.566
2000-01,2000,1610612761,TOR,82,19955.0,7671.0,7665.0,8007.0,7822.0,104.38,102.048,2.332,44,824.0,343.0,356.0,332.0,328.0,96.793,92.135,4.658,82,19131.0,7328.0,7309.0,7675.0,7494.0,104.735,102.531,2.204,2.454,2.326,4.129,4.471
2000-01,2000,1610612762,UTA,82,19780.0,7503.0,7510.0,7959.0,7574.0,106.078,100.852,5.225,45,700.0,320.0,308.0,379.0,298.0,118.438,96.753,21.684,82,19080.0,7183.0,7202.0,7580.0,7276.0,105.527,101.027,4.499,17.185,16.459,3.539,4.265
2000-01,2000,1610612763,VAN,82,19780.0,7662.0,7673.0,7522.0,7992.0,98.173,104.157,-5.985,40,675.0,284.0,284.0,290.0,303.0,102.113,106.69,-4.577,82,19105.0,7378.0,7389.0,7232.0,7689.0,98.021,104.06,-6.039,1.461,1.407,3.413,3.707
2000-01,2000,1610612764,WAS,82,19679.0,7695.0,7715.0,7645.0,8192.0,99.35,106.183,-6.833,38,646.0,282.0,293.0,286.0,293.0,101.418,100.0,1.418,82,19033.0,7413.0,7422.0,7359.0,7899.0,99.272,106.427,-7.155,8.574,8.251,3.283,3.665
2001-02,2001,1610612737,ATL,82,19780.0,7678.0,7686.0,7711.0,8058.0,100.43,104.84,-4.41,47,823.0,357.0,359.0,341.0,361.0,95.518,100.557,-5.039,82,18957.0,7321.0,7327.0,7370.0,7697.0,100.669,105.05,-4.381,-0.658,-0.629,4.161,4.65
2001-02,2001,1610612738,BOS,82,19830.0,7738.0,7729.0,7901.0,7720.0,102.106,99.884,2.223,51,1002.0,449.0,430.0,484.0,388.0,107.795,90.233,17.563,82,18828.0,7289.0,7299.0,7417.0,7332.0,101.756,100.452,1.304,16.259,15.34,5.053,5.803
2001-02,2001,1610612766,CHH,82,19755.0,7480.0,7489.0,7700.0,7621.0,102.941,101.763,1.179,49,831.0,363.0,341.0,367.0,334.0,101.102,97.947,3.155,82,18924.0,7117.0,7148.0,7333.0,7287.0,103.035,101.945,1.09,2.064,1.976,4.207,4.853
2001-02,2001,1610612741,CHI,82,19805.0,7549.0,7563.0,7335.0,8035.0,97.165,106.241,-9.076,44,811.0,354.0,373.0,353.0,364.0,99.718,97.587,2.13,82,18994.0,7195.0,7190.0,6982.0,7671.0,97.04,106.69,-9.65,11.781,11.206,4.095,4.689
2001-02,2001,1610612739,CLE,82,19855.0,7553.0,7555.0,7812.0,8085.0,103.429,107.015,-3.586,40,678.0,304.0,309.0,326.0,308.0,107.237,99.676,7.56,82,19177.0,7249.0,7246.0,7486.0,7777.0,103.269,107.328,-4.059,11.619,11.147,3.415,4.025
2001-02,2001,1610612742,DAL,82,19879.0,7823.0,7809.0,8629.0,8280.0,110.303,106.032,4.271,39,763.0,330.0,318.0,381.0,341.0,115.455,107.233,8.222,82,19116.0,7493.0,7491.0,8248.0,7939.0,110.076,105.981,4.096,4.126,3.95,3.838,4.218
2001-02,2001,1610612743,DEN,82,19805.0,7537.0,7539.0,7559.0,8036.0,100.292,106.592,-6.3,41,825.0,340.0,351.0,305.0,335.0,89.706,95.442,-5.736,82,18980.0,7197.0,7188.0,7254.0,7701.0,100.792,107.137,-6.345,0.609,0.565,4.166,4.511
2001-02,2001,1610612765,DET,82,19680.0,7495.0,7492.0,7735.0,7560.0,103.202,100.908,2.294,50,831.0,384.0,355.0,371.0,331.0,96.615,93.239,3.375,82,18849.0,7111.0,7137.0,7364.0,7229.0,103.558,101.289,2.269,1.106,1.081,4.223,5.123
2001-02,2001,1610612744,GSW,82,19780.0,7890.0,7892.0,8009.0,8452.0,101.508,107.096,-5.588,39,663.0,294.0,318.0,251.0,335.0,85.374,105.346,-19.972,82,19117.0,7596.0,7574.0,7758.0,8117.0,102.133,107.169,-5.037,-14.935,-14.384,3.352,3.726
2001-02,2001,1610612745,HOU,82,19980.0,7456.0,7455.0,7572.0,7973.0,101.556,106.948,-5.393,58,1243.0,533.0,539.0,515.0,575.0,96.623,106.679,-10.056,82,18737.0,6923.0,6916.0,7057.0,7398.0,101.936,106.969,-5.034,-5.022,-4.664,6.221,7.149
2001-02,2001,1610612754,IND,82,19905.0,7721.0,7727.0,7938.0,7916.0,102.811,102.446,0.365,48,893.0,380.0,400.0,384.0,412.0,101.053,103.0,-1.947,82,19012.0,7341.0,7327.0,7554.0,7504.0,102.902,102.416,0.486,-2.433,-2.312,4.486,4.922
2001-02,2001,1610612746,LAC,82,19805.0,7524.0,7530.0,7846.0,7884.0,104.28,104.701,-0.422,41,780.0,344.0,354.0,328.0,355.0,95.349,100.282,-4.934,82,19025.0,7180.0,7176.0,7518.0,7529.0,104.708,104.919,-0.212,-4.722,-4.512,3.938,4.572
2001-02,2001,1610612747,LAL,82,19780.0,7691.0,7692.0,8304.0,7720.0,107.97,100.364,7.606,39,698.0,313.0,314.0,326.0,297.0,104.153,94.586,9.567,82,19082.0,7378.0,7378.0,7978.0,7423.0,108.132,100.61,7.522,2.045,1.961,3.529,4.07
2001-02,2001,1610612763,MEM,82,19780.0,7629.0,7626.0,7372.0,7982.0,96.631,104.668,-8.037,43,721.0,313.0,328.0,279.0,323.0,89.137,98.476,-9.338,82,19059.0,7316.0,7298.0,7093.0,7659.0,96.952,104.947,-7.995,-1.344,-1.301,3.645,4.103
2001-02,2001,1610612748,MIA,82,19930.0,7346.0,7347.0,7150.0,7276.0,97.332,99.034,-1.702,53,1085.0,445.0,448.0,383.0,412.0,86.067,91.964,-5.897,82,18845.0,6901.0,6899.0,6767.0,6864.0,98.058,99.493,-1.434,-4.462,-4.195,5.444,6.058
2001-02,2001,1610612749,MIL,82,19905.0,7591.0,7588.0,7996.0,8014.0,105.335,105.614,-0.279,46,911.0,416.0,407.0,447.0,408.0,107.452,100.246,7.206,82,18994.0,7175.0,7181.0,7549.0,7606.0,105.213,105.918,-0.706,7.912,7.485,4.577,5.48
2001-02,2001,1610612750,MIN,82,19805.0,7578.0,7559.0,8145.0,7868.0,107.482,104.088,3.394,39,700.0,317.0,311.0,299.0,319.0,94.322,102.572,-8.251,82,19105.0,7261.0,7248.0,7846.0,7549.0,108.057,104.153,3.904,-12.154,-11.645,3.534,4.183
2001-02,2001,1610612751,NJN,82,19830.0,7707.0,7694.0,7889.0,7548.0,102.361,98.102,4.259,41,806.0,359.0,354.0,352.0,349.0,98.05,98.588,-0.537,82,19024.0,7348.0,7340.0,7537.0,7199.0,102.572,98.079,4.493,-5.031,-4.797,4.065,4.658
2001-02,2001,1610612752,NYK,82,19805.0,7487.0,7496.0,7514.0,7841.0,100.361,104.602,-4.242,54,931.0,410.0,413.0,368.0,415.0,89.756,100.484,-10.728,82,18874.0,7077.0,7083.0,7146.0,7426.0,100.975,104.843,-3.868,-6.861,-6.486,4.701,5.476
2001-02,2001,1610612753,ORL,82,19830.0,7805.0,7795.0,8240.0,8111.0,105.573,104.054,1.519,36,642.0,275.0,275.0,290.0,276.0,105.455,100.364,5.091,82,19188.0,7530.0,7520.0,7950.0,7835.0,105.578,104.189,1.389,3.702,3.571,3.238,3.523
2001-02,2001,1610612755,PHI,82,19730.0,7424.0,7426.0,7461.0,7330.0,100.498,98.707,1.791,46,753.0,336.0,330.0,303.0,274.0,90.179,83.03,7.148,82,18977.0,7088.0,7096.0,7158.0,7056.0,100.988,99.436,1.551,5.597,5.357,3.817,4.526
2001-02,2001,1610612756,PHX,82,19830.0,7663.0,7662.0,7802.0,7858.0,101.814,102.558,-0.744,45,899.0,374.0,379.0,389.0,386.0,104.011,101.847,2.164,82,18931.0,7289.0,7283.0,7413.0,7472.0,101.701,102.595,-0.894,3.058,2.908,4.534,4.881
2001-02,2001,1610612757,POR,82,19830.0,7482.0,7482.0,7925.0,7680.0,105.921,102.646,3.275,45,780.0,351.0,331.0,392.0,330.0,111.681,99.698,11.983,82,19050.0,7131.0,7151.0,7533.0,7350.0,105.637,102.783,2.855,9.128,8.709,3.933,4.691
2001-02,2001,1610612758,SAC,82,19755.0,7951.0,7974.0,8578.0,7954.0,107.886,99.749,8.137,31,526.0,242.0,231.0,254.0,207.0,104.959,89.61,15.348,82,19229.0,7709.0,7743.0,8324.0,7747.0,107.978,100.052,7.926,7.422,7.212,2.663,3.044
2001-02,2001,1610612759,SAS,82,19855.0,7528.0,7538.0,7932.0,7423.0,105.367,98.474,6.892,43,815.0,361.0,369.0,334.0,357.0,92.521,96.748,-4.227,82,19040.0,7167.0,7169.0,7598.0,7066.0,106.014,98.563,7.45,-11.678,-11.119,4.105,4.795
2001-02,2001,1610612760,SEA,82,19830.0,7468.0,7463.0,8014.0,7766.0,107.311,104.06,3.251,43,800.0,326.0,333.0,302.0,327.0,92.638,98.198,-5.56,82,19030.0,7142.0,7130.0,7712.0,7439.0,107.981,104.334,3.647,-9.207,-8.811,4.034,4.365
2001-02,2001,1610612761,TOR,82,19755.0,7414.0,7406.0,7494.0,7530.0,101.079,101.674,-0.595,48,911.0,385.0,384.0,358.0,347.0,92.987,90.365,2.622,82,18844.0,7029.0,7022.0,7136.0,7183.0,101.522,102.293,-0.771,3.393,3.218,4.611,5.193
2001-02,2001,1610612762,UTA,82,19829.0,7582.0,7580.0,7871.0,7798.0,103.812,102.876,0.936,42,816.0,352.0,352.0,362.0,375.0,102.841,106.534,-3.693,82,19013.0,7230.0,7228.0,7509.0,7423.0,103.859,102.698,1.161,-4.854,-4.629,4.115,4.643
2001-02,2001,1610612764,WAS,82,19730.0,7395.0,7391.0,7609.0,7724.0,102.894,104.505,-1.612,41,673.0,293.0,294.0,294.0,297.0,100.341,101.02,-0.679,82,19057.0,7102.0,7097.0,7315.0,7427.0,102.999,104.65,-1.651,0.972,0.933,3.411,3.962
2002-03,2002,1610612737,ATL,82,19905.0,7683.0,7682.0,7714.0,8006.0,100.403,104.218,-3.814,40,816.0,344.0,347.0,351.0,337.0,102.035,97.118,4.917,82,19089.0,7339.0,7335.0,7363.0,7669.0,100.327,104.554,-4.226,9.143,8.731,4.099,4.477
2002-03,2002,1610612738,BOS,82,19830.0,7602.0,7592.0,7599.0,7631.0,99.961,100.514,-0.553,49,906.0,380.0,376.0,355.0,340.0,93.421,90.426,2.996,82,18924.0,7222.0,7216.0,7244.0,7291.0,100.305,101.039,-0.735,3.73,3.549,4.569,4.999
2002-03,2002,1610612741,CHI,82,19926.0,7857.0,7878.0,7786.0,8207.0,99.096,104.176,-5.08,37,726.0,320.0,320.0,322.0,332.0,100.625,103.75,-3.125,82,19200.0,7537.0,7558.0,7464.0,7875.0,99.031,104.194,-5.163,2.038,1.955,3.643,4.073
2002-03,2002,1610612739,CLE,82,19830.0,7870.0,7882.0,7495.0,8284.0,95.235,105.1,-9.865,36,729.0,321.0,331.0,278.0,318.0,86.604,96.073,-9.468,82,19101.0,7549.0,7551.0,7217.0,7966.0,95.602,105.496,-9.894,0.426,0.397,3.676,4.079
2002-03,2002,1610612742,DAL,82,19780.0,7726.0,7727.0,8444.0,7806.0,109.293,101.022,8.271,38,695.0,311.0,307.0,349.0,310.0,112.219,100.977,11.241,82,19085.0,7415.0,7420.0,8095.0,7496.0,109.171,101.024,8.146,3.095,2.971,3.514,4.025
2002-03,2002,1610612743,DEN,82,19730.0,7568.0,7576.0,6901.0,7580.0,91.187,100.053,-8.866,33,535.0,230.0,247.0,206.0,274.0,89.565,110.931,-21.366,82,19195.0,7338.0,7329.0,6695.0,7306.0,91.237,99.686,-8.449,-12.917,-12.5,2.712,3.039
2002-03,2002,1610612765,DET,82,19905.0,7318.0,7322.0,7492.0,7190.0,102.378,98.197,4.18,46,922.0,382.0,386.0,394.0,355.0,103.141,91.969,11.172,82,18983.0,6936.0,6936.0,7098.0,6835.0,102.336,98.544,3.792,7.381,6.992,4.632,5.22
2002-03,2002,1610612744,GSW,82,19755.0,7897.0,7887.0,8400.0,8493.0,106.37,107.684,-1.314,49,681.0,336.0,326.0,337.0,343.0,100.298,105.215,-4.917,82,19074.0,7561.0,7561.0,8063.0,8150.0,106.639,107.79,-1.151,-3.766,-3.603,3.447,4.255
2002-03,2002,1610612745,HOU,82,19930.0,7508.0,7500.0,7688.0,7567.0,102.397,100.893,1.504,43,794.0,348.0,341.0,398.0,344.0,114.368,100.88,13.488,82,19136.0,7160.0,7159.0,7290.0,7223.0,101.816,100.894,0.922,12.566,11.984,3.984,4.635
2002-03,2002,1610612754,IND,82,19905.0,7696.0,7683.0,7940.0,7654.0,103.17,99.623,3.548,41,944.0,397.0,413.0,360.0,404.0,90.68,97.821,-7.141,82,18961.0,7299.0,7270.0,7580.0,7250.0,103.85,99.725,4.125,-11.266,-10.689,4.743,5.159
2002-03,2002,1610612746,LAC,82,19755.0,7613.0,7644.0,7693.0,8031.0,101.051,105.063,-4.012,47,845.0,403.0,406.0,379.0,473.0,94.045,116.502,-22.458,82,18910.0,7210.0,7238.0,7314.0,7558.0,101.442,104.421,-2.979,-19.479,-18.446,4.277,5.294
2002-03,2002,1610612747,LAL,82,19930.0,7797.0,7778.0,8230.0,8039.0,105.553,103.356,2.198,43,769.0,349.0,339.0,389.0,342.0,111.461,100.885,10.576,82,19161.0,7448.0,7439.0,7841.0,7697.0,105.277,103.468,1.808,8.768,8.379,3.859,4.476
2002-03,2002,1610612763,MEM,82,19930.0,7813.0,7803.0,7995.0,8260.0,102.329,105.857,-3.527,42,901.0,400.0,408.0,391.0,426.0,97.75,104.412,-6.662,82,19029.0,7413.0,7395.0,7604.0,7834.0,102.577,105.936,-3.36,-3.302,-3.134,4.521,5.12
2002-03,2002,1610612748,MIA,82,19830.0,7353.0,7343.0,7016.0,7430.0,95.417,101.185,-5.768,41,766.0,318.0,318.0,271.0,326.0,85.22,102.516,-17.296,82,19064.0,7035.0,7025.0,6745.0,7104.0,95.878,101.125,-5.247,-12.049,-11.528,3.863,4.325
2002-03,2002,1610612749,MIL,82,19905.0,7607.0,7613.0,8158.0,8139.0,107.243,106.909,0.334,50,991.0,451.0,455.0,470.0,464.0,104.213,101.978,2.235,82,18914.0,7156.0,7158.0,7688.0,7675.0,107.434,107.223,0.212,2.023,1.901,4.979,5.929
2002-03,2002,1610612750,MIN,82,19805.0,7681.0,7681.0,8046.0,7876.0,104.752,102.539,2.213,40,642.0,297.0,286.0,320.0,267.0,107.744,93.357,14.387,82,19163.0,7384.0,7395.0,7726.0,7609.0,104.632,102.894,1.738,12.65,12.174,3.242,3.867
2002-03,2002,1610612751,NJN,82,19755.0,7661.0,7649.0,7820.0,7392.0,102.075,96.64,5.435,36,643.0,284.0,290.0,236.0,290.0,83.099,100.0,-16.901,82,19112.0,7377.0,7359.0,7584.0,7102.0,102.806,96.508,6.298,-23.2,-22.337,3.255,3.707
2002-03,2002,1610612740,NOH,82,19905.0,7522.0,7526.0,7699.0,7526.0,102.353,100.0,2.353,46,925.0,393.0,391.0,399.0,374.0,101.527,95.652,5.875,82,18980.0,7129.0,7135.0,7300.0,7152.0,102.399,100.238,2.16,3.714,3.521,4.647,5.225
2002-03,2002,1610612752,NYK,82,19855.0,7611.0,7621.0,7860.0,7971.0,103.272,104.593,-1.321,58,955.0,412.0,411.0,412.0,437.0,100.0,106.326,-6.326,82,18900.0,7199.0,7210.0,7448.0,7534.0,103.459,104.494,-1.035,-5.291,-5.005,4.81,5.413
2002-03,2002,1610612753,ORL,82,19805.0,7788.0,7781.0,8078.0,8067.0,103.724,103.676,0.048,45,773.0,345.0,355.0,331.0,336.0,95.942,94.648,1.294,82,19032.0,7443.0,7426.0,7747.0,7731.0,104.084,104.107,-0.023,1.317,1.246,3.903,4.43
2002-03,2002,1610612755,PHI,82,19855.0,7694.0,7706.0,7941.0,7752.0,103.21,100.597,2.613,49,930.0,419.0,410.0,429.0,404.0,102.387,98.537,3.85,82,18925.0,7275.0,7296.0,7512.0,7348.0,103.258,100.713,2.545,1.305,1.237,4.684,5.446
2002-03,2002,1610612756,PHX,82,19805.0,7637.0,7644.0,7834.0,7741.0,102.58,101.269,1.311,52,870.0,379.0,379.0,413.0,334.0,108.971,88.127,20.844,82,18935.0,7258.0,7265.0,7421.0,7407.0,102.246,101.955,0.291,20.553,19.534,4.393,4.963
2002-03,2002,1610612757,POR,82,19851.0,7486.0,7475.0,7803.0,7589.0,104.235,101.525,2.709,39,815.0,374.0,361.0,364.0,355.0,97.326,98.338,-1.012,82,19036.0,7112.0,7114.0,7439.0,7234.0,104.598,101.687,2.911,-3.923,-3.721,4.106,4.996
2002-03,2002,1610612758,SAC,82,19830.0,7987.0,7981.0,8342.0,7809.0,104.445,97.845,6.6,39,711.0,337.0,331.0,352.0,337.0,104.451,101.813,2.638,82,19119.0,7650.0,7650.0,7990.0,7472.0,104.444,97.673,6.771,-4.133,-3.961,3.585,4.219
2002-03,2002,1610612759,SAS,82,19830.0,7558.0,7555.0,7856.0,7412.0,103.943,98.107,5.836,44,759.0,338.0,324.0,346.0,324.0,102.367,100.0,2.367,82,19071.0,7220.0,7231.0,7510.0,7088.0,104.017,98.022,5.994,-3.627,-3.469,3.828,4.472
2002-03,2002,1610612760,SEA,82,19855.0,7379.0,7375.0,7555.0,7565.0,102.385,102.576,-0.191,48,885.0,382.0,381.0,388.0,380.0,101.571,99.738,1.833,82,18970.0,6997.0,6994.0,7167.0,7185.0,102.43,102.731,-0.301,2.134,2.024,4.457,5.177
2002-03,2002,1610612761,TOR,82,19805.0,7507.0,7514.0,7453.0,7934.0,99.281,105.59,-6.309,45,786.0,340.0,353.0,344.0,366.0,101.176,103.683,-2.506,82,19019.0,7167.0,7161.0,7109.0,7568.0,99.191,105.684,-6.493,3.987,3.803,3.969,4.529
2002-03,2002,1610612762,UTA,82,19780.0,7483.0,7481.0,7762.0,7566.0,103.728,101.136,2.592,37,659.0,302.0,297.0,310.0,294.0,102.649,98.99,3.659,82,19121.0,7181.0,7184.0,7452.0,7272.0,103.774,101.225,2.549,1.11,1.067,3.332,4.036
2002-03,2002,1610612764,WAS,82,19830.0,7390.0,7393.0,7502.0,7585.0,101.516,102.597,-1.081,51,899.0,393.0,396.0,405.0,413.0,103.053,104.293,-1.239,82,18931.0,6997.0,6997.0,7097.0,7172.0,101.429,102.501,-1.072,-0.168,-0.158,4.534,5.318
2003-04,2003,1610612737,ATL,82,19905.0,7680.0,7694.0,7611.0,7992.0,99.102,103.873,-4.772,47,956.0,427.0,433.0,384.0,462.0,89.93,106.697,-16.768,82,18949.0,7253.0,7261.0,7227.0,7530.0,99.642,103.705,-4.063,-12.705,-11.996,4.803,5.56
2003-04,2003,1610612738,BOS,82,19705.0,7757.0,7756.0,7811.0,7930.0,100.696,102.243,-1.547,48,754.0,351.0,352.0,352.0,367.0,100.285,104.261,-3.976,82,18951.0,7406.0,7404.0,7459.0,7563.0,100.716,102.147,-1.432,-2.545,-2.429,3.826,4.525
2003-04,2003,1610612741,CHI,82,19830.0,7694.0,7712.0,7355.0,7876.0,95.594,102.127,-6.533,43,828.0,349.0,354.0,293.0,357.0,83.954,100.847,-16.893,82,19002.0,7345.0,7358.0,7062.0,7519.0,96.147,102.188,-6.041,-10.852,-10.361,4.175,4.536
2003-04,2003,1610612739,CLE,82,19855.0,7577.0,7598.0,7619.0,7834.0,100.554,103.106,-2.552,48,875.0,363.0,380.0,338.0,369.0,93.113,97.105,-3.992,82,18980.0,7214.0,7218.0,7281.0,7465.0,100.929,103.422,-2.493,-1.499,-1.441,4.407,4.791
2003-04,2003,1610612742,DAL,82,19805.0,7814.0,7802.0,8626.0,8262.0,110.392,105.896,4.496,40,673.0,302.0,305.0,289.0,337.0,95.695,110.492,-14.796,82,19132.0,7512.0,7497.0,8337.0,7925.0,110.982,105.709,5.273,-20.07,-19.292,3.398,3.865
2003-04,2003,1610612743,DEN,82,19730.0,7786.0,7775.0,7972.0,7884.0,102.389,101.402,0.987,39,650.0,301.0,298.0,311.0,267.0,103.322,89.597,13.725,82,19080.0,7485.0,7477.0,7661.0,7617.0,102.351,101.872,0.479,13.246,12.738,3.294,3.866
2003-04,2003,1610612765,DET,82,19780.0,7365.0,7361.0,7388.0,6909.0,100.312,93.86,6.453,45,860.0,373.0,362.0,387.0,342.0,103.753,94.475,9.278,82,18920.0,6992.0,6999.0,7001.0,6567.0,100.129,93.828,6.301,2.977,2.825,4.348,5.064
2003-04,2003,1610612744,GSW,82,19855.0,7535.0,7514.0,7649.0,7709.0,101.513,102.595,-1.082,43,848.0,359.0,378.0,326.0,388.0,90.808,102.646,-11.838,82,19007.0,7176.0,7136.0,7323.0,7321.0,102.048,102.592,-0.544,-11.294,-10.755,4.271,4.764
2003-04,2003,1610612745,HOU,82,19928.0,7384.0,7383.0,7362.0,7220.0,99.702,97.792,1.91,44,948.0,412.0,420.0,436.0,444.0,105.825,105.714,0.111,82,18980.0,6972.0,6963.0,6926.0,6776.0,99.34,97.314,2.026,-1.915,-1.799,4.757,5.58
2003-04,2003,1610612754,IND,82,19805.0,7311.0,7302.0,7493.0,7021.0,102.489,96.152,6.338,43,814.0,362.0,339.0,375.0,288.0,103.591,84.956,18.635,82,18991.0,6949.0,6963.0,7118.0,6733.0,102.432,96.697,5.735,12.9,12.298,4.11,4.951
2003-04,2003,1610612746,LAC,82,19805.0,7624.0,7641.0,7771.0,8147.0,101.928,106.622,-4.694,42,707.0,313.0,327.0,291.0,345.0,92.971,105.505,-12.533,82,19098.0,7311.0,7314.0,7480.0,7802.0,102.312,106.672,-4.361,-8.173,-7.839,3.57,4.105
2003-04,2003,1610612747,LAL,82,19855.0,7729.0,7723.0,8052.0,7732.0,104.179,100.117,4.063,41,850.0,393.0,376.0,404.0,320.0,102.799,85.106,17.693,82,19005.0,7336.0,7347.0,7648.0,7412.0,104.253,100.885,3.368,14.324,13.63,4.281,5.085
2003-04,2003,1610612763,MEM,82,19880.0,7670.0,7671.0,7930.0,7730.0,103.39,100.769,2.621,48,853.0,377.0,379.0,398.0,362.0,105.57,95.515,10.056,82,19027.0,7293.0,7292.0,7532.0,7368.0,103.277,101.042,2.235,7.821,7.435,4.291,4.915
2003-04,2003,1610612748,MIA,82,19755.0,7361.0,7340.0,7402.0,7359.0,100.557,100.259,0.298,42,749.0,320.0,312.0,320.0,278.0,100.0,89.103,10.897,82,19006.0,7041.0,7028.0,7082.0,7081.0,100.582,100.754,-0.172,11.069,10.599,3.791,4.347
2003-04,2003,1610612749,MIL,82,19780.0,7682.0,7680.0,8039.0,7952.0,104.647,103.542,1.106,53,897.0,418.0,417.0,394.0,405.0,94.258,97.122,-2.864,82,18883.0,7264.0,7263.0,7645.0,7547.0,105.245,103.91,1.335,-4.199,-3.969,4.535,5.441
2003-04,2003,1610612750,MIN,82,19755.0,7441.0,7415.0,7753.0,7303.0,104.193,98.49,5.703,40,776.0,346.0,329.0,382.0,327.0,110.405,99.392,11.013,82,18979.0,7095.0,7086.0,7371.0,6976.0,103.89,98.448,5.442,5.57,5.309,3.928,4.65
2003-04,2003,1610612751,NJN,82,19705.0,7475.0,7463.0,7401.0,7196.0,99.01,96.422,2.588,33,595.0,272.0,269.0,261.0,258.0,95.956,95.911,0.045,82,19110.0,7203.0,7194.0,7140.0,6938.0,99.125,96.441,2.684,-2.639,-2.543,3.02,3.639
2003-04,2003,1610612740,NOH,82,19830.0,7476.0,7494.0,7529.0,7537.0,100.709,100.574,0.135,48,908.0,383.0,383.0,361.0,354.0,94.256,92.428,1.828,82,18922.0,7093.0,7111.0,7168.0,7183.0,101.057,101.013,0.045,1.783,1.693,4.579,5.123
2003-04,2003,1610612752,NYK,82,19880.0,7563.0,7561.0,7542.0,7663.0,99.722,101.349,-1.627,41,891.0,391.0,382.0,404.0,353.0,103.325,92.408,10.916,82,18989.0,7172.0,7179.0,7138.0,7310.0,99.526,101.825,-2.299,13.215,12.543,4.482,5.17
2003-04,2003,1610612753,ORL,82,19830.0,7608.0,7618.0,7711.0,8287.0,101.354,108.782,-7.428,41,731.0,318.0,320.0,309.0,318.0,97.17,99.375,-2.205,82,19099.0,7290.0,7298.0,7402.0,7969.0,101.536,109.194,-7.658,5.453,5.223,3.686,4.18
2003-04,2003,1610612755,PHI,82,19855.0,7379.0,7389.0,7215.0,7419.0,97.777,100.406,-2.629,43,757.0,343.0,339.0,283.0,308.0,82.507,90.855,-8.348,82,19098.0,7036.0,7050.0,6932.0,7111.0,98.522,100.865,-2.343,-6.005,-5.72,3.813,4.648
2003-04,2003,1610612756,PHX,82,19730.0,7699.0,7710.0,7723.0,8030.0,100.312,104.15,-3.839,48,800.0,361.0,368.0,335.0,393.0,92.798,106.793,-13.996,82,18930.0,7338.0,7342.0,7388.0,7637.0,100.681,104.018,-3.337,-10.659,-10.157,4.055,4.689
2003-04,2003,1610612757,POR,82,19980.0,7289.0,7286.0,7440.0,7544.0,102.072,103.541,-1.469,50,1052.0,417.0,421.0,423.0,416.0,101.439,98.812,2.626,82,18928.0,6872.0,6865.0,7017.0,7128.0,102.11,103.831,-1.721,4.348,4.096,5.265,5.721
2003-04,2003,1610612758,SAC,82,19780.0,7765.0,7771.0,8433.0,8022.0,108.603,103.23,5.373,43,810.0,369.0,361.0,388.0,349.0,105.149,96.676,8.473,82,18970.0,7396.0,7410.0,8045.0,7673.0,108.775,103.549,5.226,3.247,3.1,4.095,4.752
2003-04,2003,1610612759,SAS,82,19753.0,7428.0,7425.0,7501.0,6909.0,100.983,93.051,7.932,38,672.0,288.0,288.0,274.0,279.0,95.139,96.875,-1.736,82,19081.0,7140.0,7137.0,7227.0,6630.0,101.218,92.896,8.322,-10.058,-9.668,3.402,3.877
2003-04,2003,1610612760,SEA,82,19805.0,7542.0,7533.0,7964.0,8016.0,105.595,106.412,-0.816,42,752.0,337.0,333.0,375.0,361.0,111.276,108.408,2.868,82,19053.0,7205.0,7200.0,7589.0,7655.0,105.33,106.319,-0.99,3.857,3.684,3.797,4.468
2003-04,2003,1610612761,TOR,82,19980.0,7348.0,7344.0,7006.0,7253.0,95.346,98.761,-3.415,47,1082.0,440.0,460.0,408.0,447.0,92.727,97.174,-4.447,82,18898.0,6908.0,6884.0,6598.0,6806.0,95.512,98.867,-3.354,-1.092,-1.031,5.415,5.988
2003-04,2003,1610612762,UTA,82,19780.0,7271.0,7277.0,7271.0,7371.0,100.0,101.292,-1.292,41,696.0,303.0,295.0,329.0,287.0,108.581,97.288,11.293,82,19084.0,6968.0,6982.0,6942.0,7084.0,99.627,101.461,-1.834,13.127,12.584,3.519,4.167
2003-04,2003,1610612764,WAS,82,19830.0,7751.0,7766.0,7528.0,7990.0,97.123,102.884,-5.761,39,730.0,321.0,329.0,309.0,358.0,96.262,108.815,-12.553,82,19100.0,7430.0,7437.0,7219.0,7632.0,97.16,102.622,-5.462,-7.091,-6.791,3.681,4.141
2004-05,2004,1610612737,ATL,82,19855.0,7695.0,7708.0,7605.0,8401.0,98.83,108.991,-10.16,37,782.0,345.0,359.0,326.0,393.0,94.493,109.471,-14.978,82,19073.0,7350.0,7349.0,7279.0,8008.0,99.034,108.967,-9.933,-5.045,-4.818,3.939,4.483
2004-05,2004,1610612738,BOS,82,19878.0,7839.0,7834.0,8304.0,8233.0,105.932,105.093,0.839,51,1112.0,482.0,486.0,474.0,461.0,98.34,94.856,3.484,82,18766.0,7357.0,7348.0,7830.0,7772.0,106.429,105.77,0.659,2.825,2.646,5.594,6.149
2004-05,2004,1610612766,CHA,82,19880.0,7743.0,7753.0,7729.0,8220.0,99.819,106.023,-6.204,47,931.0,406.0,412.0,371.0,443.0,91.379,107.524,-16.145,82,18949.0,7337.0,7341.0,7358.0,7777.0,100.286,105.939,-5.653,-10.492,-9.941,4.683,5.243
2004-05,2004,1610612741,CHI,82,19830.0,7707.0,7729.0,7745.0,7658.0,100.493,99.081,1.412,46,905.0,419.0,408.0,405.0,355.0,96.659,87.01,9.649,82,18925.0,7288.0,7321.0,7340.0,7303.0,100.714,99.754,0.959,8.69,8.237,4.564,5.437
2004-05,2004,1610612739,CLE,82,19855.0,7516.0,7495.0,7914.0,7849.0,105.295,104.723,0.572,36,632.0,269.0,276.0,260.0,290.0,96.654,105.072,-8.418,82,19223.0,7247.0,7219.0,7654.0,7559.0,105.616,104.71,0.906,-9.325,-8.99,3.183,3.579
2004-05,2004,1610612742,DAL,82,19730.0,7749.0,7736.0,8405.0,7934.0,108.466,102.559,5.906,43,604.0,286.0,282.0,324.0,273.0,113.287,96.809,16.478,82,19126.0,7463.0,7454.0,8081.0,7661.0,108.281,102.777,5.504,10.974,10.572,3.061,3.691
2004-05,2004,1610612743,DEN,82,19755.0,7792.0,7794.0,8161.0,7995.0,104.736,102.579,2.157,39,681.0,299.0,299.0,321.0,289.0,107.358,96.656,10.702,82,19074.0,7493.0,7495.0,7840.0,7706.0,104.631,102.815,1.816,8.887,8.546,3.447,3.837
2004-05,2004,1610612765,DET,82,19955.0,7364.0,7367.0,7653.0,7336.0,103.924,99.579,4.345,40,871.0,368.0,361.0,368.0,332.0,100.0,91.967,8.033,82,19084.0,6996.0,7006.0,7285.0,7004.0,104.131,99.971,4.159,3.874,3.688,4.365,4.997
2004-05,2004,1610612744,GSW,82,19905.0,7830.0,7837.0,8094.0,8271.0,103.372,105.538,-2.166,49,883.0,404.0,394.0,403.0,366.0,99.752,92.893,6.859,82,19022.0,7426.0,7443.0,7691.0,7905.0,103.569,106.207,-2.639,9.498,9.025,4.436,5.16
2004-05,2004,1610612745,HOU,82,19855.0,7467.0,7454.0,7796.0,7465.0,104.406,100.148,4.258,43,782.0,347.0,344.0,332.0,360.0,95.677,104.651,-8.974,82,19073.0,7120.0,7110.0,7464.0,7105.0,104.831,99.93,4.902,-13.876,-13.232,3.939,4.647
2004-05,2004,1610612754,IND,82,19903.0,7351.0,7362.0,7626.0,7564.0,103.741,102.744,0.997,51,1011.0,448.0,440.0,459.0,411.0,102.455,93.409,9.046,82,18892.0,6903.0,6922.0,7167.0,7153.0,103.824,103.337,0.487,8.559,8.049,5.08,6.094
2004-05,2004,1610612746,LAC,82,20030.0,7564.0,7568.0,7849.0,7912.0,103.768,104.545,-0.778,50,1152.0,485.0,477.0,491.0,509.0,101.237,106.709,-5.471,82,18878.0,7079.0,7091.0,7358.0,7403.0,103.941,104.4,-0.459,-5.013,-4.694,5.751,6.412
2004-05,2004,1610612747,LAL,82,19780.0,7610.0,7610.0,8095.0,8338.0,106.373,109.566,-3.193,49,868.0,375.0,398.0,391.0,404.0,104.267,101.508,2.759,82,18912.0,7235.0,7212.0,7704.0,7934.0,106.482,110.011,-3.529,6.288,5.952,4.388,4.928
2004-05,2004,1610612763,MEM,82,19705.0,7355.0,7366.0,7661.0,7473.0,104.16,101.453,2.708,48,736.0,311.0,312.0,323.0,291.0,103.859,93.269,10.589,82,18969.0,7044.0,7054.0,7338.0,7182.0,104.174,101.815,2.359,8.23,7.881,3.735,4.228
2004-05,2004,1610612748,MIA,82,19980.0,7647.0,7626.0,8327.0,7792.0,108.892,102.177,6.716,42,918.0,411.0,396.0,447.0,387.0,108.759,97.727,11.032,82,19062.0,7236.0,7230.0,7880.0,7405.0,108.9,102.42,6.479,4.552,4.316,4.595,5.375
2004-05,2004,1610612749,MIL,82,19780.0,7584.0,7603.0,7973.0,8218.0,105.129,108.089,-2.96,47,847.0,383.0,402.0,403.0,435.0,105.222,108.209,-2.987,82,18933.0,7201.0,7201.0,7570.0,7783.0,105.124,108.082,-2.958,-0.029,-0.027,4.282,5.05
2004-05,2004,1610612750,MIN,82,19755.0,7440.0,7441.0,7934.0,7815.0,106.64,105.026,1.614,55,794.0,335.0,342.0,375.0,341.0,111.94,99.708,12.233,82,18961.0,7105.0,7099.0,7559.0,7474.0,106.39,105.282,1.107,11.125,10.619,4.019,4.503
2004-05,2004,1610612751,NJN,82,19905.0,7501.0,7496.0,7496.0,7619.0,99.933,101.641,-1.708,39,747.0,340.0,318.0,340.0,305.0,100.0,95.912,4.088,82,19158.0,7161.0,7178.0,7156.0,7314.0,99.93,101.895,-1.965,6.053,5.796,3.753,4.533
2004-05,2004,1610612740,NOH,82,19931.0,7382.0,7395.0,7252.0,7832.0,98.239,105.909,-7.67,48,968.0,417.0,424.0,367.0,456.0,88.01,107.547,-19.538,82,18963.0,6965.0,6971.0,6885.0,7376.0,98.851,105.81,-6.958,-12.579,-11.867,4.857,5.649
2004-05,2004,1610612752,NYK,82,19880.0,7634.0,7627.0,7977.0,8177.0,104.493,107.211,-2.718,47,909.0,395.0,416.0,380.0,463.0,96.203,111.298,-15.096,82,18971.0,7239.0,7211.0,7597.0,7714.0,104.945,106.975,-2.03,-13.066,-12.377,4.572,5.174
2004-05,2004,1610612753,ORL,82,19705.0,7891.0,7897.0,8160.0,8344.0,103.409,105.66,-2.251,49,777.0,356.0,357.0,346.0,381.0,97.191,106.723,-9.532,82,18928.0,7535.0,7540.0,7814.0,7963.0,103.703,105.61,-1.907,-7.624,-7.28,3.943,4.511
2004-05,2004,1610612755,PHI,82,19855.0,7985.0,7992.0,8128.0,8189.0,101.791,102.465,-0.674,47,930.0,427.0,411.0,409.0,390.0,95.785,94.891,0.894,82,18925.0,7558.0,7581.0,7719.0,7799.0,102.13,102.876,-0.745,1.639,1.568,4.684,5.348
2004-05,2004,1610612756,PHX,82,19780.0,8034.0,8013.0,9054.0,8470.0,112.696,105.703,6.993,39,592.0,272.0,273.0,304.0,270.0,111.765,98.901,12.864,82,19188.0,7762.0,7740.0,8750.0,8200.0,112.729,105.943,6.786,6.078,5.871,2.993,3.386
2004-05,2004,1610612757,POR,82,19730.0,7481.0,7489.0,7621.0,7949.0,101.871,106.142,-4.271,47,831.0,346.0,355.0,323.0,381.0,93.353,107.324,-13.971,82,18899.0,7135.0,7134.0,7298.0,7568.0,102.285,106.084,-3.799,-10.172,-9.7,4.212,4.625
2004-05,2004,1610612758,SAC,82,19855.0,7819.0,7820.0,8505.0,8328.0,108.774,106.496,2.277,48,957.0,425.0,434.0,447.0,455.0,105.176,104.839,0.338,82,18898.0,7394.0,7386.0,8058.0,7873.0,108.98,106.594,2.387,-2.049,-1.94,4.82,5.435
2004-05,2004,1610612759,SAS,82,19805.0,7435.0,7412.0,7888.0,7248.0,106.093,97.787,8.305,32,662.0,297.0,288.0,325.0,319.0,109.428,110.764,-1.336,82,19143.0,7138.0,7124.0,7563.0,6929.0,105.954,97.263,8.691,-10.028,-9.642,3.343,3.995
2004-05,2004,1610612760,SEA,82,19755.0,7353.0,7338.0,8113.0,7925.0,110.336,107.999,2.336,43,729.0,320.0,303.0,383.0,319.0,119.687,105.281,14.407,82,19026.0,7033.0,7035.0,7730.0,7606.0,109.91,108.117,1.794,12.613,12.071,3.69,4.352
2004-05,2004,1610612761,TOR,82,19805.0,7762.0,7754.0,8178.0,8311.0,105.359,107.183,-1.824,46,830.0,356.0,349.0,394.0,365.0,110.674,104.585,6.09,82,18975.0,7406.0,7405.0,7784.0,7946.0,105.104,107.306,-2.202,8.292,7.914,4.191,4.586
2004-05,2004,1610612762,UTA,82,19780.0,7409.0,7429.0,7625.0,7975.0,102.915,107.35,-4.434,41,723.0,334.0,342.0,330.0,376.0,98.802,109.942,-11.139,82,19057.0,7075.0,7087.0,7295.0,7599.0,103.11,107.224,-4.115,-7.024,-6.705,3.655,4.508
2004-05,2004,1610612764,WAS,82,19780.0,7816.0,7810.0,8241.0,8268.0,105.438,105.864,-0.427,51,908.0,416.0,416.0,456.0,457.0,109.615,109.856,-0.24,82,18872.0,7400.0,7394.0,7785.0,7811.0,105.203,105.64,-0.437,0.197,0.186,4.59,5.322
2005-06,2005,1610612737,ATL,82,19880.0,7607.0,7593.0,7972.0,8362.0,104.798,110.128,-5.33,52,1046.0,453.0,470.0,435.0,505.0,96.026,107.447,-11.42,82,18834.0,7154.0,7123.0,7537.0,7857.0,105.354,110.305,-4.951,-6.469,-6.091,5.262,5.955
2005-06,2005,1610612738,BOS,82,19880.0,7722.0,7729.0,8033.0,8159.0,104.027,105.563,-1.536,54,1074.0,495.0,508.0,469.0,519.0,94.747,102.165,-7.418,82,18806.0,7227.0,7221.0,7564.0,7640.0,104.663,105.803,-1.139,-6.278,-5.882,5.402,6.41
2005-06,2005,1610612766,CHA,82,19905.0,7851.0,7835.0,7943.0,8271.0,101.172,105.565,-4.393,45,836.0,360.0,352.0,366.0,355.0,101.667,100.852,0.814,82,19069.0,7491.0,7483.0,7577.0,7916.0,101.148,105.786,-4.638,5.453,5.207,4.2,4.585
2005-06,2005,1610612741,CHI,82,19905.0,7762.0,7762.0,8020.0,7968.0,103.324,102.654,0.67,52,1007.0,469.0,459.0,505.0,435.0,107.676,94.771,12.905,82,18898.0,7293.0,7303.0,7515.0,7533.0,103.044,103.149,-0.105,13.01,12.235,5.059,6.042
2005-06,2005,1610612739,CLE,82,19830.0,7510.0,7489.0,8002.0,7819.0,106.551,104.406,2.145,52,874.0,391.0,392.0,445.0,419.0,113.811,106.888,6.923,82,18956.0,7119.0,7097.0,7557.0,7400.0,106.153,104.269,1.883,5.04,4.778,4.407,5.206
2005-06,2005,1610612742,DAL,82,19880.0,7397.0,7397.0,8130.0,7632.0,109.909,103.177,6.732,44,836.0,372.0,344.0,393.0,335.0,105.645,97.384,8.261,82,19044.0,7025.0,7053.0,7737.0,7297.0,110.135,103.46,6.676,1.586,1.529,4.205,5.029
2005-06,2005,1610612743,DEN,82,19930.0,7877.0,7884.0,8227.0,8208.0,104.443,104.11,0.334,41,883.0,377.0,386.0,385.0,393.0,102.122,101.813,0.309,82,19047.0,7500.0,7498.0,7842.0,7815.0,104.56,104.228,0.332,-0.024,-0.025,4.431,4.786
2005-06,2005,1610612765,DET,82,19830.0,7268.0,7270.0,7941.0,7394.0,109.26,101.706,7.554,38,742.0,313.0,296.0,349.0,297.0,111.502,100.338,11.164,82,19088.0,6955.0,6974.0,7592.0,7097.0,109.159,101.764,7.395,3.769,3.61,3.742,4.307
2005-06,2005,1610612744,GSW,82,19830.0,7800.0,7805.0,8076.0,8187.0,103.538,104.894,-1.356,51,870.0,388.0,391.0,392.0,441.0,101.031,112.788,-11.757,82,18960.0,7412.0,7414.0,7684.0,7746.0,103.67,104.478,-0.808,-10.949,-10.401,4.387,4.974
2005-06,2005,1610612745,HOU,82,19830.0,7358.0,7361.0,7387.0,7517.0,100.394,102.119,-1.725,45,845.0,351.0,366.0,341.0,368.0,97.151,100.546,-3.395,82,18985.0,7007.0,6995.0,7046.0,7149.0,100.557,102.202,-1.645,-1.75,-1.67,4.261,4.77
2005-06,2005,1610612754,IND,82,19730.0,7470.0,7468.0,7699.0,7544.0,103.066,101.018,2.048,47,697.0,315.0,307.0,288.0,312.0,91.429,101.629,-10.2,82,19033.0,7155.0,7161.0,7411.0,7232.0,103.578,100.991,2.586,-12.787,-12.248,3.533,4.217
2005-06,2005,1610612746,LAC,82,19805.0,7675.0,7672.0,7970.0,7841.0,103.844,102.203,1.641,40,672.0,291.0,297.0,326.0,274.0,112.027,92.256,19.772,82,19133.0,7384.0,7375.0,7644.0,7567.0,103.521,102.603,0.918,18.854,18.131,3.393,3.792
2005-06,2005,1610612747,LAL,82,19855.0,7632.0,7626.0,8154.0,7949.0,106.84,104.236,2.604,40,827.0,348.0,358.0,378.0,392.0,108.621,109.497,-0.877,82,19028.0,7284.0,7268.0,7776.0,7557.0,106.755,103.976,2.778,-3.655,-3.481,4.165,4.56
2005-06,2005,1610612763,MEM,82,19855.0,7232.0,7228.0,7558.0,7255.0,104.508,100.374,4.134,44,834.0,366.0,348.0,389.0,333.0,106.284,95.69,10.594,82,19021.0,6866.0,6880.0,7169.0,6922.0,104.413,100.61,3.803,6.792,6.46,4.2,5.061
2005-06,2005,1610612748,MIA,82,19755.0,7622.0,7616.0,8191.0,7874.0,107.465,103.388,4.078,42,691.0,284.0,303.0,327.0,320.0,115.141,105.611,9.53,82,19064.0,7338.0,7313.0,7864.0,7554.0,107.168,103.296,3.873,5.658,5.453,3.498,3.726
2005-06,2005,1610612749,MIL,82,19855.0,7646.0,7651.0,8020.0,8105.0,104.891,105.934,-1.042,54,925.0,406.0,403.0,421.0,384.0,103.695,95.285,8.409,82,18930.0,7240.0,7248.0,7599.0,7721.0,104.959,106.526,-1.567,9.977,9.452,4.659,5.31
2005-06,2005,1610612750,MIN,82,19855.0,7409.0,7413.0,7522.0,7676.0,101.525,103.548,-2.023,53,935.0,407.0,416.0,389.0,458.0,95.577,110.096,-14.519,82,18920.0,7002.0,6997.0,7133.0,7218.0,101.871,103.158,-1.288,-13.231,-12.496,4.709,5.493
2005-06,2005,1610612751,NJN,82,19780.0,7513.0,7515.0,7691.0,7579.0,102.369,100.852,1.518,44,641.0,305.0,303.0,333.0,300.0,109.18,99.01,10.17,82,19139.0,7208.0,7212.0,7358.0,7279.0,102.081,100.929,1.152,9.018,8.653,3.241,4.06
2005-06,2005,1610612740,NOK,82,19805.0,7442.0,7465.0,7611.0,7842.0,102.271,105.05,-2.779,45,718.0,299.0,304.0,334.0,310.0,111.706,101.974,9.732,82,19087.0,7143.0,7161.0,7277.0,7532.0,101.876,105.181,-3.305,13.037,12.511,3.625,4.018
2005-06,2005,1610612752,NYK,82,19930.0,7633.0,7652.0,7842.0,8367.0,102.738,109.344,-6.606,40,819.0,389.0,380.0,390.0,430.0,100.257,113.158,-12.901,82,19111.0,7244.0,7272.0,7452.0,7937.0,102.871,109.145,-6.273,-6.628,-6.295,4.109,5.096
2005-06,2005,1610612753,ORL,82,19905.0,7395.0,7387.0,7784.0,7872.0,105.26,106.566,-1.305,43,873.0,363.0,380.0,366.0,395.0,100.826,103.947,-3.121,82,19032.0,7032.0,7007.0,7418.0,7477.0,105.489,106.708,-1.218,-1.903,-1.816,4.386,4.909
2005-06,2005,1610612755,PHI,82,19905.0,7780.0,7797.0,8147.0,8307.0,104.717,106.541,-1.824,46,882.0,419.0,413.0,376.0,386.0,89.737,93.462,-3.725,82,19023.0,7361.0,7384.0,7771.0,7921.0,105.57,107.272,-1.703,-2.022,-1.901,4.431,5.386
2005-06,2005,1610612756,PHX,82,19955.0,8067.0,8050.0,8886.0,8431.0,110.152,104.733,5.42,42,829.0,355.0,345.0,374.0,362.0,105.352,104.928,0.425,82,19126.0,7712.0,7705.0,8512.0,8069.0,110.373,104.724,5.649,-5.225,-4.995,4.154,4.401
2005-06,2005,1610612757,POR,82,19730.0,7308.0,7305.0,7285.0,8060.0,99.685,110.335,-10.65,39,724.0,334.0,335.0,298.0,343.0,89.222,102.388,-13.167,82,19006.0,6974.0,6970.0,6987.0,7717.0,100.186,110.717,-10.531,-2.636,-2.516,3.67,4.57
2005-06,2005,1610612758,SAC,82,19830.0,7701.0,7710.0,8106.0,7980.0,105.259,103.502,1.757,40,719.0,315.0,315.0,321.0,308.0,101.905,97.778,4.127,82,19111.0,7386.0,7395.0,7785.0,7672.0,105.402,103.746,1.656,2.471,2.37,3.626,4.09
2005-06,2005,1610612759,SAS,82,19805.0,7382.0,7374.0,7837.0,7278.0,106.164,98.698,7.466,39,696.0,329.0,315.0,336.0,283.0,102.128,89.841,12.286,82,19109.0,7053.0,7059.0,7501.0,6995.0,106.352,99.093,7.259,5.028,4.821,3.514,4.457
2005-06,2005,1610612760,SEA,82,19830.0,7689.0,7686.0,8411.0,8659.0,109.39,112.659,-3.269,44,795.0,344.0,348.0,388.0,388.0,112.791,111.494,1.296,82,19035.0,7345.0,7338.0,8023.0,8271.0,109.231,112.715,-3.484,4.78,4.566,4.009,4.474
2005-06,2005,1610612761,TOR,82,19955.0,7678.0,7676.0,8287.0,8532.0,107.932,111.152,-3.22,49,1024.0,437.0,443.0,444.0,507.0,101.602,114.447,-12.845,82,18931.0,7241.0,7233.0,7843.0,8025.0,108.314,110.95,-2.636,-10.209,-9.625,5.132,5.692
2005-06,2005,1610612762,UTA,82,19880.0,7398.0,7412.0,7573.0,7789.0,102.366,105.086,-2.721,41,770.0,332.0,334.0,356.0,347.0,107.229,103.892,3.337,82,19110.0,7066.0,7078.0,7217.0,7442.0,102.137,105.143,-3.006,6.342,6.058,3.873,4.488
2005-06,2005,1610612764,WAS,82,19830.0,7742.0,7738.0,8336.0,8184.0,107.672,105.764,1.909,48,864.0,392.0,388.0,396.0,411.0,101.02,105.928,-4.907,82,18966.0,7350.0,7350.0,7940.0,7773.0,108.027,105.755,2.272,-7.18,-6.816,4.357,5.063
2006-07,2006,1610612737,ATL,82,19879.0,7533.0,7539.0,7680.0,8070.0,101.951,107.043,-5.092,38,726.0,314.0,320.0,300.0,323.0,95.541,100.937,-5.396,82,19153.0,7219.0,7219.0,7380.0,7747.0,102.23,107.314,-5.084,-0.312,-0.304,3.652,4.168
2006-07,2006,1610612738,BOS,82,19855.0,7680.0,7692.0,7857.0,8137.0,102.305,105.785,-3.481,53,893.0,375.0,391.0,370.0,387.0,98.667,98.977,-0.31,82,18962.0,7305.0,7301.0,7487.0,7750.0,102.491,106.15,-3.658,3.348,3.17,4.498,4.883
2006-07,2006,1610612766,CHA,82,20005.0,7758.0,7765.0,7945.0,8252.0,102.41,106.272,-3.861,39,894.0,374.0,367.0,351.0,379.0,93.85,103.27,-9.419,82,19111.0,7384.0,7398.0,7594.0,7873.0,102.844,106.421,-3.577,-5.843,-5.558,4.469,4.821
2006-07,2006,1610612741,CHI,82,19780.0,7790.0,7782.0,8100.0,7689.0,103.979,98.805,5.175,43,704.0,342.0,335.0,335.0,300.0,97.953,89.552,8.401,82,19076.0,7448.0,7447.0,7765.0,7389.0,104.256,99.221,5.035,3.366,3.226,3.559,4.39
2006-07,2006,1610612739,CLE,82,19880.0,7598.0,7576.0,7934.0,7620.0,104.422,100.581,3.841,48,933.0,427.0,406.0,450.0,386.0,105.386,95.074,10.313,82,18947.0,7171.0,7170.0,7484.0,7234.0,104.365,100.893,3.472,6.84,6.471,4.693,5.62
2006-07,2006,1610612742,DAL,82,19755.0,7476.0,7453.0,8201.0,7609.0,109.698,102.093,7.605,38,705.0,327.0,303.0,359.0,256.0,109.786,84.488,25.297,82,19050.0,7149.0,7150.0,7842.0,7353.0,109.694,102.839,6.855,18.443,17.693,3.569,4.374
2006-07,2006,1610612743,DEN,82,19780.0,8093.0,8094.0,8639.0,8506.0,106.747,105.09,1.656,46,735.0,341.0,334.0,325.0,335.0,95.308,100.299,-4.991,82,19045.0,7752.0,7760.0,8314.0,8171.0,107.25,105.296,1.953,-6.945,-6.648,3.716,4.214
2006-07,2006,1610612765,DET,82,19880.0,7332.0,7340.0,7872.0,7531.0,107.365,102.602,4.763,52,971.0,418.0,413.0,476.0,418.0,113.876,101.211,12.665,82,18909.0,6914.0,6927.0,7396.0,7113.0,106.971,102.685,4.286,8.379,7.902,4.884,5.701
2006-07,2006,1610612744,GSW,82,19755.0,8228.0,8229.0,8737.0,8765.0,106.186,106.514,-0.327,39,619.0,282.0,282.0,277.0,296.0,98.227,104.965,-6.738,82,19136.0,7946.0,7947.0,8460.0,8469.0,106.469,106.569,-0.1,-6.638,-6.41,3.133,3.427
2006-07,2006,1610612745,HOU,82,19855.0,7598.0,7574.0,7953.0,7555.0,104.672,99.749,4.923,48,714.0,354.0,333.0,353.0,361.0,99.718,108.408,-8.691,82,19141.0,7244.0,7241.0,7600.0,7194.0,104.914,99.351,5.563,-14.254,-13.614,3.596,4.659
2006-07,2006,1610612754,IND,82,19779.0,7697.0,7704.0,7840.0,8040.0,101.858,104.361,-2.504,41,679.0,312.0,320.0,321.0,324.0,102.885,101.25,1.635,82,19100.0,7385.0,7384.0,7519.0,7716.0,101.814,104.496,-2.682,4.316,4.138,3.433,4.054
2006-07,2006,1610612746,LAC,82,19730.0,7554.0,7560.0,7843.0,7881.0,103.826,104.246,-0.42,39,593.0,280.0,277.0,296.0,299.0,105.714,107.942,-2.228,82,19137.0,7274.0,7283.0,7547.0,7582.0,103.753,104.105,-0.352,-1.876,-1.808,3.006,3.707
2006-07,2006,1610612747,LAL,82,20030.0,7898.0,7889.0,8474.0,8480.0,107.293,107.491,-0.198,48,1044.0,462.0,473.0,485.0,502.0,104.978,106.131,-1.153,82,18986.0,7436.0,7416.0,7989.0,7978.0,107.437,107.578,-0.141,-1.011,-0.954,5.212,5.85
2006-07,2006,1610612763,MEM,82,19980.0,7883.0,7896.0,8331.0,8753.0,105.683,110.854,-5.17,42,954.0,416.0,441.0,426.0,474.0,102.404,107.483,-5.079,82,19026.0,7467.0,7455.0,7905.0,8279.0,105.866,111.053,-5.187,0.108,0.091,4.775,5.277
2006-07,2006,1610612748,MIA,82,19855.0,7503.0,7490.0,7759.0,7834.0,103.412,104.593,-1.181,38,844.0,363.0,371.0,388.0,362.0,106.887,97.574,9.313,82,19011.0,7140.0,7119.0,7371.0,7472.0,103.235,104.959,-1.723,11.036,10.494,4.251,4.838
2006-07,2006,1610612749,MIL,82,19855.0,7709.0,7734.0,8172.0,8531.0,106.006,110.305,-4.299,44,824.0,360.0,368.0,357.0,399.0,99.167,108.424,-9.257,82,19031.0,7349.0,7366.0,7815.0,8132.0,106.341,110.399,-4.058,-5.199,-4.958,4.15,4.67
2006-07,2006,1610612750,MIN,82,20004.0,7689.0,7680.0,7877.0,8178.0,102.445,106.484,-4.039,48,1092.0,456.0,465.0,448.0,471.0,98.246,101.29,-3.045,82,18912.0,7233.0,7215.0,7429.0,7707.0,102.71,106.819,-4.109,1.065,0.995,5.459,5.931
2006-07,2006,1610612751,NJN,82,19880.0,7682.0,7673.0,8001.0,8064.0,104.153,105.096,-0.943,48,889.0,423.0,415.0,430.0,458.0,101.655,110.361,-8.707,82,18991.0,7259.0,7258.0,7571.0,7606.0,104.298,104.795,-0.497,-8.21,-7.763,4.472,5.506
2006-07,2006,1610612740,NOK,82,19880.0,7551.0,7556.0,7833.0,7962.0,103.735,105.373,-1.639,49,958.0,405.0,409.0,410.0,395.0,101.235,96.577,4.658,82,18922.0,7146.0,7147.0,7423.0,7567.0,103.876,105.877,-2.0,6.658,6.296,4.819,5.364
2006-07,2006,1610612752,NYK,82,20005.0,7661.0,7658.0,7994.0,8228.0,104.347,107.443,-3.097,49,1021.0,446.0,456.0,479.0,469.0,107.399,102.851,4.548,82,18984.0,7215.0,7202.0,7515.0,7759.0,104.158,107.734,-3.576,8.124,7.645,5.104,5.822
2006-07,2006,1610612753,ORL,82,19780.0,7465.0,7459.0,7771.0,7707.0,104.099,103.325,0.774,42,756.0,321.0,324.0,272.0,327.0,84.735,100.926,-16.191,82,19024.0,7144.0,7135.0,7499.0,7380.0,104.969,103.434,1.535,-17.726,-16.965,3.822,4.3
2006-07,2006,1610612755,PHI,82,19880.0,7606.0,7608.0,7785.0,8033.0,102.353,105.586,-3.233,38,829.0,385.0,375.0,410.0,367.0,106.494,97.867,8.627,82,19051.0,7221.0,7233.0,7375.0,7666.0,102.133,105.986,-3.854,12.481,11.86,4.17,5.062
2006-07,2006,1610612756,PHX,82,19905.0,8002.0,7996.0,9037.0,8438.0,112.934,105.528,7.407,45,791.0,382.0,359.0,415.0,366.0,108.639,101.95,6.689,82,19114.0,7620.0,7637.0,8622.0,8072.0,113.15,105.696,7.454,-0.765,-0.718,3.974,4.774
2006-07,2006,1610612757,POR,82,19955.0,7431.0,7429.0,7717.0,8069.0,103.849,108.615,-4.766,42,927.0,411.0,416.0,466.0,468.0,113.382,112.5,0.882,82,19028.0,7020.0,7013.0,7251.0,7601.0,103.291,108.384,-5.094,5.976,5.648,4.645,5.531
2006-07,2006,1610612758,SAC,82,19805.0,7898.0,7918.0,8303.0,8451.0,105.128,106.731,-1.604,44,755.0,366.0,368.0,343.0,401.0,93.716,108.967,-15.252,82,19050.0,7532.0,7550.0,7960.0,8050.0,105.682,106.623,-0.94,-14.311,-13.648,3.812,4.634
2006-07,2006,1610612759,SAS,82,19780.0,7440.0,7432.0,8079.0,7388.0,108.589,99.408,9.181,40,604.0,269.0,275.0,275.0,275.0,102.23,100.0,2.23,82,19176.0,7171.0,7157.0,7804.0,7113.0,108.827,99.385,9.442,-7.212,-6.95,3.054,3.616
2006-07,2006,1610612760,SEA,82,19830.0,7674.0,7681.0,8130.0,8367.0,105.942,108.931,-2.989,47,896.0,381.0,392.0,402.0,407.0,105.512,103.827,1.685,82,18934.0,7293.0,7289.0,7728.0,7960.0,105.965,109.206,-3.241,4.926,4.674,4.518,4.965
2006-07,2006,1610612761,TOR,82,19755.0,7719.0,7732.0,8157.0,8076.0,105.674,104.449,1.225,39,628.0,290.0,291.0,309.0,290.0,106.552,99.656,6.895,82,19127.0,7429.0,7441.0,7848.0,7786.0,105.64,104.636,1.004,5.892,5.67,3.179,3.757
2006-07,2006,1610612762,UTA,82,19805.0,7661.0,7657.0,8322.0,8087.0,108.628,105.616,3.012,46,856.0,391.0,381.0,454.0,418.0,116.113,109.711,6.401,82,18949.0,7270.0,7276.0,7868.0,7669.0,108.226,105.401,2.824,3.577,3.389,4.322,5.104
2006-07,2006,1610612764,WAS,82,19829.0,7870.0,7883.0,8556.0,8598.0,108.717,109.07,-0.354,47,918.0,437.0,450.0,447.0,516.0,102.288,114.667,-12.378,82,18911.0,7433.0,7433.0,8109.0,8082.0,109.095,108.731,0.363,-12.742,-12.025,4.63,5.553
2007-08,2007,1610612737,ATL,82,19855.0,7634.0,7646.0,8054.0,8203.0,105.502,107.285,-1.783,45,820.0,337.0,339.0,338.0,377.0,100.297,111.209,-10.913,82,19035.0,7297.0,7307.0,7716.0,7826.0,105.742,107.103,-1.361,-9.552,-9.13,4.13,4.414
2007-08,2007,1610612738,BOS,82,19755.0,7575.0,7551.0,8245.0,7404.0,108.845,98.053,10.792,37,668.0,287.0,286.0,291.0,285.0,101.394,99.65,1.743,82,19087.0,7288.0,7265.0,7954.0,7119.0,109.138,97.99,11.148,-9.405,-9.048,3.381,3.789
2007-08,2007,1610612766,CHA,82,19880.0,7678.0,7687.0,7959.0,8318.0,103.66,108.209,-4.549,38,801.0,361.0,373.0,368.0,375.0,101.939,100.536,1.403,82,19079.0,7317.0,7314.0,7591.0,7943.0,103.745,108.6,-4.855,6.258,5.952,4.029,4.702
2007-08,2007,1610612741,CHI,82,19805.0,7754.0,7767.0,7981.0,8234.0,102.928,106.013,-3.085,38,672.0,300.0,300.0,270.0,348.0,90.0,116.0,-26.0,82,19133.0,7454.0,7467.0,7711.0,7886.0,103.448,105.611,-2.164,-23.836,-22.915,3.393,3.869
2007-08,2007,1610612739,CLE,82,19855.0,7540.0,7527.0,7903.0,7932.0,104.814,105.381,-0.566,55,1037.0,470.0,451.0,530.0,410.0,112.766,90.909,21.857,82,18818.0,7070.0,7076.0,7373.0,7522.0,104.286,106.303,-2.017,23.874,22.423,5.223,6.233
2007-08,2007,1610612742,DAL,82,19730.0,7518.0,7507.0,8234.0,7862.0,109.524,104.729,4.795,43,606.0,291.0,277.0,333.0,299.0,114.433,107.942,6.491,82,19124.0,7227.0,7230.0,7901.0,7563.0,109.326,104.606,4.72,1.77,1.696,3.071,3.871
2007-08,2007,1610612743,DEN,82,19855.0,8330.0,8312.0,9074.0,8770.0,108.932,105.51,3.421,37,802.0,359.0,372.0,360.0,361.0,100.279,97.043,3.236,82,19053.0,7971.0,7940.0,8714.0,8409.0,109.321,105.907,3.414,-0.179,-0.186,4.039,4.31
2007-08,2007,1610612765,DET,82,19730.0,7279.0,7279.0,7992.0,7386.0,109.795,101.47,8.325,38,596.0,255.0,245.0,290.0,258.0,113.725,105.306,8.419,82,19134.0,7024.0,7034.0,7702.0,7128.0,109.653,101.336,8.316,0.103,0.094,3.021,3.503
2007-08,2007,1610612744,GSW,82,19780.0,8249.0,8228.0,9105.0,8924.0,110.377,108.459,1.918,44,752.0,361.0,361.0,423.0,375.0,117.175,103.878,13.296,82,19028.0,7888.0,7867.0,8682.0,8549.0,110.066,108.669,1.397,11.9,11.378,3.802,4.376
2007-08,2007,1610612745,HOU,82,19730.0,7525.0,7506.0,7931.0,7547.0,105.395,100.546,4.849,35,551.0,250.0,242.0,248.0,253.0,99.2,104.545,-5.345,82,19179.0,7275.0,7264.0,7683.0,7294.0,105.608,100.413,5.195,-10.541,-10.195,2.793,3.322
2007-08,2007,1610612754,IND,82,19755.0,8111.0,8127.0,8527.0,8642.0,105.129,106.337,-1.208,45,642.0,285.0,298.0,289.0,337.0,101.404,113.087,-11.684,82,19113.0,7826.0,7829.0,8238.0,8305.0,105.265,106.08,-0.815,-10.868,-10.476,3.25,3.514
2007-08,2007,1610612746,LAC,82,19805.0,7698.0,7714.0,7692.0,8288.0,99.922,107.441,-7.519,35,586.0,238.0,255.0,262.0,313.0,110.084,122.745,-12.661,82,19219.0,7460.0,7459.0,7430.0,7975.0,99.598,106.918,-7.32,-5.341,-5.142,2.959,3.092
2007-08,2007,1610612747,LAL,82,19780.0,7974.0,7965.0,8904.0,8309.0,111.663,104.319,7.344,40,639.0,303.0,289.0,317.0,295.0,104.62,102.076,2.544,82,19141.0,7671.0,7676.0,8587.0,8014.0,111.941,104.403,7.538,-4.993,-4.8,3.231,3.8
2007-08,2007,1610612763,MEM,82,19805.0,7945.0,7953.0,8257.0,8766.0,103.927,110.223,-6.296,36,686.0,312.0,308.0,330.0,359.0,105.769,116.558,-10.789,82,19119.0,7633.0,7645.0,7927.0,8407.0,103.852,109.967,-6.116,-4.674,-4.494,3.464,3.927
2007-08,2007,1610612748,MIA,82,19830.0,7538.0,7539.0,7491.0,8200.0,99.376,108.768,-9.391,44,816.0,351.0,361.0,299.0,402.0,85.185,111.357,-26.172,82,19014.0,7187.0,7178.0,7192.0,7798.0,100.07,108.638,-8.568,-17.604,-16.781,4.115,4.656
2007-08,2007,1610612749,MIL,82,19855.0,7654.0,7669.0,7956.0,8521.0,103.946,111.11,-7.164,51,866.0,397.0,399.0,434.0,445.0,109.32,111.529,-2.209,82,18989.0,7257.0,7270.0,7522.0,8076.0,103.652,111.087,-7.435,5.226,4.955,4.362,5.187
2007-08,2007,1610612750,MIN,82,19730.0,7632.0,7633.0,7839.0,8395.0,102.712,109.983,-7.271,39,609.0,257.0,268.0,271.0,318.0,105.447,118.657,-13.209,82,19121.0,7375.0,7365.0,7568.0,8077.0,102.617,109.667,-7.05,-6.159,-5.939,3.087,3.367
2007-08,2007,1610612751,NJN,82,19830.0,7679.0,7682.0,7857.0,8272.0,102.318,107.68,-5.362,42,784.0,344.0,340.0,388.0,364.0,112.791,107.059,5.732,82,19046.0,7335.0,7342.0,7469.0,7908.0,101.827,107.709,-5.882,11.614,11.094,3.954,4.48
2007-08,2007,1610612740,NOH,82,19805.0,7517.0,7508.0,8270.0,7837.0,110.017,104.382,5.635,31,610.0,268.0,263.0,282.0,259.0,105.224,98.479,6.745,82,19195.0,7249.0,7245.0,7988.0,7578.0,110.195,104.596,5.598,1.147,1.109,3.08,3.565
2007-08,2007,1610612752,NYK,82,19880.0,7676.0,7692.0,7948.0,8490.0,103.544,110.374,-6.831,42,809.0,345.0,359.0,310.0,348.0,89.855,96.936,-7.081,82,19071.0,7331.0,7333.0,7638.0,8142.0,104.188,111.032,-6.845,-0.236,-0.25,4.069,4.495
2007-08,2007,1610612753,ORL,82,19780.0,7757.0,7741.0,8567.0,8119.0,110.442,104.883,5.559,36,624.0,285.0,285.0,312.0,294.0,109.474,103.158,6.316,82,19156.0,7472.0,7456.0,8255.0,7825.0,110.479,104.949,5.53,0.786,0.757,3.155,3.674
2007-08,2007,1610612755,PHI,82,19755.0,7536.0,7537.0,7923.0,7889.0,105.135,104.67,0.465,42,709.0,319.0,315.0,326.0,289.0,102.194,91.746,10.448,82,19046.0,7217.0,7222.0,7597.0,7600.0,105.265,105.234,0.031,10.417,9.983,3.589,4.233
2007-08,2007,1610612756,PHX,82,19780.0,8058.0,8049.0,9026.0,8612.0,112.013,106.995,5.018,43,711.0,322.0,316.0,357.0,306.0,110.87,96.835,14.034,82,19069.0,7736.0,7733.0,8669.0,8306.0,112.06,107.41,4.651,9.383,9.016,3.595,3.996
2007-08,2007,1610612757,POR,82,19905.0,7381.0,7399.0,7820.0,7900.0,105.948,106.771,-0.823,43,825.0,329.0,337.0,364.0,363.0,110.638,107.715,2.923,82,19080.0,7052.0,7062.0,7456.0,7537.0,105.729,106.726,-0.997,3.92,3.747,4.145,4.457
2007-08,2007,1610612758,SAC,82,19830.0,7920.0,7912.0,8408.0,8593.0,106.162,108.607,-2.446,44,902.0,412.0,400.0,451.0,427.0,109.466,106.75,2.716,82,18928.0,7508.0,7512.0,7957.0,8166.0,105.98,108.706,-2.726,5.442,5.162,4.549,5.202
2007-08,2007,1610612759,SAS,82,19730.0,7377.0,7375.0,7820.0,7427.0,106.005,100.705,5.3,38,681.0,293.0,280.0,324.0,281.0,110.58,100.357,10.223,82,19049.0,7084.0,7095.0,7496.0,7146.0,105.816,100.719,5.097,5.126,4.923,3.452,3.972
2007-08,2007,1610612760,SEA,82,19830.0,8030.0,8052.0,7999.0,8717.0,99.614,108.259,-8.645,37,694.0,303.0,313.0,320.0,331.0,105.611,105.751,-0.14,82,19136.0,7727.0,7739.0,7679.0,8386.0,99.379,108.36,-8.981,8.841,8.505,3.5,3.773
2007-08,2007,1610612761,TOR,82,19830.0,7543.0,7553.0,8215.0,7977.0,108.909,105.614,3.295,36,641.0,277.0,288.0,320.0,347.0,115.523,120.486,-4.963,82,19189.0,7266.0,7265.0,7895.0,7630.0,108.657,105.024,3.633,-8.595,-8.258,3.232,3.672
2007-08,2007,1610612762,UTA,82,19705.0,7773.0,7767.0,8710.0,8146.0,112.055,104.88,7.175,34,518.0,252.0,249.0,293.0,294.0,116.27,118.072,-1.802,82,19187.0,7521.0,7518.0,8417.0,7852.0,111.913,104.443,7.471,-9.273,-8.977,2.629,3.242
2007-08,2007,1610612764,WAS,82,19905.0,7533.0,7537.0,8104.0,8131.0,107.58,107.881,-0.301,40,761.0,353.0,347.0,390.0,377.0,110.482,108.646,1.836,82,19144.0,7180.0,7190.0,7714.0,7754.0,107.437,107.844,-0.407,2.243,2.137,3.823,4.686
2008-09,2008,1610612737,ATL,82,19705.0,7428.0,7423.0,8046.0,7917.0,108.32,106.655,1.665,51,723.0,330.0,328.0,352.0,308.0,106.667,93.902,12.764,82,18982.0,7098.0,7095.0,7694.0,7609.0,108.397,107.245,1.152,11.612,11.099,3.669,4.443
2008-09,2008,1610612738,BOS,82,19880.0,7560.0,7540.0,8275.0,7659.0,109.458,101.578,7.879,44,879.0,366.0,353.0,416.0,358.0,113.661,101.416,12.245,82,19001.0,7194.0,7187.0,7859.0,7301.0,109.244,101.586,7.658,4.587,4.365,4.422,4.841
2008-09,2008,1610612766,CHA,82,19930.0,7401.0,7411.0,7677.0,7781.0,103.729,104.993,-1.263,49,939.0,401.0,413.0,392.0,400.0,97.756,96.852,0.903,82,18991.0,7000.0,6998.0,7285.0,7381.0,104.071,105.473,-1.402,2.305,2.167,4.711,5.418
2008-09,2008,1610612741,CHI,82,19930.0,7816.0,7813.0,8378.0,8401.0,107.19,107.526,-0.336,46,920.0,400.0,403.0,429.0,421.0,107.25,104.467,2.783,82,19010.0,7416.0,7410.0,7949.0,7980.0,107.187,107.692,-0.505,3.289,3.119,4.616,5.118
2008-09,2008,1610612739,CLE,82,19780.0,7395.0,7375.0,8223.0,7491.0,111.197,101.573,9.624,32,539.0,236.0,228.0,300.0,214.0,127.119,93.86,33.259,82,19241.0,7159.0,7147.0,7923.0,7277.0,110.672,101.819,8.853,24.406,23.635,2.725,3.191
2008-09,2008,1610612742,DAL,82,19805.0,7651.0,7645.0,8343.0,8181.0,109.045,107.011,2.033,43,715.0,316.0,307.0,357.0,303.0,112.975,98.697,14.278,82,19090.0,7335.0,7338.0,7986.0,7878.0,108.875,107.359,1.516,12.761,12.244,3.61,4.13
2008-09,2008,1610612743,DEN,82,19730.0,7848.0,7835.0,8555.0,8275.0,109.009,105.616,3.393,34,601.0,270.0,270.0,293.0,287.0,108.519,106.296,2.222,82,19129.0,7578.0,7565.0,8262.0,7988.0,109.026,105.592,3.435,-1.212,-1.171,3.046,3.44
2008-09,2008,1610612765,DET,82,19905.0,7302.0,7298.0,7727.0,7767.0,105.82,106.426,-0.606,56,1050.0,443.0,446.0,449.0,474.0,101.354,106.278,-4.924,82,18855.0,6859.0,6852.0,7278.0,7293.0,106.109,106.436,-0.327,-4.596,-4.318,5.275,6.067
2008-09,2008,1610612744,GSW,82,19879.0,8247.0,8248.0,8905.0,9212.0,107.979,111.688,-3.709,47,759.0,381.0,368.0,357.0,409.0,93.701,111.141,-17.441,82,19120.0,7866.0,7880.0,8548.0,8803.0,108.67,111.713,-3.043,-14.398,-13.731,3.818,4.62
2008-09,2008,1610612745,HOU,82,19805.0,7532.0,7524.0,8070.0,7742.0,107.143,102.897,4.245,46,756.0,328.0,314.0,306.0,326.0,93.293,103.822,-10.529,82,19049.0,7204.0,7210.0,7764.0,7416.0,107.773,102.857,4.916,-15.445,-14.774,3.817,4.355
2008-09,2008,1610612754,IND,82,19830.0,8037.0,8049.0,8617.0,8708.0,107.217,108.187,-0.971,56,1069.0,490.0,507.0,503.0,540.0,102.653,106.509,-3.856,82,18761.0,7547.0,7542.0,8114.0,8168.0,107.513,108.3,-0.787,-3.069,-2.885,5.391,6.097
2008-09,2008,1610612746,LAC,82,19880.0,7723.0,7734.0,7799.0,8518.0,100.984,110.137,-9.153,32,679.0,282.0,284.0,262.0,323.0,92.908,113.732,-20.825,82,19201.0,7441.0,7450.0,7537.0,8195.0,101.29,110.0,-8.71,-12.115,-11.672,3.415,3.651
2008-09,2008,1610612747,LAL,82,19780.0,7874.0,7866.0,8768.0,8140.0,111.354,103.483,7.87,41,662.0,308.0,275.0,378.0,287.0,122.727,104.364,18.364,82,19118.0,7566.0,7591.0,8390.0,7853.0,110.891,103.451,7.439,10.924,10.493,3.347,3.912
2008-09,2008,1610612763,MEM,82,19805.0,7528.0,7527.0,7698.0,8146.0,102.258,108.224,-5.965,38,710.0,307.0,306.0,277.0,348.0,90.228,113.725,-23.497,82,19095.0,7221.0,7221.0,7421.0,7798.0,102.77,107.991,-5.221,-18.277,-17.532,3.585,4.078
2008-09,2008,1610612748,MIA,82,19955.0,7547.0,7552.0,8061.0,8040.0,106.811,106.462,0.349,48,969.0,441.0,443.0,503.0,497.0,114.059,112.19,1.869,82,18986.0,7106.0,7109.0,7558.0,7543.0,106.361,106.105,0.256,1.613,1.521,4.856,5.843
2008-09,2008,1610612749,MIL,82,19780.0,7736.0,7741.0,8142.0,8231.0,105.248,106.33,-1.082,47,762.0,348.0,349.0,355.0,380.0,102.011,108.883,-6.871,82,19018.0,7388.0,7392.0,7787.0,7851.0,105.401,106.209,-0.809,-6.062,-5.789,3.852,4.498
2008-09,2008,1610612750,MIN,82,19805.0,7645.0,7665.0,8019.0,8422.0,104.892,109.876,-4.984,45,809.0,338.0,345.0,341.0,413.0,100.888,119.71,-18.823,82,18996.0,7307.0,7320.0,7678.0,8009.0,105.077,109.413,-4.335,-14.487,-13.839,4.085,4.421
2008-09,2008,1610612751,NJN,82,19830.0,7530.0,7528.0,8044.0,8244.0,106.826,109.511,-2.685,44,775.0,342.0,356.0,360.0,385.0,105.263,108.146,-2.883,82,19055.0,7188.0,7172.0,7684.0,7859.0,106.9,109.579,-2.679,-0.204,-0.198,3.908,4.542
2008-09,2008,1610612740,NOH,82,19754.0,7303.0,7306.0,7857.0,7730.0,107.586,105.803,1.782,47,718.0,310.0,322.0,387.0,355.0,124.839,110.248,14.59,82,19036.0,6993.0,6984.0,7470.0,7375.0,106.821,105.599,1.223,13.368,12.808,3.635,4.245
2008-09,2008,1610612752,NYK,82,19805.0,8066.0,8078.0,8627.0,8841.0,106.955,109.445,-2.49,49,777.0,361.0,357.0,377.0,417.0,104.432,116.807,-12.375,82,19028.0,7705.0,7721.0,8250.0,8424.0,107.073,109.105,-2.032,-10.343,-9.884,3.923,4.476
2008-09,2008,1610612760,OKC,82,19805.0,7841.0,7854.0,7952.0,8452.0,101.416,107.614,-6.198,41,695.0,305.0,314.0,305.0,319.0,100.0,101.592,-1.592,82,19110.0,7536.0,7540.0,7647.0,8133.0,101.473,107.865,-6.392,4.799,4.606,3.509,3.89
2008-09,2008,1610612753,ORL,82,19730.0,7649.0,7640.0,8286.0,7737.0,108.328,101.27,7.058,40,668.0,318.0,306.0,338.0,271.0,106.289,88.562,17.727,82,19062.0,7331.0,7334.0,7948.0,7466.0,108.416,101.8,6.616,11.111,10.669,3.386,4.157
2008-09,2008,1610612755,PHI,82,19755.0,7512.0,7519.0,7987.0,7981.0,106.323,106.144,0.179,46,841.0,385.0,373.0,422.0,362.0,109.61,97.051,12.559,82,18914.0,7127.0,7146.0,7565.0,7619.0,106.146,106.619,-0.473,13.033,12.381,4.257,5.125
2008-09,2008,1610612756,PHX,82,19755.0,7984.0,7983.0,8974.0,8816.0,112.4,110.435,1.965,42,673.0,285.0,305.0,319.0,335.0,111.93,109.836,2.094,82,19082.0,7699.0,7678.0,8655.0,8481.0,112.417,110.458,1.959,0.135,0.129,3.407,3.57
2008-09,2008,1610612757,POR,82,19830.0,7273.0,7273.0,8153.0,7715.0,112.1,106.077,6.022,42,821.0,348.0,360.0,362.0,352.0,104.023,97.778,6.245,82,19009.0,6925.0,6913.0,7791.0,7363.0,112.505,106.509,5.996,0.249,0.223,4.14,4.785
2008-09,2008,1610612758,SAC,82,19905.0,7901.0,7906.0,8248.0,8966.0,104.392,113.408,-9.016,37,800.0,351.0,366.0,327.0,383.0,93.162,104.645,-11.482,82,19105.0,7550.0,7540.0,7921.0,8583.0,104.914,113.833,-8.919,-2.563,-2.467,4.019,4.442
2008-09,2008,1610612759,SAS,82,19905.0,7395.0,7399.0,7958.0,7650.0,107.613,103.392,4.221,47,1016.0,461.0,434.0,481.0,416.0,104.338,95.853,8.486,82,18889.0,6934.0,6965.0,7477.0,7234.0,107.831,103.862,3.969,4.517,4.265,5.104,6.234
2008-09,2008,1610612761,TOR,82,19805.0,7697.0,7694.0,8121.0,8352.0,105.509,108.552,-3.043,43,701.0,301.0,301.0,322.0,334.0,106.977,110.963,-3.987,82,19104.0,7396.0,7393.0,7799.0,8018.0,105.449,108.454,-3.005,-0.982,-0.943,3.54,3.911
2008-09,2008,1610612762,UTA,82,19880.0,7827.0,7824.0,8492.0,8275.0,108.496,105.764,2.732,41,737.0,333.0,349.0,365.0,361.0,109.61,103.438,6.171,82,19143.0,7494.0,7475.0,8127.0,7914.0,108.447,105.873,2.574,3.597,3.439,3.707,4.255
2008-09,2008,1610612764,WAS,82,19705.0,7576.0,7574.0,7877.0,8489.0,103.973,112.081,-8.108,40,621.0,264.0,267.0,260.0,317.0,98.485,118.727,-20.242,82,19084.0,7312.0,7307.0,7617.0,8172.0,104.171,111.838,-7.667,-12.575,-12.134,3.151,3.485
2009-10,2009,1610612737,ATL,82,19855.0,7515.0,7504.0,8338.0,7956.0,110.951,106.023,4.928,38,744.0,314.0,298.0,332.0,309.0,105.732,103.691,2.041,82,19111.0,7201.0,7206.0,8006.0,7647.0,111.179,106.12,5.059,-3.018,-2.887,3.747,4.178
2009-10,2009,1610612738,BOS,82,19780.0,7609.0,7592.0,8136.0,7836.0,106.926,103.214,3.712,48,781.0,330.0,319.0,334.0,303.0,101.212,94.984,6.228,82,18999.0,7279.0,7273.0,7802.0,7533.0,107.185,103.575,3.61,2.618,2.516,3.948,4.337
2009-10,2009,1610612766,CHA,82,19880.0,7519.0,7541.0,7813.0,7693.0,103.91,102.016,1.894,48,971.0,398.0,413.0,391.0,408.0,98.241,98.789,-0.548,82,18909.0,7121.0,7128.0,7422.0,7285.0,104.227,102.203,2.024,-2.572,-2.443,4.884,5.293
2009-10,2009,1610612741,CHI,82,19905.0,7794.0,7802.0,7993.0,8127.0,102.553,104.166,-1.612,43,793.0,363.0,346.0,353.0,339.0,97.245,97.977,-0.732,82,19112.0,7431.0,7456.0,7640.0,7788.0,102.813,104.453,-1.64,0.909,0.881,3.984,4.657
2009-10,2009,1610612739,CLE,82,19780.0,7573.0,7554.0,8373.0,7838.0,110.564,103.76,6.804,49,766.0,346.0,325.0,401.0,303.0,115.896,93.231,22.665,82,19014.0,7227.0,7229.0,7972.0,7535.0,110.309,104.233,6.076,16.59,15.861,3.873,4.569
2009-10,2009,1610612742,DAL,82,19880.0,7757.0,7750.0,8364.0,8141.0,107.825,105.045,2.78,46,831.0,369.0,344.0,421.0,328.0,114.092,95.349,18.743,82,19049.0,7388.0,7406.0,7943.0,7813.0,107.512,105.496,2.017,16.727,15.963,4.18,4.757
2009-10,2009,1610612743,DEN,82,19780.0,7876.0,7884.0,8729.0,8394.0,110.83,106.469,4.362,37,704.0,299.0,303.0,352.0,334.0,117.726,110.231,7.495,82,19076.0,7577.0,7581.0,8377.0,8060.0,110.558,106.318,4.24,3.255,3.133,3.559,3.796
2009-10,2009,1610612765,DET,82,19780.0,7379.0,7367.0,7709.0,8128.0,104.472,110.33,-5.858,47,756.0,321.0,331.0,315.0,348.0,98.131,105.136,-7.005,82,19024.0,7058.0,7036.0,7394.0,7780.0,104.761,110.574,-5.814,-1.191,-1.147,3.822,4.35
2009-10,2009,1610612744,GSW,82,19730.0,8338.0,8353.0,8922.0,9217.0,107.004,110.344,-3.34,40,664.0,303.0,322.0,286.0,365.0,94.389,113.354,-18.965,82,19066.0,8035.0,8031.0,8636.0,8852.0,107.48,110.223,-2.743,-16.221,-15.625,3.365,3.634
2009-10,2009,1610612745,HOU,82,19905.0,7857.0,7887.0,8395.0,8425.0,106.847,106.821,0.026,47,886.0,376.0,390.0,389.0,379.0,103.457,97.179,6.278,82,19019.0,7481.0,7497.0,8006.0,8046.0,107.018,107.323,-0.305,6.583,6.252,4.451,4.786
2009-10,2009,1610612754,IND,82,19705.0,8024.0,8031.0,8263.0,8510.0,102.979,105.964,-2.986,35,456.0,194.0,206.0,163.0,214.0,84.021,103.883,-19.863,82,19249.0,7830.0,7825.0,8100.0,8296.0,103.448,106.019,-2.571,-17.292,-16.877,2.314,2.418
2009-10,2009,1610612746,LAC,82,19705.0,7670.0,7673.0,7849.0,8370.0,102.334,109.084,-6.75,34,496.0,218.0,218.0,231.0,199.0,105.963,91.284,14.679,82,19209.0,7452.0,7455.0,7618.0,8171.0,102.228,109.604,-7.377,22.056,21.429,2.517,2.842
2009-10,2009,1610612747,LAL,82,19830.0,7749.0,7740.0,8339.0,7952.0,107.614,102.739,4.875,32,672.0,301.0,290.0,300.0,278.0,99.668,95.862,3.806,82,19158.0,7448.0,7450.0,8039.0,7674.0,107.935,103.007,4.928,-1.123,-1.069,3.389,3.884
2009-10,2009,1610612763,MEM,82,19905.0,7816.0,7825.0,8404.0,8528.0,107.523,108.984,-1.461,45,915.0,389.0,398.0,382.0,394.0,98.201,98.995,-0.794,82,18990.0,7427.0,7427.0,8022.0,8134.0,108.011,109.519,-1.508,0.714,0.667,4.597,4.977
2009-10,2009,1610612748,MIA,82,19880.0,7485.0,7475.0,7914.0,7727.0,105.731,103.371,2.36,37,800.0,350.0,349.0,360.0,355.0,102.857,101.719,1.138,82,19080.0,7135.0,7126.0,7554.0,7372.0,105.872,103.452,2.42,-1.282,-1.222,4.024,4.676
2009-10,2009,1610612749,MIL,82,19980.0,7698.0,7720.0,8009.0,7870.0,104.04,101.943,2.097,45,1033.0,468.0,469.0,466.0,446.0,99.573,95.096,4.477,82,18947.0,7230.0,7251.0,7543.0,7424.0,104.329,102.386,1.943,2.533,2.38,5.17,6.08
2009-10,2009,1610612750,MIN,82,19780.0,8002.0,8007.0,8051.0,8838.0,100.612,110.378,-9.766,36,556.0,224.0,247.0,230.0,269.0,102.679,108.907,-6.228,82,19224.0,7778.0,7760.0,7821.0,8569.0,100.553,110.425,-9.872,3.644,3.538,2.811,2.799
2009-10,2009,1610612751,NJN,82,19780.0,7628.0,7643.0,7575.0,8323.0,99.305,108.897,-9.592,28,500.0,206.0,216.0,174.0,237.0,84.466,109.722,-25.256,82,19280.0,7422.0,7427.0,7401.0,8086.0,99.717,108.873,-9.156,-16.1,-15.664,2.528,2.701
2009-10,2009,1610612740,NOH,82,19830.0,7721.0,7735.0,8220.0,8422.0,106.463,108.882,-2.419,53,904.0,391.0,390.0,426.0,387.0,108.951,99.231,9.721,82,18926.0,7330.0,7345.0,7794.0,8035.0,106.33,109.394,-3.064,12.785,12.139,4.559,5.064
2009-10,2009,1610612752,NYK,82,19880.0,7872.0,7872.0,8373.0,8686.0,106.364,110.34,-3.976,44,863.0,375.0,384.0,374.0,374.0,99.733,97.396,2.337,82,19017.0,7497.0,7488.0,7999.0,8312.0,106.696,111.004,-4.308,6.646,6.314,4.341,4.764
2009-10,2009,1610612760,OKC,82,19805.0,7774.0,7762.0,8322.0,8036.0,107.049,103.53,3.519,45,841.0,376.0,358.0,347.0,351.0,92.287,98.045,-5.757,82,18964.0,7398.0,7404.0,7975.0,7685.0,107.799,103.795,4.004,-9.762,-9.277,4.246,4.837
2009-10,2009,1610612753,ORL,82,19730.0,7614.0,7601.0,8426.0,7812.0,110.665,102.776,7.889,33,514.0,225.0,222.0,242.0,222.0,107.556,100.0,7.556,82,19216.0,7389.0,7379.0,8184.0,7590.0,110.759,102.859,7.9,-0.344,-0.333,2.605,2.955
2009-10,2009,1610612755,PHI,82,19805.0,7648.0,7654.0,8014.0,8334.0,104.786,108.884,-4.099,45,822.0,344.0,352.0,323.0,391.0,93.895,111.08,-17.184,82,18983.0,7304.0,7302.0,7691.0,7943.0,105.298,108.778,-3.48,-13.704,-13.086,4.15,4.498
2009-10,2009,1610612756,PHX,82,19730.0,7937.0,7918.0,9039.0,8637.0,113.884,109.081,4.804,40,661.0,301.0,295.0,356.0,332.0,118.272,112.542,5.73,82,19069.0,7636.0,7623.0,8683.0,8305.0,113.711,108.947,4.765,0.965,0.926,3.35,3.792
2009-10,2009,1610612757,POR,82,19855.0,7339.0,7327.0,8045.0,7774.0,109.62,106.101,3.519,45,810.0,353.0,343.0,356.0,330.0,100.85,96.21,4.64,82,19045.0,6986.0,6984.0,7689.0,7444.0,110.063,106.586,3.476,1.163,1.121,4.08,4.81
2009-10,2009,1610612758,SAC,82,19880.0,7855.0,7847.0,8200.0,8558.0,104.392,109.061,-4.669,49,864.0,360.0,371.0,353.0,426.0,98.056,114.825,-16.769,82,19016.0,7495.0,7476.0,7847.0,8132.0,104.696,108.775,-4.078,-12.691,-12.101,4.346,4.583
2009-10,2009,1610612759,SAS,82,19780.0,7605.0,7602.0,8312.0,7895.0,109.297,103.854,5.442,41,633.0,281.0,279.0,279.0,313.0,99.288,112.186,-12.898,82,19147.0,7324.0,7323.0,8033.0,7582.0,109.681,103.537,6.144,-19.042,-18.34,3.2,3.695
2009-10,2009,1610612761,TOR,82,19780.0,7746.0,7739.0,8534.0,8680.0,110.173,112.159,-1.986,42,713.0,317.0,310.0,363.0,316.0,114.511,101.935,12.576,82,19067.0,7429.0,7429.0,8171.0,8364.0,109.988,112.586,-2.598,15.173,14.562,3.605,4.092
2009-10,2009,1610612762,UTA,82,19755.0,7791.0,7796.0,8547.0,8109.0,109.704,104.015,5.689,32,537.0,236.0,236.0,250.0,261.0,105.932,110.593,-4.661,82,19218.0,7555.0,7560.0,8297.0,7848.0,109.821,103.81,6.012,-10.673,-10.35,2.718,3.029
2009-10,2009,1610612764,WAS,82,19830.0,7656.0,7646.0,7892.0,8284.0,103.083,108.344,-5.262,46,862.0,380.0,384.0,358.0,396.0,94.211,103.125,-8.914,82,18968.0,7276.0,7262.0,7534.0,7888.0,103.546,108.62,-5.074,-3.84,-3.653,4.347,4.963
2010-11,2010,1610612737,ATL,82,19730.0,7410.0,7424.0,7790.0,7857.0,105.128,105.832,-0.704,41,545.0,246.0,228.0,277.0,236.0,112.602,103.509,9.093,82,19185.0,7164.0,7196.0,7513.0,7621.0,104.872,105.906,-1.034,10.127,9.797,2.762,3.32
2010-11,2010,1610612738,BOS,82,19780.0,7500.0,7487.0,7913.0,7473.0,105.507,99.813,5.694,48,877.0,377.0,370.0,372.0,365.0,98.674,98.649,0.025,82,18903.0,7123.0,7117.0,7541.0,7108.0,105.868,99.874,5.995,-5.97,-5.669,4.434,5.027
2010-11,2010,1610612766,CHA,82,19805.0,7444.0,7459.0,7650.0,7978.0,102.767,106.958,-4.191,48,776.0,346.0,358.0,366.0,351.0,105.78,98.045,7.736,82,19029.0,7098.0,7101.0,7284.0,7627.0,102.62,107.407,-4.787,12.523,11.926,3.918,4.648
2010-11,2010,1610612741,CHI,82,19830.0,7542.0,7528.0,8087.0,7487.0,107.226,99.455,7.771,44,807.0,374.0,370.0,399.0,329.0,106.684,88.919,17.766,82,19023.0,7168.0,7158.0,7688.0,7158.0,107.254,100.0,7.254,10.511,9.995,4.07,4.959
2010-11,2010,1610612739,CLE,82,19755.0,7715.0,7721.0,7827.0,8566.0,101.452,110.944,-9.492,38,609.0,276.0,279.0,306.0,285.0,110.87,102.151,8.719,82,19146.0,7439.0,7442.0,7521.0,8281.0,101.102,111.274,-10.172,18.891,18.211,3.083,3.577
2010-11,2010,1610612742,DAL,82,19705.0,7581.0,7565.0,8220.0,7873.0,108.429,104.071,4.358,48,701.0,322.0,304.0,381.0,270.0,118.323,88.816,29.507,82,19004.0,7259.0,7261.0,7839.0,7603.0,107.99,104.71,3.28,26.227,25.15,3.557,4.247
2010-11,2010,1610612743,DEN,82,19705.0,7888.0,7886.0,8811.0,8421.0,111.701,106.784,4.917,46,614.0,284.0,293.0,305.0,298.0,107.394,101.706,5.688,82,19091.0,7604.0,7593.0,8506.0,8123.0,111.862,106.98,4.882,0.806,0.771,3.116,3.6
2010-11,2010,1610612765,DET,82,19880.0,7428.0,7448.0,7951.0,8246.0,107.041,110.714,-3.673,43,825.0,358.0,358.0,356.0,371.0,99.441,103.631,-4.19,82,19055.0,7070.0,7090.0,7595.0,7875.0,107.426,111.072,-3.646,-0.544,-0.517,4.15,4.82
2010-11,2010,1610612744,GSW,82,19830.0,7916.0,7924.0,8477.0,8668.0,107.087,109.389,-2.302,43,709.0,331.0,348.0,374.0,387.0,112.991,111.207,1.784,82,19121.0,7585.0,7576.0,8103.0,8281.0,106.829,109.306,-2.476,4.26,4.086,3.575,4.181
2010-11,2010,1610612745,HOU,82,19880.0,7880.0,7881.0,8685.0,8506.0,110.216,107.93,2.285,52,910.0,408.0,422.0,406.0,473.0,99.51,112.085,-12.576,82,18970.0,7472.0,7459.0,8279.0,8033.0,110.8,107.695,3.105,-15.68,-14.861,4.577,5.178
2010-11,2010,1610612754,IND,82,19780.0,7864.0,7878.0,8183.0,8271.0,104.056,104.989,-0.932,33,643.0,273.0,273.0,263.0,285.0,96.337,104.396,-8.059,82,19137.0,7591.0,7605.0,7920.0,7986.0,104.334,105.01,-0.676,-7.383,-7.126,3.251,3.472
2010-11,2010,1610612746,LAC,82,19855.0,7718.0,7727.0,8089.0,8346.0,104.807,108.011,-3.204,44,691.0,309.0,305.0,331.0,330.0,107.12,108.197,-1.077,82,19164.0,7409.0,7422.0,7758.0,8016.0,104.71,108.003,-3.293,2.216,2.127,3.48,4.004
2010-11,2010,1610612747,LAL,82,19830.0,7594.0,7572.0,8321.0,7820.0,109.573,103.275,6.298,38,699.0,311.0,306.0,336.0,302.0,108.039,98.693,9.346,82,19131.0,7283.0,7266.0,7985.0,7518.0,109.639,103.468,6.171,3.175,3.048,3.525,4.095
2010-11,2010,1610612763,MEM,82,19880.0,7656.0,7655.0,8195.0,8003.0,107.04,104.546,2.494,44,941.0,415.0,411.0,422.0,446.0,101.687,108.516,-6.829,82,18939.0,7241.0,7244.0,7773.0,7557.0,107.347,104.321,3.026,-9.855,-9.323,4.733,5.421
2010-11,2010,1610612748,MIA,82,19780.0,7564.0,7540.0,8369.0,7757.0,110.643,102.878,7.765,42,661.0,304.0,290.0,345.0,298.0,113.487,102.759,10.728,82,19119.0,7260.0,7250.0,8024.0,7459.0,110.523,102.883,7.641,3.088,2.964,3.342,4.019
2010-11,2010,1610612749,MIL,82,19830.0,7477.0,7489.0,7534.0,7603.0,100.762,101.522,-0.76,47,864.0,380.0,377.0,345.0,359.0,90.789,95.225,-4.436,82,18966.0,7097.0,7112.0,7189.0,7244.0,101.296,101.856,-0.56,-3.876,-3.676,4.357,5.082
2010-11,2010,1610612750,MIN,82,19780.0,8034.0,8036.0,8288.0,8832.0,103.162,109.905,-6.744,41,669.0,293.0,315.0,267.0,409.0,91.126,129.841,-38.715,82,19111.0,7741.0,7721.0,8021.0,8423.0,103.617,109.092,-5.475,-33.24,-31.971,3.382,3.647
2010-11,2010,1610612751,NJN,82,20005.0,7563.0,7558.0,7722.0,8234.0,102.102,108.944,-6.842,52,1033.0,438.0,452.0,440.0,482.0,100.457,106.637,-6.181,82,18972.0,7125.0,7106.0,7282.0,7752.0,102.204,109.091,-6.887,0.707,0.661,5.164,5.791
2010-11,2010,1610612740,NOH,82,19830.0,7387.0,7386.0,7784.0,7711.0,105.374,104.4,0.974,47,949.0,417.0,408.0,421.0,369.0,100.959,90.441,10.518,82,18881.0,6970.0,6978.0,7363.0,7342.0,105.638,105.216,0.422,10.096,9.544,4.786,5.645
2010-11,2010,1610612752,NYK,82,19780.0,7945.0,7957.0,8734.0,8670.0,109.931,108.961,0.97,45,755.0,344.0,345.0,366.0,381.0,106.395,110.435,-4.039,82,19025.0,7601.0,7612.0,8368.0,8289.0,110.091,108.894,1.197,-5.236,-5.01,3.817,4.33
2010-11,2010,1610612760,OKC,82,20005.0,7824.0,7820.0,8596.0,8285.0,109.867,105.946,3.921,51,1110.0,513.0,497.0,543.0,457.0,105.848,91.952,13.896,82,18895.0,7311.0,7323.0,8053.0,7828.0,110.149,106.896,3.253,10.643,9.975,5.549,6.557
2010-11,2010,1610612753,ORL,82,19830.0,7575.0,7554.0,8135.0,7687.0,107.393,101.761,5.632,43,783.0,354.0,345.0,379.0,369.0,107.062,106.957,0.106,82,19047.0,7221.0,7209.0,7756.0,7318.0,107.409,101.512,5.897,-5.791,-5.526,3.949,4.673
2010-11,2010,1610612755,PHI,82,19930.0,7709.0,7700.0,8119.0,7996.0,105.318,103.844,1.474,43,897.0,400.0,393.0,389.0,423.0,97.25,107.634,-10.384,82,19033.0,7309.0,7307.0,7730.0,7573.0,105.76,103.64,2.12,-12.503,-11.858,4.501,5.189
2010-11,2010,1610612756,PHX,82,20005.0,7930.0,7938.0,8611.0,8684.0,108.588,109.398,-0.81,47,972.0,442.0,436.0,470.0,462.0,106.335,105.963,0.372,82,19033.0,7488.0,7502.0,8141.0,8222.0,108.721,109.597,-0.877,1.248,1.182,4.859,5.574
2010-11,2010,1610612757,POR,82,19805.0,7359.0,7351.0,7896.0,7771.0,107.297,105.714,1.584,47,817.0,363.0,350.0,394.0,334.0,108.54,95.429,13.111,82,18988.0,6996.0,7001.0,7502.0,7437.0,107.233,106.228,1.005,12.106,11.528,4.125,4.933
2010-11,2010,1610612758,SAC,82,19855.0,7923.0,7922.0,8151.0,8589.0,102.878,108.42,-5.542,51,904.0,411.0,415.0,363.0,444.0,88.321,106.988,-18.667,82,18951.0,7512.0,7507.0,7788.0,8145.0,103.674,108.499,-4.825,-13.842,-13.125,4.553,5.187
2010-11,2010,1610612759,SAS,82,19780.0,7691.0,7694.0,8502.0,8034.0,110.545,104.419,6.126,38,656.0,295.0,289.0,297.0,269.0,100.678,93.08,7.598,82,19124.0,7396.0,7405.0,8205.0,7765.0,110.938,104.862,6.077,1.522,1.473,3.316,3.836
2010-11,2010,1610612761,TOR,82,19780.0,7723.0,7735.0,8124.0,8639.0,105.192,111.687,-6.495,42,690.0,298.0,318.0,278.0,360.0,93.289,113.208,-19.919,82,19090.0,7425.0,7417.0,7846.0,8279.0,105.67,111.622,-5.952,-13.967,-13.424,3.488,3.859
2010-11,2010,1610612762,UTA,82,19880.0,7619.0,7628.0,8153.0,8303.0,107.009,108.849,-1.84,41,867.0,373.0,395.0,417.0,408.0,111.796,103.291,8.505,82,19013.0,7246.0,7233.0,7736.0,7895.0,106.762,109.152,-2.39,10.895,10.345,4.361,4.896
2010-11,2010,1610612764,WAS,82,19930.0,7871.0,7867.0,7977.0,8584.0,101.347,109.114,-7.767,39,744.0,323.0,328.0,317.0,373.0,98.142,113.72,-15.577,82,19186.0,7548.0,7539.0,7660.0,8211.0,101.484,108.914,-7.43,-8.147,-7.81,3.733,4.104
2011-12,2011,1610612737,ATL,66,16165.0,6117.0,6125.0,6375.0,6148.0,104.218,100.376,3.842,35,832.0,363.0,348.0,389.0,310.0,107.163,89.08,18.082,66,15333.0,5754.0,5777.0,5986.0,5838.0,104.032,101.056,2.976,15.106,14.24,5.147,5.934
2011-12,2011,1610612738,BOS,66,15940.0,6055.0,6047.0,6062.0,5896.0,100.116,97.503,2.613,31,533.0,240.0,228.0,243.0,229.0,101.25,100.439,0.811,66,15407.0,5815.0,5819.0,5819.0,5667.0,100.069,97.388,2.681,-1.87,-1.801,3.344,3.964
2011-12,2011,1610612766,CHA,66,15890.0,6080.0,6084.0,5739.0,6657.0,94.391,109.418,-15.027,24,355.0,157.0,167.0,130.0,194.0,82.803,116.168,-33.365,66,15535.0,5923.0,5917.0,5609.0,6463.0,94.699,109.228,-14.529,-18.836,-18.338,2.234,2.582
2011-12,2011,1610612741,CHI,66,15940.0,5982.0,5970.0,6359.0,5819.0,106.302,97.471,8.832,28,422.0,200.0,188.0,215.0,177.0,107.5,94.149,13.351,66,15518.0,5782.0,5782.0,6144.0,5642.0,106.261,97.579,8.682,4.669,4.52,2.647,3.343
2011-12,2011,1610612739,CLE,66,15965.0,6140.0,6145.0,6140.0,6615.0,100.0,107.648,-7.648,30,547.0,237.0,249.0,244.0,264.0,102.954,106.024,-3.071,66,15418.0,5903.0,5896.0,5896.0,6351.0,99.881,107.717,-7.836,4.765,4.578,3.426,3.86
2011-12,2011,1610612742,DAL,66,16065.0,6195.0,6203.0,6322.0,6259.0,102.05,100.903,1.147,31,702.0,300.0,308.0,303.0,304.0,101.0,98.701,2.299,66,15363.0,5895.0,5895.0,6019.0,5955.0,102.103,101.018,1.086,1.213,1.151,4.37,4.843
2011-12,2011,1610612743,DEN,66,16040.0,6346.0,6356.0,6872.0,6682.0,108.289,105.129,3.16,34,854.0,377.0,369.0,369.0,369.0,97.878,100.0,-2.122,66,15186.0,5969.0,5987.0,6503.0,6313.0,108.946,105.445,3.501,-5.623,-5.282,5.324,5.941
2011-12,2011,1610612765,DET,66,15965.0,6000.0,6015.0,5997.0,6313.0,99.95,104.954,-5.004,30,550.0,241.0,235.0,231.0,246.0,95.851,104.681,-8.83,66,15415.0,5759.0,5780.0,5766.0,6067.0,100.122,104.965,-4.844,-3.986,-3.826,3.445,4.017
2011-12,2011,1610612744,GSW,66,15915.0,6212.0,6226.0,6453.0,6678.0,103.88,107.26,-3.38,38,724.0,318.0,334.0,283.0,356.0,88.994,106.587,-17.593,66,15191.0,5894.0,5892.0,6170.0,6322.0,104.683,107.298,-2.615,-14.978,-14.213,4.549,5.119
2011-12,2011,1610612745,HOU,66,16065.0,6215.0,6211.0,6474.0,6459.0,104.167,103.993,0.174,42,775.0,337.0,332.0,352.0,325.0,104.451,97.892,6.559,66,15290.0,5878.0,5879.0,6122.0,6134.0,104.151,104.337,-0.186,6.746,6.385,4.824,5.422
2011-12,2011,1610612754,IND,66,15990.0,6115.0,6102.0,6449.0,6231.0,105.462,102.114,3.348,30,636.0,291.0,289.0,310.0,246.0,106.529,85.121,21.408,66,15354.0,5824.0,5813.0,6139.0,5985.0,105.409,102.959,2.45,18.958,18.06,3.977,4.759
2011-12,2011,1610612746,LAC,66,15965.0,5989.0,5982.0,6438.0,6269.0,107.497,104.798,2.699,40,852.0,387.0,392.0,381.0,390.0,98.45,99.49,-1.04,66,15113.0,5602.0,5590.0,6057.0,5879.0,108.122,105.17,2.952,-3.992,-3.74,5.337,6.462
2011-12,2011,1610612747,LAL,66,16065.0,6145.0,6134.0,6422.0,6328.0,104.508,103.163,1.345,42,892.0,374.0,363.0,416.0,335.0,111.23,92.287,18.943,66,15173.0,5771.0,5771.0,6006.0,5993.0,104.072,103.847,0.225,18.718,17.598,5.552,6.086
2011-12,2011,1610612763,MEM,66,15940.0,6099.0,6098.0,6269.0,6136.0,102.787,100.623,2.164,41,655.0,311.0,308.0,332.0,289.0,106.752,93.831,12.921,66,15285.0,5788.0,5790.0,5937.0,5847.0,102.574,100.984,1.59,11.331,10.757,4.109,5.099
2011-12,2011,1610612748,MIA,66,16040.0,6154.0,6153.0,6500.0,6105.0,105.622,99.22,6.402,29,597.0,264.0,260.0,266.0,235.0,100.758,90.385,10.373,66,15443.0,5890.0,5893.0,6234.0,5870.0,105.84,99.61,6.231,4.142,3.97,3.722,4.29
2011-12,2011,1610612749,MIL,66,15865.0,6256.0,6262.0,6535.0,6517.0,104.46,104.072,0.388,40,562.0,258.0,252.0,248.0,270.0,96.124,107.143,-11.019,66,15303.0,5998.0,6010.0,6287.0,6247.0,104.818,103.943,0.875,-11.894,-11.406,3.542,4.124
2011-12,2011,1610612750,MIN,66,15940.0,6268.0,6277.0,6464.0,6609.0,103.127,105.289,-2.162,40,651.0,298.0,307.0,301.0,320.0,101.007,104.235,-3.228,66,15289.0,5970.0,5970.0,6163.0,6289.0,103.233,105.343,-2.111,-1.117,-1.066,4.084,4.754
2011-12,2011,1610612751,NJN,66,15890.0,6036.0,6049.0,6144.0,6539.0,101.789,108.101,-6.311,32,507.0,221.0,229.0,226.0,274.0,102.262,119.651,-17.388,66,15383.0,5815.0,5820.0,5918.0,6265.0,101.771,107.646,-5.875,-11.513,-11.077,3.191,3.661
2011-12,2011,1610612740,NOH,66,15940.0,5924.0,5934.0,5916.0,6164.0,99.865,103.876,-4.011,40,765.0,321.0,316.0,300.0,333.0,93.458,105.38,-11.922,66,15175.0,5603.0,5618.0,5616.0,5831.0,100.232,103.791,-3.559,-8.362,-7.911,4.799,5.419
2011-12,2011,1610612752,NYK,66,15940.0,6242.0,6233.0,6458.0,6247.0,103.46,100.225,3.236,30,529.0,225.0,240.0,236.0,237.0,104.889,98.75,6.139,66,15411.0,6017.0,5993.0,6222.0,6010.0,103.407,100.284,3.123,3.016,2.903,3.319,3.605
2011-12,2011,1610612760,OKC,66,15990.0,6273.0,6267.0,6802.0,6398.0,108.433,102.09,6.343,32,720.0,322.0,328.0,333.0,321.0,103.416,97.866,5.55,66,15270.0,5951.0,5939.0,6469.0,6077.0,108.704,102.324,6.381,-0.831,-0.792,4.503,5.133
2011-12,2011,1610612753,ORL,66,15965.0,5978.0,5962.0,6215.0,6163.0,103.965,103.371,0.593,33,576.0,249.0,246.0,274.0,234.0,110.04,95.122,14.918,66,15389.0,5729.0,5716.0,5941.0,5929.0,103.7,103.726,-0.026,14.944,14.325,3.608,4.165
2011-12,2011,1610612755,PHI,66,15915.0,6016.0,6010.0,6180.0,5900.0,102.726,98.17,4.556,27,441.0,196.0,206.0,176.0,215.0,89.796,104.369,-14.573,66,15474.0,5820.0,5804.0,6004.0,5685.0,103.162,97.95,5.212,-19.785,-19.129,2.771,3.258
2011-12,2011,1610612756,PHX,66,15840.0,6173.0,6184.0,6492.0,6508.0,105.168,105.239,-0.072,33,432.0,188.0,194.0,188.0,222.0,100.0,114.433,-14.433,66,15408.0,5985.0,5990.0,6304.0,6286.0,105.33,104.942,0.388,-14.821,-14.361,2.727,3.046
2011-12,2011,1610612757,POR,66,15965.0,6143.0,6129.0,6415.0,6456.0,104.428,105.335,-0.907,32,619.0,260.0,272.0,238.0,259.0,91.538,95.221,-3.682,66,15346.0,5883.0,5857.0,6177.0,6197.0,104.997,105.805,-0.808,-2.875,-2.775,3.877,4.232
2011-12,2011,1610612758,SAC,66,15915.0,6333.0,6341.0,6518.0,6893.0,102.921,108.705,-5.784,32,621.0,268.0,279.0,268.0,258.0,100.0,92.473,7.527,66,15294.0,6065.0,6062.0,6250.0,6635.0,103.05,109.452,-6.402,13.929,13.311,3.902,4.232
2011-12,2011,1610612759,SAS,66,15940.0,6220.0,6223.0,6841.0,6368.0,109.984,102.33,7.654,31,615.0,276.0,263.0,288.0,233.0,104.348,88.593,15.755,66,15325.0,5944.0,5960.0,6553.0,6135.0,110.246,102.936,7.309,8.445,8.101,3.858,4.437
2011-12,2011,1610612761,TOR,66,15965.0,6008.0,5991.0,5986.0,6204.0,99.634,103.555,-3.922,34,610.0,281.0,279.0,249.0,320.0,88.612,114.695,-26.083,66,15355.0,5727.0,5712.0,5737.0,5884.0,100.175,103.011,-2.837,-23.247,-22.162,3.821,4.677
2011-12,2011,1610612762,UTA,66,16165.0,6236.0,6228.0,6577.0,6536.0,105.468,104.945,0.523,41,906.0,409.0,393.0,395.0,386.0,96.577,98.219,-1.642,66,15259.0,5827.0,5835.0,6182.0,6150.0,106.092,105.398,0.694,-2.336,-2.165,5.605,6.559
2011-12,2011,1610612764,WAS,66,15865.0,6182.0,6191.0,6180.0,6497.0,99.968,104.943,-4.975,26,416.0,190.0,185.0,171.0,204.0,90.0,110.27,-20.27,66,15449.0,5992.0,6006.0,6009.0,6293.0,100.284,104.779,-4.495,-15.775,-15.295,2.622,3.073
2012-13,2012,1610612737,ATL,82,19855.0,7744.0,7736.0,8032.0,7999.0,103.719,103.4,0.319,40,724.0,322.0,337.0,329.0,295.0,102.174,87.537,14.637,82,19131.0,7422.0,7399.0,7703.0,7704.0,103.786,104.122,-0.336,14.973,14.318,3.646,4.158
2012-13,2012,1610612751,BKN,82,19855.0,7433.0,7438.0,7944.0,7798.0,106.875,104.84,2.035,40,786.0,339.0,327.0,335.0,326.0,98.82,99.694,-0.874,82,19069.0,7094.0,7111.0,7609.0,7472.0,107.26,105.077,2.183,-3.057,-2.909,3.959,4.561
2012-13,2012,1610612738,BOS,81,19840.0,7652.0,7635.0,7818.0,7836.0,102.169,102.633,-0.463,39,1035.0,424.0,431.0,392.0,410.0,92.453,95.128,-2.675,81,18805.0,7228.0,7204.0,7426.0,7426.0,102.739,103.082,-0.342,-2.333,-2.212,5.217,5.541
2012-13,2012,1610612766,CHA,82,19805.0,7632.0,7632.0,7661.0,8418.0,100.38,110.299,-9.919,40,738.0,315.0,314.0,302.0,316.0,95.873,100.637,-4.764,82,19067.0,7317.0,7318.0,7359.0,8102.0,100.574,110.713,-10.139,5.375,5.155,3.726,4.127
2012-13,2012,1610612741,CHI,82,19830.0,7460.0,7471.0,7641.0,7615.0,102.426,101.927,0.499,48,833.0,369.0,356.0,374.0,337.0,101.355,94.663,6.692,82,18997.0,7091.0,7115.0,7267.0,7278.0,102.482,102.291,0.191,6.501,6.193,4.201,4.946
2012-13,2012,1610612739,CLE,82,19730.0,7666.0,7666.0,7913.0,8297.0,103.222,108.231,-5.009,49,866.0,409.0,408.0,417.0,445.0,101.956,109.069,-7.113,82,18864.0,7257.0,7258.0,7496.0,7852.0,103.293,108.184,-4.891,-2.222,-2.104,4.389,5.335
2012-13,2012,1610612742,DAL,82,19980.0,7917.0,7916.0,8293.0,8342.0,104.749,105.382,-0.632,47,943.0,418.0,417.0,422.0,426.0,100.957,102.158,-1.201,82,19037.0,7499.0,7499.0,7871.0,7916.0,104.961,105.561,-0.6,-0.601,-0.569,4.72,5.28
2012-13,2012,1610612743,DEN,82,19905.0,7960.0,7951.0,8704.0,8287.0,109.347,104.226,5.121,47,965.0,446.0,438.0,478.0,419.0,107.175,95.662,11.513,82,18940.0,7514.0,7513.0,8226.0,7868.0,109.476,104.725,4.751,6.762,6.392,4.848,5.603
2012-13,2012,1610612765,DET,82,19805.0,7571.0,7560.0,7778.0,8105.0,102.734,107.209,-4.475,37,681.0,285.0,295.0,289.0,309.0,101.404,104.746,-3.342,82,19124.0,7286.0,7265.0,7489.0,7796.0,102.786,107.309,-4.523,1.181,1.133,3.439,3.764
2012-13,2012,1610612744,GSW,82,19805.0,7893.0,7892.0,8296.0,8223.0,105.106,104.194,0.912,40,735.0,342.0,338.0,348.0,317.0,101.754,93.787,7.967,82,19070.0,7551.0,7554.0,7948.0,7906.0,105.258,104.66,0.598,7.37,7.056,3.711,4.333
2012-13,2012,1610612745,HOU,82,19780.0,7988.0,7982.0,8688.0,8403.0,108.763,105.274,3.489,42,686.0,298.0,300.0,314.0,310.0,105.369,103.333,2.036,82,19094.0,7690.0,7682.0,8374.0,8093.0,108.895,105.35,3.544,-1.509,-1.453,3.468,3.731
2012-13,2012,1610612754,IND,81,19590.0,7420.0,7419.0,7674.0,7348.0,103.423,99.043,4.38,43,769.0,338.0,335.0,330.0,288.0,97.633,85.97,11.663,81,18821.0,7082.0,7084.0,7344.0,7060.0,103.7,99.661,4.038,7.625,7.283,3.925,4.555
2012-13,2012,1610612746,LAC,82,19730.0,7552.0,7547.0,8289.0,7760.0,109.759,102.822,6.937,32,596.0,258.0,261.0,296.0,300.0,114.729,114.943,-0.214,82,19134.0,7294.0,7286.0,7993.0,7460.0,109.583,102.388,7.195,-7.409,-7.151,3.021,3.416
2012-13,2012,1610612747,LAL,82,19755.0,7830.0,7823.0,8381.0,8286.0,107.037,105.918,1.119,44,734.0,326.0,335.0,340.0,307.0,104.294,91.642,12.653,82,19021.0,7504.0,7488.0,8041.0,7979.0,107.156,106.557,0.599,12.054,11.534,3.716,4.163
2012-13,2012,1610612763,MEM,82,19805.0,7394.0,7387.0,7659.0,7319.0,103.584,99.079,4.505,45,780.0,334.0,312.0,327.0,282.0,97.904,90.385,7.52,82,19025.0,7060.0,7075.0,7332.0,7037.0,103.853,99.463,4.39,3.13,3.015,3.938,4.517
2012-13,2012,1610612748,MIA,82,19880.0,7572.0,7547.0,8436.0,7791.0,111.41,103.233,8.177,40,791.0,351.0,330.0,413.0,279.0,117.664,84.545,33.118,82,19089.0,7221.0,7217.0,8023.0,7512.0,111.106,104.088,7.019,26.099,24.941,3.979,4.635
2012-13,2012,1610612749,MIL,82,19830.0,7909.0,7897.0,8108.0,8231.0,102.516,104.229,-1.713,44,798.0,368.0,352.0,374.0,349.0,101.63,99.148,2.483,82,19032.0,7541.0,7545.0,7734.0,7882.0,102.559,104.467,-1.907,4.39,4.196,4.024,4.653
2012-13,2012,1610612750,MIN,82,19730.0,7712.0,7734.0,7851.0,8045.0,101.802,104.021,-2.219,41,623.0,280.0,282.0,270.0,293.0,96.429,103.901,-7.472,82,19107.0,7432.0,7452.0,7581.0,7752.0,102.005,104.026,-2.021,-5.451,-5.253,3.158,3.631
2012-13,2012,1610612740,NOH,82,19780.0,7379.0,7374.0,7714.0,8031.0,104.54,108.91,-4.37,42,706.0,297.0,319.0,278.0,373.0,93.603,116.928,-23.325,82,19074.0,7082.0,7055.0,7436.0,7658.0,104.999,108.547,-3.549,-19.777,-18.955,3.569,4.025
2012-13,2012,1610612752,NYK,82,19730.0,7462.0,7448.0,8196.0,7849.0,109.837,105.384,4.453,38,627.0,265.0,268.0,251.0,238.0,94.717,88.806,5.911,82,19103.0,7197.0,7180.0,7945.0,7611.0,110.393,106.003,4.39,1.521,1.459,3.178,3.551
2012-13,2012,1610612760,OKC,82,19830.0,7808.0,7822.0,8669.0,7914.0,111.027,101.176,9.851,37,679.0,298.0,296.0,324.0,292.0,108.725,98.649,10.076,82,19151.0,7510.0,7526.0,8345.0,7622.0,111.119,101.276,9.843,0.233,0.225,3.424,3.817
2012-13,2012,1610612753,ORL,82,19780.0,7646.0,7652.0,7718.0,8291.0,100.942,108.351,-7.409,43,733.0,329.0,336.0,305.0,370.0,92.705,110.119,-17.414,82,19047.0,7317.0,7316.0,7413.0,7921.0,101.312,108.27,-6.958,-10.456,-10.005,3.706,4.303
2012-13,2012,1610612755,PHI,82,19755.0,7566.0,7559.0,7640.0,7914.0,100.978,104.696,-3.718,42,579.0,260.0,256.0,245.0,256.0,94.231,100.0,-5.769,82,19176.0,7306.0,7303.0,7395.0,7658.0,101.218,104.861,-3.643,-2.126,-2.051,2.931,3.436
2012-13,2012,1610612756,PHX,82,19805.0,7793.0,7800.0,7805.0,8335.0,100.154,106.859,-6.705,45,709.0,305.0,317.0,289.0,318.0,94.754,100.315,-5.561,82,19096.0,7488.0,7483.0,7516.0,8017.0,100.374,107.136,-6.762,1.201,1.144,3.58,3.914
2012-13,2012,1610612757,POR,82,19855.0,7649.0,7649.0,7995.0,8255.0,104.523,107.923,-3.399,46,815.0,370.0,359.0,389.0,383.0,105.135,106.685,-1.55,82,19040.0,7279.0,7290.0,7606.0,7872.0,104.492,107.984,-3.491,1.941,1.849,4.105,4.837
2012-13,2012,1610612758,SAC,82,19830.0,7804.0,7837.0,8219.0,8619.0,105.318,109.978,-4.661,38,676.0,292.0,309.0,295.0,316.0,101.027,102.265,-1.238,82,19154.0,7512.0,7528.0,7924.0,8303.0,105.485,110.295,-4.81,3.572,3.423,3.409,3.742
2012-13,2012,1610612759,SAS,82,19880.0,7892.0,7898.0,8448.0,7923.0,107.045,100.317,6.729,43,818.0,381.0,354.0,362.0,331.0,95.013,93.503,1.51,82,19062.0,7511.0,7544.0,8086.0,7592.0,107.655,100.636,7.019,-5.509,-5.218,4.115,4.828
2012-13,2012,1610612761,TOR,82,19980.0,7591.0,7604.0,7971.0,8092.0,105.006,106.418,-1.412,47,954.0,411.0,420.0,361.0,474.0,87.835,112.857,-25.023,82,19026.0,7180.0,7184.0,7610.0,7618.0,105.989,106.041,-0.052,-24.97,-23.611,4.775,5.414
2012-13,2012,1610612762,UTA,82,19880.0,7629.0,7621.0,8038.0,8045.0,105.361,105.564,-0.202,43,789.0,329.0,335.0,350.0,339.0,106.383,101.194,5.189,82,19091.0,7300.0,7286.0,7688.0,7706.0,105.315,105.764,-0.449,5.638,5.391,3.969,4.312
2012-13,2012,1610612764,WAS,82,19855.0,7699.0,7726.0,7644.0,7852.0,99.286,101.631,-2.345,52,918.0,390.0,412.0,314.0,415.0,80.513,100.728,-20.215,82,18937.0,7309.0,7314.0,7330.0,7437.0,100.287,101.682,-1.394,-18.821,-17.87,4.624,5.066
2013-14,2013,1610612737,ATL,82,19830.0,7892.0,7875.0,8282.0,8321.0,104.942,105.663,-0.722,49,911.0,411.0,414.0,434.0,415.0,105.596,100.242,5.355,82,18919.0,7481.0,7461.0,7848.0,7906.0,104.906,105.964,-1.059,6.413,6.076,4.594,5.208
2013-14,2013,1610612751,BKN,82,19880.0,7663.0,7648.0,8079.0,8161.0,105.429,106.708,-1.279,38,786.0,363.0,350.0,357.0,352.0,98.347,100.571,-2.224,82,19094.0,7300.0,7298.0,7722.0,7809.0,105.781,107.002,-1.221,-1.003,-0.945,3.954,4.737
2013-14,2013,1610612738,BOS,82,19730.0,7745.0,7756.0,7892.0,8258.0,101.898,106.472,-4.574,49,803.0,358.0,372.0,317.0,420.0,88.547,112.903,-24.356,82,18927.0,7387.0,7384.0,7575.0,7838.0,102.545,106.148,-3.603,-20.752,-19.781,4.07,4.622
2013-14,2013,1610612766,CHA,82,19905.0,7712.0,7703.0,7942.0,7960.0,102.982,103.336,-0.354,48,950.0,428.0,418.0,405.0,387.0,94.626,92.584,2.042,82,18955.0,7284.0,7285.0,7537.0,7573.0,103.473,103.953,-0.48,2.522,2.396,4.773,5.55
2013-14,2013,1610612741,CHI,82,19930.0,7549.0,7538.0,7680.0,7528.0,101.735,99.867,1.868,36,745.0,329.0,307.0,301.0,256.0,91.489,83.388,8.102,82,19185.0,7220.0,7231.0,7379.0,7272.0,102.202,100.567,1.635,6.467,6.234,3.738,4.358
2013-14,2013,1610612739,CLE,82,19930.0,7784.0,7777.0,8054.0,8324.0,103.469,107.034,-3.565,42,803.0,371.0,360.0,354.0,368.0,95.418,102.222,-6.804,82,19127.0,7413.0,7417.0,7700.0,7956.0,103.872,107.267,-3.396,-3.409,-3.24,4.029,4.766
2013-14,2013,1610612742,DAL,82,19830.0,7852.0,7837.0,8597.0,8400.0,109.488,107.184,2.304,48,824.0,378.0,370.0,418.0,363.0,110.582,98.108,12.474,82,19006.0,7474.0,7467.0,8179.0,8037.0,109.433,107.634,1.799,10.675,10.17,4.155,4.814
2013-14,2013,1610612743,DEN,82,19754.0,8146.0,8144.0,8559.0,8735.0,105.07,107.257,-2.187,43,666.0,324.0,323.0,320.0,341.0,98.765,105.573,-6.807,82,19088.0,7822.0,7821.0,8239.0,8394.0,105.331,107.326,-1.995,-4.812,-4.62,3.371,3.977
2013-14,2013,1610612765,DET,82,19780.0,7874.0,7879.0,8286.0,8586.0,105.232,108.973,-3.741,38,601.0,269.0,251.0,230.0,276.0,85.502,109.96,-24.458,82,19179.0,7605.0,7628.0,8056.0,8310.0,105.93,108.941,-3.01,-21.448,-20.717,3.038,3.416
2013-14,2013,1610612744,GSW,82,19830.0,8045.0,8045.0,8549.0,8155.0,106.265,101.367,4.897,43,918.0,407.0,416.0,412.0,393.0,101.229,94.471,6.757,82,18912.0,7638.0,7629.0,8137.0,7762.0,106.533,101.743,4.79,1.968,1.86,4.629,5.059
2013-14,2013,1610612745,HOU,82,19830.0,8040.0,8034.0,8829.0,8455.0,109.813,105.24,4.573,41,737.0,347.0,331.0,386.0,318.0,111.239,96.073,15.167,82,19093.0,7693.0,7703.0,8443.0,8137.0,109.749,105.634,4.115,11.052,10.593,3.717,4.316
2013-14,2013,1610612754,IND,82,19780.0,7656.0,7655.0,7933.0,7572.0,103.618,98.916,4.702,36,637.0,288.0,278.0,328.0,263.0,113.889,94.604,19.285,82,19143.0,7368.0,7377.0,7605.0,7309.0,103.217,99.078,4.138,15.146,14.582,3.22,3.762
2013-14,2013,1610612746,LAC,82,19755.0,7954.0,7959.0,8850.0,8278.0,111.265,104.008,7.257,42,677.0,321.0,311.0,359.0,311.0,111.838,100.0,11.838,82,19078.0,7633.0,7648.0,8491.0,7967.0,111.241,104.171,7.07,4.768,4.581,3.427,4.036
2013-14,2013,1610612747,LAL,82,19705.0,8177.0,8198.0,8442.0,8958.0,103.241,109.271,-6.03,38,534.0,248.0,258.0,250.0,258.0,100.806,100.0,0.806,82,19171.0,7929.0,7940.0,8192.0,8700.0,103.317,109.572,-6.255,7.061,6.836,2.71,3.033
2013-14,2013,1610612763,MEM,82,19805.0,7476.0,7473.0,7884.0,7755.0,105.457,103.774,1.684,49,758.0,335.0,328.0,364.0,269.0,108.657,82.012,26.645,82,19047.0,7141.0,7145.0,7520.0,7486.0,105.307,104.773,0.535,26.11,24.961,3.827,4.481
2013-14,2013,1610612748,MIA,82,19880.0,7615.0,7610.0,8380.0,7990.0,110.046,104.993,5.053,43,846.0,356.0,369.0,372.0,360.0,104.494,97.561,6.933,82,19034.0,7259.0,7241.0,8008.0,7630.0,110.318,105.372,4.946,1.987,1.881,4.256,4.675
2013-14,2013,1610612749,MIL,82,19880.0,7685.0,7716.0,7829.0,8500.0,101.874,110.161,-8.287,40,775.0,331.0,358.0,289.0,389.0,87.311,108.659,-21.348,82,19105.0,7354.0,7358.0,7540.0,8111.0,102.529,110.234,-7.705,-13.644,-13.061,3.898,4.307
2013-14,2013,1610612750,MIN,82,19855.0,8139.0,8130.0,8768.0,8549.0,107.728,105.154,2.574,41,729.0,345.0,356.0,344.0,414.0,99.71,116.292,-16.582,82,19126.0,7794.0,7774.0,8424.0,8135.0,108.083,104.644,3.439,-20.021,-19.156,3.672,4.239
2013-14,2013,1610612740,NOP,82,19855.0,7703.0,7697.0,8177.0,8399.0,106.153,109.12,-2.967,50,934.0,415.0,411.0,430.0,433.0,103.614,105.353,-1.738,82,18921.0,7288.0,7286.0,7747.0,7966.0,106.298,109.333,-3.035,1.297,1.229,4.704,5.388
2013-14,2013,1610612752,NYK,82,19855.0,7556.0,7541.0,8084.0,8149.0,106.988,108.063,-1.075,39,777.0,337.0,335.0,311.0,337.0,92.285,100.597,-8.312,82,19078.0,7219.0,7206.0,7773.0,7812.0,107.674,108.41,-0.735,-7.577,-7.237,3.913,4.46
2013-14,2013,1610612760,OKC,82,19805.0,7954.0,7944.0,8705.0,8185.0,109.442,103.034,6.408,43,772.0,351.0,351.0,364.0,350.0,103.704,99.715,3.989,82,19033.0,7603.0,7593.0,8341.0,7835.0,109.707,103.187,6.52,-2.531,-2.419,3.898,4.413
2013-14,2013,1610612753,ORL,82,19955.0,7837.0,7839.0,7914.0,8360.0,100.983,106.646,-5.664,42,842.0,372.0,387.0,327.0,407.0,87.903,105.168,-17.265,82,19113.0,7465.0,7452.0,7587.0,7953.0,101.634,106.723,-5.089,-12.176,-11.601,4.219,4.747
2013-14,2013,1610612755,PHI,82,19854.0,8236.0,8266.0,8155.0,9012.0,99.017,109.025,-10.008,34,622.0,278.0,309.0,292.0,306.0,105.036,99.029,6.007,82,19232.0,7958.0,7957.0,7863.0,8706.0,98.806,109.413,-10.607,16.614,16.015,3.133,3.375
2013-14,2013,1610612756,PHX,82,19755.0,7973.0,7967.0,8629.0,8413.0,108.228,105.598,2.63,50,837.0,369.0,381.0,355.0,370.0,96.206,97.113,-0.907,82,18918.0,7604.0,7586.0,8274.0,8043.0,108.811,106.024,2.787,-3.694,-3.537,4.237,4.628
2013-14,2013,1610612757,POR,82,19855.0,7930.0,7937.0,8753.0,8426.0,110.378,106.161,4.217,47,901.0,439.0,408.0,499.0,412.0,113.667,100.98,12.687,82,18954.0,7491.0,7529.0,8254.0,8014.0,110.186,106.442,3.744,8.943,8.47,4.538,5.536
2013-14,2013,1610612758,SAC,82,19830.0,7840.0,7865.0,8241.0,8479.0,105.115,107.807,-2.692,42,713.0,332.0,342.0,336.0,372.0,101.205,108.772,-7.567,82,19117.0,7508.0,7523.0,7905.0,8107.0,105.288,107.763,-2.475,-5.092,-4.875,3.596,4.235
2013-14,2013,1610612759,SAS,82,19755.0,7887.0,7896.0,8639.0,8006.0,109.535,101.393,8.142,30,517.0,235.0,230.0,273.0,237.0,116.17,103.043,13.127,82,19238.0,7652.0,7666.0,8366.0,7769.0,109.331,101.344,7.987,5.139,4.985,2.617,2.98
2013-14,2013,1610612761,TOR,82,19955.0,7696.0,7683.0,8305.0,8039.0,107.913,104.634,3.28,53,962.0,416.0,417.0,428.0,396.0,102.885,94.964,7.921,82,18993.0,7280.0,7266.0,7877.0,7643.0,108.201,105.189,3.012,4.909,4.641,4.821,5.405
2013-14,2013,1610612762,UTA,82,19780.0,7605.0,7613.0,7791.0,8379.0,102.446,110.062,-7.616,40,655.0,295.0,303.0,321.0,367.0,108.814,121.122,-12.309,82,19125.0,7310.0,7310.0,7470.0,8012.0,102.189,109.603,-7.415,-4.894,-4.693,3.311,3.879
2013-14,2013,1610612764,WAS,82,20055.0,7872.0,7868.0,8254.0,8150.0,104.853,103.584,1.269,46,1110.0,485.0,489.0,448.0,484.0,92.371,98.978,-6.606,82,18945.0,7387.0,7379.0,7806.0,7666.0,105.672,103.889,1.783,-8.389,-7.875,5.535,6.161
2014-15,2014,1610612737,ATL,82,19730.0,7775.0,7788.0,8409.0,7964.0,108.154,102.26,5.894,41,551.0,272.0,241.0,305.0,220.0,112.132,91.286,20.846,82,19179.0,7503.0,7547.0,8104.0,7744.0,108.01,102.61,5.4,15.446,14.952,2.793,3.498
2014-15,2014,1610612751,BKN,82,19930.0,7777.0,7783.0,8038.0,8274.0,103.356,106.309,-2.953,41,765.0,334.0,324.0,307.0,332.0,91.916,102.469,-10.553,82,19165.0,7443.0,7459.0,7731.0,7942.0,103.869,106.475,-2.606,-7.947,-7.6,3.838,4.295
2014-15,2014,1610612738,BOS,82,19880.0,8007.0,8015.0,8312.0,8299.0,103.809,103.543,0.266,45,788.0,372.0,372.0,383.0,386.0,102.957,103.763,-0.806,82,19092.0,7635.0,7643.0,7929.0,7913.0,103.851,103.533,0.318,-1.124,-1.072,3.964,4.646
2014-15,2014,1610612766,CHA,82,19905.0,7753.0,7748.0,7721.0,7981.0,99.587,103.007,-3.42,41,825.0,361.0,358.0,324.0,356.0,89.751,99.441,-9.691,82,19080.0,7392.0,7390.0,7397.0,7625.0,100.068,103.18,-3.112,-6.578,-6.271,4.145,4.656
2014-15,2014,1610612741,CHI,82,19880.0,7775.0,7765.0,8265.0,8019.0,106.302,103.271,3.031,47,807.0,383.0,378.0,382.0,342.0,99.739,90.476,9.263,82,19073.0,7392.0,7387.0,7883.0,7677.0,106.642,103.926,2.717,6.546,6.232,4.059,4.926
2014-15,2014,1610612739,CLE,82,19780.0,7682.0,7685.0,8457.0,8090.0,110.089,105.27,4.819,33,541.0,236.0,236.0,266.0,243.0,112.712,102.966,9.746,82,19239.0,7446.0,7449.0,8191.0,7847.0,110.005,105.343,4.662,5.083,4.927,2.735,3.072
2014-15,2014,1610612742,DAL,82,19880.0,7976.0,7995.0,8628.0,8390.0,108.175,104.941,3.234,39,750.0,350.0,337.0,396.0,321.0,113.143,95.252,17.891,82,19130.0,7626.0,7658.0,8232.0,8069.0,107.946,105.367,2.58,15.311,14.657,3.773,4.388
2014-15,2014,1610612743,DEN,82,19880.0,8011.0,8037.0,8320.0,8611.0,103.857,107.142,-3.285,38,743.0,316.0,332.0,330.0,373.0,104.43,112.349,-7.919,82,19137.0,7695.0,7705.0,7990.0,8238.0,103.834,106.918,-3.084,-4.835,-4.634,3.737,3.945
2014-15,2014,1610612765,DET,82,19830.0,7741.0,7740.0,8077.0,8159.0,104.341,105.413,-1.073,39,677.0,317.0,324.0,286.0,325.0,90.221,100.309,-10.088,82,19153.0,7424.0,7416.0,7791.0,7834.0,104.943,105.636,-0.693,-9.395,-9.015,3.414,4.095
2014-15,2014,1610612744,GSW,82,19730.0,8170.0,8154.0,9016.0,8188.0,110.355,100.417,9.938,30,427.0,218.0,202.0,242.0,186.0,111.009,92.079,18.93,82,19303.0,7952.0,7952.0,8774.0,8002.0,110.337,100.629,9.708,9.222,8.992,2.164,2.668
2014-15,2014,1610612745,HOU,82,19805.0,8037.0,8032.0,8522.0,8240.0,106.035,102.59,3.445,40,686.0,318.0,316.0,313.0,317.0,98.428,100.316,-1.889,82,19119.0,7719.0,7716.0,8209.0,7923.0,106.348,102.683,3.665,-5.554,-5.334,3.464,3.957
2014-15,2014,1610612754,IND,82,19855.0,7753.0,7746.0,7981.0,7958.0,102.941,102.737,0.204,48,902.0,400.0,399.0,390.0,378.0,97.5,94.737,2.763,82,18953.0,7353.0,7347.0,7591.0,7580.0,103.237,103.171,0.065,2.698,2.559,4.543,5.159
2014-15,2014,1610612746,LAC,82,19730.0,7844.0,7842.0,8751.0,8211.0,111.563,104.705,6.858,38,580.0,289.0,277.0,283.0,252.0,97.924,90.975,6.949,82,19150.0,7555.0,7565.0,8468.0,7959.0,112.085,105.208,6.877,0.073,0.092,2.94,3.684
2014-15,2014,1610612747,LAL,82,19930.0,7892.0,7891.0,8073.0,8634.0,102.293,109.416,-7.122,46,935.0,421.0,419.0,402.0,460.0,95.487,109.785,-14.298,82,18995.0,7471.0,7472.0,7671.0,8174.0,102.677,109.395,-6.718,-7.58,-7.176,4.691,5.335
2014-15,2014,1610612763,MEM,82,19905.0,7696.0,7701.0,8062.0,7796.0,104.756,101.234,3.522,44,882.0,389.0,378.0,423.0,360.0,108.74,95.238,13.502,82,19023.0,7307.0,7323.0,7639.0,7436.0,104.544,101.543,3.001,10.502,9.98,4.431,5.055
2014-15,2014,1610612748,MIA,82,19730.0,7526.0,7517.0,7764.0,7977.0,103.162,106.119,-2.957,40,628.0,279.0,264.0,287.0,241.0,102.867,91.288,11.58,82,19102.0,7247.0,7253.0,7477.0,7736.0,103.174,106.659,-3.486,15.065,14.537,3.183,3.707
2014-15,2014,1610612749,MIL,82,19930.0,7867.0,7881.0,8023.0,7988.0,101.983,101.358,0.625,43,877.0,380.0,390.0,358.0,375.0,94.211,96.154,-1.943,82,19053.0,7487.0,7491.0,7665.0,7613.0,102.377,101.629,0.749,-2.692,-2.569,4.4,4.83
2014-15,2014,1610612750,MIN,82,19805.0,7873.0,7880.0,8016.0,8737.0,101.816,110.876,-9.059,39,752.0,323.0,341.0,335.0,367.0,103.715,107.625,-3.909,82,19053.0,7550.0,7539.0,7681.0,8370.0,101.735,111.023,-9.288,5.378,5.15,3.797,4.103
2014-15,2014,1610612740,NOP,82,19780.0,7608.0,7604.0,8147.0,8082.0,107.085,106.286,0.798,44,754.0,324.0,320.0,344.0,337.0,106.173,105.313,0.86,82,19026.0,7284.0,7284.0,7803.0,7745.0,107.125,106.329,0.796,0.064,0.062,3.812,4.259
2014-15,2014,1610612752,NYK,82,19855.0,7618.0,7614.0,7535.0,8299.0,98.91,108.997,-10.086,40,766.0,322.0,344.0,296.0,349.0,91.925,101.453,-9.528,82,19089.0,7296.0,7270.0,7239.0,7950.0,99.219,109.354,-10.135,0.607,0.558,3.858,4.227
2014-15,2014,1610612760,OKC,82,19830.0,7988.0,7977.0,8524.0,8345.0,106.71,104.613,2.097,42,730.0,354.0,349.0,328.0,328.0,92.655,93.983,-1.327,82,19100.0,7634.0,7628.0,8196.0,8017.0,107.362,105.1,2.262,-3.59,-3.424,3.681,4.432
2014-15,2014,1610612753,ORL,82,19755.0,7773.0,7786.0,7847.0,8316.0,100.952,106.807,-5.855,50,766.0,343.0,361.0,343.0,361.0,100.0,100.0,0.0,82,18989.0,7430.0,7425.0,7504.0,7955.0,100.996,107.138,-6.142,6.142,5.855,3.877,4.413
2014-15,2014,1610612755,PHI,82,19805.0,7950.0,7968.0,7542.0,8278.0,94.868,103.891,-9.023,35,640.0,281.0,307.0,238.0,282.0,84.698,91.857,-7.159,82,19165.0,7669.0,7661.0,7304.0,7996.0,95.241,104.373,-9.132,1.973,1.863,3.232,3.535
2014-15,2014,1610612756,PHX,82,19880.0,8058.0,8044.0,8397.0,8471.0,104.207,105.308,-1.101,47,952.0,440.0,459.0,431.0,443.0,97.955,96.514,1.44,82,18928.0,7618.0,7585.0,7966.0,8028.0,104.568,105.84,-1.272,2.713,2.542,4.789,5.46
2014-15,2014,1610612757,POR,82,19855.0,7868.0,7861.0,8429.0,8082.0,107.13,102.811,4.319,44,730.0,338.0,338.0,386.0,338.0,114.201,100.0,14.201,82,19125.0,7530.0,7523.0,8043.0,7744.0,106.813,102.938,3.875,10.326,9.882,3.677,4.296
2014-15,2014,1610612758,SAC,82,19855.0,7952.0,7958.0,8310.0,8614.0,104.502,108.243,-3.741,40,651.0,278.0,290.0,277.0,315.0,99.64,108.621,-8.98,82,19204.0,7674.0,7668.0,8033.0,8299.0,104.678,108.229,-3.551,-5.43,-5.239,3.279,3.496
2014-15,2014,1610612759,SAS,82,19955.0,7860.0,7847.0,8461.0,7953.0,107.646,101.351,6.295,38,787.0,356.0,342.0,340.0,332.0,95.506,97.076,-1.57,82,19168.0,7504.0,7505.0,8121.0,7621.0,108.222,101.546,6.677,-8.247,-7.866,3.944,4.529
2014-15,2014,1610612761,TOR,82,19855.0,7736.0,7728.0,8527.0,8275.0,110.225,107.078,3.147,43,844.0,366.0,369.0,382.0,401.0,104.372,108.672,-4.301,82,19011.0,7370.0,7359.0,8145.0,7874.0,110.516,106.998,3.517,-7.818,-7.447,4.251,4.731
2014-15,2014,1610612762,UTA,82,19705.0,7486.0,7473.0,7801.0,7783.0,104.208,104.148,0.06,41,641.0,309.0,301.0,295.0,293.0,95.469,97.342,-1.873,82,19064.0,7177.0,7172.0,7506.0,7490.0,104.584,104.434,0.15,-2.023,-1.933,3.253,4.128
2014-15,2014,1610612764,WAS,82,19955.0,7844.0,7836.0,8080.0,8021.0,103.009,102.361,0.648,42,917.0,403.0,404.0,361.0,420.0,89.578,103.96,-14.382,82,19038.0,7441.0,7432.0,7719.0,7601.0,103.736,102.274,1.462,-15.844,-15.03,4.595,5.138
2015-16,2015,1610612737,ATL,82,19830.0,8059.0,8075.0,8433.0,8137.0,104.641,100.768,3.873,44,740.0,355.0,351.0,371.0,344.0,104.507,98.006,6.501,82,19090.0,7704.0,7724.0,8062.0,7793.0,104.647,100.893,3.754,2.748,2.628,3.732,4.405
2015-16,2015,1610612751,BKN,82,19755.0,7903.0,7920.0,8089.0,8692.0,102.354,109.747,-7.394,41,641.0,291.0,300.0,282.0,312.0,96.907,104.0,-7.093,82,19114.0,7612.0,7620.0,7807.0,8380.0,102.562,109.974,-7.412,0.319,0.301,3.245,3.682
2015-16,2015,1610612738,BOS,82,19780.0,8191.0,8198.0,8669.0,8406.0,105.836,102.537,3.298,46,728.0,357.0,351.0,400.0,371.0,112.045,105.698,6.347,82,19052.0,7834.0,7847.0,8269.0,8035.0,105.553,102.396,3.157,3.19,3.048,3.68,4.358
2015-16,2015,1610612766,CHA,82,19855.0,7966.0,7958.0,8479.0,8256.0,106.44,103.745,2.695,42,710.0,331.0,318.0,351.0,303.0,106.042,95.283,10.759,82,19145.0,7635.0,7640.0,8128.0,7953.0,106.457,104.097,2.36,8.399,8.064,3.576,4.155
2015-16,2015,1610612741,CHI,82,19905.0,8008.0,8015.0,8335.0,8456.0,104.083,105.502,-1.419,46,962.0,425.0,428.0,406.0,428.0,95.529,100.0,-4.471,82,18943.0,7583.0,7587.0,7929.0,8028.0,104.563,105.813,-1.25,-3.221,-3.052,4.833,5.307
2015-16,2015,1610612739,CLE,82,19855.0,7764.0,7760.0,8555.0,8063.0,110.188,103.905,6.283,33,646.0,298.0,295.0,308.0,289.0,103.356,97.966,5.39,82,19209.0,7466.0,7465.0,8247.0,7774.0,110.461,104.139,6.321,-0.932,-0.894,3.254,3.838
2015-16,2015,1610612742,DAL,82,20005.0,7950.0,7944.0,8388.0,8413.0,105.509,105.904,-0.394,49,1010.0,438.0,442.0,497.0,438.0,113.47,99.095,14.375,82,18995.0,7512.0,7502.0,7891.0,7975.0,105.045,106.305,-1.26,15.635,14.77,5.049,5.509
2015-16,2015,1610612743,DEN,82,19830.0,7963.0,7957.0,8355.0,8609.0,104.923,108.194,-3.271,50,871.0,399.0,398.0,358.0,382.0,89.724,95.98,-6.256,82,18959.0,7564.0,7559.0,7997.0,8227.0,105.724,108.837,-3.113,-3.143,-2.984,4.392,5.011
2015-16,2015,1610612765,DET,82,19880.0,7942.0,7920.0,8361.0,8311.0,105.276,104.937,0.339,42,775.0,363.0,345.0,379.0,324.0,104.408,93.913,10.495,82,19105.0,7579.0,7575.0,7982.0,7987.0,105.317,105.439,-0.122,10.616,10.156,3.898,4.571
2015-16,2015,1610612744,GSW,82,19880.0,8303.0,8304.0,9421.0,8539.0,113.465,102.83,10.635,34,672.0,305.0,301.0,357.0,244.0,117.049,81.063,35.986,82,19208.0,7998.0,8003.0,9064.0,8295.0,113.328,103.649,9.68,26.306,25.351,3.38,3.673
2015-16,2015,1610612745,HOU,82,19830.0,8139.0,8125.0,8737.0,8721.0,107.347,107.335,0.012,48,891.0,396.0,398.0,425.0,382.0,107.323,95.98,11.343,82,18939.0,7743.0,7727.0,8312.0,8339.0,107.349,107.92,-0.572,11.915,11.331,4.493,4.865
2015-16,2015,1610612754,IND,82,19880.0,8068.0,8060.0,8377.0,8237.0,103.83,102.196,1.634,52,981.0,451.0,428.0,438.0,444.0,97.118,103.738,-6.621,82,18899.0,7617.0,7632.0,7939.0,7793.0,104.227,102.11,2.118,-8.739,-8.255,4.935,5.59
2015-16,2015,1610612746,LAC,82,19830.0,7995.0,8003.0,8569.0,8218.0,107.179,102.686,4.493,42,740.0,355.0,362.0,396.0,372.0,111.549,102.762,8.787,82,19090.0,7640.0,7641.0,8173.0,7846.0,106.976,102.683,4.294,4.493,4.294,3.732,4.44
2015-16,2015,1610612747,LAL,82,19730.0,7930.0,7945.0,7982.0,8766.0,100.656,110.334,-9.678,33,517.0,235.0,246.0,256.0,287.0,108.936,116.667,-7.73,82,19213.0,7695.0,7699.0,7726.0,8479.0,100.403,110.131,-9.728,1.998,1.947,2.62,2.963
2015-16,2015,1610612763,MEM,82,19830.0,7763.0,7762.0,8126.0,8310.0,104.676,107.06,-2.384,44,765.0,356.0,348.0,377.0,329.0,105.899,94.54,11.359,82,19065.0,7407.0,7414.0,7749.0,7981.0,104.617,107.648,-3.03,14.389,13.743,3.858,4.586
2015-16,2015,1610612748,MIA,82,19830.0,7779.0,7778.0,8204.0,8069.0,105.463,103.741,1.722,43,811.0,359.0,355.0,399.0,338.0,111.142,95.211,15.931,82,19019.0,7420.0,7423.0,7805.0,7731.0,105.189,104.149,1.039,14.891,14.209,4.09,4.615
2015-16,2015,1610612749,MIL,82,19830.0,7858.0,7849.0,8122.0,8465.0,103.36,107.848,-4.489,40,726.0,326.0,343.0,330.0,326.0,101.227,95.044,6.183,82,19104.0,7532.0,7506.0,7792.0,8139.0,103.452,108.433,-4.981,11.165,10.672,3.661,4.149
2015-16,2015,1610612750,MIN,82,19880.0,7965.0,7972.0,8398.0,8688.0,105.436,108.981,-3.545,50,930.0,436.0,453.0,430.0,463.0,98.624,102.208,-3.584,82,18950.0,7529.0,7519.0,7968.0,8225.0,105.831,109.39,-3.559,-0.025,-0.039,4.678,5.474
2015-16,2015,1610612740,NOP,82,19780.0,8041.0,8054.0,8423.0,8734.0,104.751,108.443,-3.692,45,804.0,352.0,372.0,376.0,416.0,106.818,111.828,-5.01,82,18976.0,7689.0,7682.0,8047.0,8318.0,104.656,108.279,-3.623,-1.387,-1.317,4.065,4.378
2015-16,2015,1610612752,NYK,82,19805.0,7763.0,7771.0,8065.0,8289.0,103.89,106.666,-2.776,41,752.0,339.0,341.0,342.0,382.0,100.885,112.023,-11.139,82,19053.0,7424.0,7430.0,7723.0,7907.0,104.027,106.42,-2.392,-8.746,-8.363,3.797,4.367
2015-16,2015,1610612760,OKC,82,19830.0,8061.0,8057.0,9038.0,8441.0,112.12,104.766,7.354,43,793.0,369.0,373.0,377.0,413.0,102.168,110.724,-8.556,82,19037.0,7692.0,7684.0,8661.0,8028.0,112.598,104.477,8.121,-16.677,-15.91,3.999,4.578
2015-16,2015,1610612753,ORL,82,19905.0,8018.0,8019.0,8369.0,8502.0,104.378,106.023,-1.646,43,920.0,412.0,406.0,388.0,395.0,94.175,97.291,-3.116,82,18985.0,7606.0,7613.0,7981.0,8107.0,104.93,106.489,-1.559,-1.557,-1.47,4.622,5.138
2015-16,2015,1610612755,PHI,82,19805.0,8119.0,8127.0,7988.0,8827.0,98.387,108.613,-10.227,35,611.0,262.0,272.0,206.0,336.0,78.626,123.529,-44.903,82,19194.0,7857.0,7855.0,7782.0,8491.0,99.045,108.097,-9.051,-35.852,-34.677,3.085,3.227
2015-16,2015,1610612756,PHX,82,19705.0,8152.0,8168.0,8271.0,8817.0,101.46,107.946,-6.486,38,574.0,265.0,284.0,235.0,330.0,88.679,116.197,-27.518,82,19131.0,7887.0,7884.0,8036.0,8487.0,101.889,107.648,-5.759,-21.759,-21.032,2.913,3.251
2015-16,2015,1610612757,POR,82,19805.0,8012.0,8007.0,8622.0,8554.0,107.614,106.832,0.782,42,638.0,308.0,295.0,327.0,319.0,106.169,108.136,-1.967,82,19167.0,7704.0,7712.0,8295.0,8235.0,107.671,106.782,0.89,-2.856,-2.749,3.221,3.844
2015-16,2015,1610612758,SAC,82,19805.0,8302.0,8311.0,8740.0,8943.0,105.276,107.604,-2.329,43,682.0,330.0,336.0,307.0,357.0,93.03,106.25,-13.22,82,19123.0,7972.0,7975.0,8433.0,8586.0,105.783,107.661,-1.879,-11.341,-10.891,3.444,3.975
2015-16,2015,1610612759,SAS,82,19705.0,7767.0,7757.0,8490.0,7618.0,109.309,98.208,11.101,30,469.0,217.0,198.0,241.0,183.0,111.06,92.424,18.636,82,19236.0,7550.0,7559.0,8249.0,7435.0,109.258,98.36,10.899,7.737,7.535,2.38,2.794
2015-16,2015,1610612761,TOR,82,19780.0,7707.0,7681.0,8422.0,8053.0,109.277,104.843,4.434,51,780.0,363.0,341.0,394.0,342.0,108.54,100.293,8.247,82,19000.0,7344.0,7340.0,8028.0,7711.0,109.314,105.054,4.259,3.987,3.813,3.943,4.71
2015-16,2015,1610612762,UTA,82,19955.0,7625.0,7618.0,8010.0,7863.0,105.049,103.216,1.833,42,917.0,403.0,423.0,401.0,503.0,99.504,118.913,-19.409,82,19038.0,7222.0,7195.0,7609.0,7360.0,105.359,102.293,3.065,-22.474,-21.242,4.595,5.285
2015-16,2015,1610612764,WAS,82,19755.0,8163.0,8161.0,8534.0,8575.0,104.545,105.073,-0.528,34,592.0,295.0,288.0,299.0,301.0,101.356,104.514,-3.158,82,19163.0,7868.0,7873.0,8235.0,8274.0,104.664,105.093,-0.429,-2.729,-2.63,2.997,3.614
2016-17,2016,1610612737,ATL,82,19880.0,8091.0,8104.0,8459.0,8529.0,104.548,105.244,-0.696,44,787.0,369.0,372.0,405.0,356.0,109.756,95.699,14.057,82,19093.0,7722.0,7732.0,8054.0,8173.0,104.299,105.704,-1.404,15.461,14.753,3.959,4.561
2016-17,2016,1610612751,BKN,82,19755.0,8371.0,8379.0,8673.0,9225.0,103.608,110.097,-6.489,40,628.0,288.0,305.0,287.0,354.0,99.653,116.066,-16.413,82,19127.0,8083.0,8074.0,8386.0,8871.0,103.749,109.871,-6.123,-10.29,-9.924,3.179,3.44
2016-17,2016,1610612738,BOS,82,19755.0,8005.0,7999.0,8857.0,8641.0,110.643,108.026,2.617,48,846.0,403.0,384.0,475.0,414.0,117.866,107.812,10.054,82,18909.0,7602.0,7615.0,8382.0,8227.0,110.26,108.037,2.224,7.83,7.436,4.282,5.034
2016-17,2016,1610612766,CHA,82,19830.0,7934.0,7917.0,8601.0,8585.0,108.407,108.438,-0.031,50,834.0,387.0,377.0,447.0,451.0,115.504,119.629,-4.125,82,18996.0,7547.0,7540.0,8154.0,8134.0,108.043,107.878,0.165,-4.29,-4.094,4.206,4.878
2016-17,2016,1610612741,CHI,82,19780.0,7919.0,7908.0,8435.0,8400.0,106.516,106.222,0.294,42,720.0,328.0,319.0,352.0,313.0,107.317,98.119,9.198,82,19060.0,7591.0,7589.0,8083.0,8087.0,106.481,106.562,-0.081,9.279,8.904,3.64,4.142
2016-17,2016,1610612739,CLE,82,19880.0,8019.0,8007.0,9048.0,8787.0,112.832,109.741,3.091,36,634.0,299.0,288.0,350.0,298.0,117.057,103.472,13.585,82,19246.0,7720.0,7719.0,8698.0,8489.0,112.668,109.975,2.693,10.892,10.494,3.189,3.729
2016-17,2016,1610612742,DAL,82,19780.0,7668.0,7679.0,8029.0,8269.0,104.708,107.683,-2.975,41,664.0,293.0,293.0,298.0,316.0,101.706,107.85,-6.143,82,19116.0,7375.0,7386.0,7731.0,7953.0,104.827,107.677,-2.85,-3.294,-3.168,3.357,3.821
2016-17,2016,1610612743,DEN,82,19755.0,8167.0,8161.0,9161.0,9119.0,112.171,111.739,0.432,40,591.0,290.0,284.0,282.0,299.0,97.241,105.282,-8.04,82,19164.0,7877.0,7877.0,8879.0,8820.0,112.721,111.972,0.749,-8.789,-8.472,2.992,3.551
2016-17,2016,1610612765,DET,82,19805.0,7890.0,7875.0,8309.0,8401.0,105.311,106.679,-1.369,37,658.0,293.0,297.0,294.0,334.0,100.341,112.458,-12.117,82,19147.0,7597.0,7578.0,8015.0,8067.0,105.502,106.453,-0.951,-11.166,-10.748,3.322,3.714
2016-17,2016,1610612744,GSW,82,19780.0,8279.0,8266.0,9503.0,8549.0,114.784,103.424,11.361,25,457.0,206.0,191.0,226.0,191.0,109.709,100.0,9.709,82,19323.0,8073.0,8075.0,9277.0,8358.0,114.914,103.505,11.409,-1.701,-1.652,2.31,2.488
2016-17,2016,1610612745,HOU,82,19780.0,8289.0,8285.0,9458.0,8985.0,114.103,108.449,5.654,40,635.0,299.0,297.0,299.0,314.0,100.0,105.724,-5.724,82,19145.0,7990.0,7988.0,9159.0,8671.0,114.631,108.55,6.08,-11.804,-11.378,3.21,3.607
2016-17,2016,1610612754,IND,82,19855.0,7989.0,7992.0,8618.0,8636.0,107.873,108.058,-0.185,38,741.0,319.0,326.0,329.0,340.0,103.135,104.294,-1.16,82,19114.0,7670.0,7666.0,8289.0,8296.0,108.07,108.218,-0.148,-1.012,-0.975,3.732,3.993
2016-17,2016,1610612746,LAC,82,19755.0,7968.0,7963.0,8911.0,8559.0,111.835,107.485,4.35,34,519.0,255.0,246.0,248.0,235.0,97.255,95.528,1.726,82,19236.0,7713.0,7717.0,8663.0,8324.0,112.317,107.866,4.451,-2.725,-2.624,2.627,3.2
2016-17,2016,1610612747,LAL,82,19705.0,8143.0,8157.0,8575.0,9139.0,105.305,112.039,-6.734,43,572.0,248.0,276.0,265.0,340.0,106.855,123.188,-16.334,82,19133.0,7895.0,7881.0,8310.0,8799.0,105.256,111.648,-6.392,-9.942,-9.6,2.903,3.046
2016-17,2016,1610612763,MEM,82,19905.0,7702.0,7698.0,8239.0,8199.0,106.972,106.508,0.464,46,863.0,379.0,378.0,383.0,359.0,101.055,94.974,6.082,82,19042.0,7323.0,7320.0,7856.0,7840.0,107.278,107.104,0.175,5.907,5.618,4.336,4.921
2016-17,2016,1610612748,MIA,82,19780.0,7875.0,7869.0,8460.0,8373.0,107.429,106.405,1.024,43,751.0,336.0,329.0,324.0,353.0,96.429,107.295,-10.866,82,19029.0,7539.0,7540.0,8136.0,8020.0,107.919,106.366,1.553,-12.419,-11.89,3.797,4.267
2016-17,2016,1610612749,MIL,82,19780.0,7828.0,7829.0,8497.0,8512.0,108.546,108.724,-0.178,39,676.0,306.0,314.0,272.0,314.0,88.889,100.0,-11.111,82,19104.0,7522.0,7515.0,8225.0,8198.0,109.346,109.088,0.257,-11.369,-10.933,3.418,3.909
2016-17,2016,1610612750,MIN,82,19805.0,7870.0,7888.0,8657.0,8748.0,110.0,110.903,-0.903,45,789.0,340.0,359.0,323.0,376.0,95.0,104.735,-9.735,82,19016.0,7530.0,7529.0,8334.0,8372.0,110.677,111.197,-0.519,-9.216,-8.833,3.984,4.32
2016-17,2016,1610612740,NOP,82,19905.0,8173.0,8175.0,8556.0,8728.0,104.686,106.765,-2.078,43,856.0,380.0,387.0,348.0,370.0,91.579,95.607,-4.028,82,19049.0,7793.0,7788.0,8208.0,8358.0,105.325,107.319,-1.994,-2.035,-1.95,4.3,4.649
2016-17,2016,1610612752,NYK,82,19855.0,7990.0,7999.0,8556.0,8857.0,107.084,110.726,-3.642,41,795.0,341.0,342.0,357.0,365.0,104.692,106.725,-2.033,82,19060.0,7649.0,7657.0,8199.0,8492.0,107.19,110.905,-3.715,1.682,1.609,4.004,4.268
2016-17,2016,1610612760,OKC,82,19805.0,8099.0,8105.0,8741.0,8679.0,107.927,107.082,0.845,41,711.0,341.0,336.0,394.0,311.0,115.543,92.56,22.983,82,19094.0,7758.0,7769.0,8347.0,8368.0,107.592,107.71,-0.118,23.101,22.138,3.59,4.21
2016-17,2016,1610612753,ORL,82,19805.0,7989.0,8004.0,8288.0,8827.0,103.743,110.282,-6.54,39,695.0,299.0,302.0,303.0,345.0,101.338,114.238,-12.901,82,19110.0,7690.0,7702.0,7985.0,8482.0,103.836,110.127,-6.291,-6.61,-6.361,3.509,3.743
2016-17,2016,1610612755,PHI,82,19830.0,8179.0,8193.0,8400.0,8867.0,102.702,108.227,-5.524,44,778.0,365.0,373.0,358.0,407.0,98.082,109.115,-11.033,82,19052.0,7814.0,7820.0,8042.0,8460.0,102.918,108.184,-5.266,-5.767,-5.509,3.923,4.463
2016-17,2016,1610612756,PHX,82,19830.0,8320.0,8346.0,8831.0,9293.0,106.142,111.347,-5.205,50,822.0,371.0,401.0,382.0,479.0,102.965,119.451,-16.486,82,19008.0,7949.0,7945.0,8449.0,8814.0,106.29,110.938,-4.648,-11.839,-11.281,4.145,4.459
2016-17,2016,1610612757,POR,82,19930.0,8088.0,8086.0,8851.0,8894.0,109.434,109.993,-0.559,47,1068.0,494.0,495.0,518.0,507.0,104.858,102.424,2.434,82,18862.0,7594.0,7591.0,8333.0,8387.0,109.731,110.486,-0.755,3.189,2.993,5.359,6.108
2016-17,2016,1610612758,SAC,82,19880.0,7911.0,7897.0,8430.0,8748.0,106.56,110.776,-4.216,49,975.0,429.0,429.0,419.0,467.0,97.669,108.858,-11.189,82,18905.0,7482.0,7468.0,8011.0,8281.0,107.07,110.886,-3.816,-7.373,-6.973,4.904,5.423
2016-17,2016,1610612759,SAS,82,19805.0,7832.0,7824.0,8637.0,8047.0,110.278,102.85,7.428,43,751.0,350.0,336.0,390.0,301.0,111.429,89.583,21.845,82,19054.0,7482.0,7488.0,8247.0,7746.0,110.225,103.446,6.779,15.066,14.417,3.792,4.469
2016-17,2016,1610612761,TOR,82,19780.0,7867.0,7860.0,8762.0,8417.0,111.377,107.087,4.29,49,803.0,363.0,345.0,399.0,329.0,109.917,95.362,14.555,82,18977.0,7504.0,7515.0,8363.0,8088.0,111.447,107.625,3.822,10.733,10.265,4.06,4.614
2016-17,2016,1610612762,UTA,82,19755.0,7579.0,7582.0,8258.0,7935.0,108.959,104.656,4.303,44,625.0,280.0,281.0,322.0,279.0,115.0,99.288,15.712,82,19130.0,7299.0,7301.0,7936.0,7656.0,108.727,104.862,3.865,11.847,11.409,3.164,3.694
2016-17,2016,1610612764,WAS,82,19855.0,8109.0,8096.0,8953.0,8805.0,110.408,108.757,1.651,55,940.0,435.0,424.0,508.0,440.0,116.782,103.774,13.008,82,18915.0,7674.0,7672.0,8445.0,8365.0,110.047,109.033,1.014,11.994,11.357,4.734,5.364
2017-18,2017,1610612737,ATL,82,19705.0,8114.0,8103.0,8475.0,8922.0,104.449,110.107,-5.658,43,700.0,335.0,340.0,353.0,379.0,105.373,111.471,-6.097,82,19005.0,7779.0,7763.0,8122.0,8543.0,104.409,110.048,-5.638,-0.459,-0.439,3.552,4.129
2017-18,2017,1610612751,BKN,82,19855.0,8238.0,8251.0,8741.0,9048.0,106.106,109.659,-3.554,49,896.0,403.0,415.0,397.0,450.0,98.511,108.434,-9.923,82,18959.0,7835.0,7836.0,8344.0,8598.0,106.496,109.724,-3.228,-6.695,-6.369,4.513,4.892
2017-18,2017,1610612738,BOS,82,19805.0,7987.0,7981.0,8529.0,8235.0,106.786,103.183,3.603,45,799.0,374.0,370.0,410.0,402.0,109.626,108.649,0.977,82,19006.0,7613.0,7611.0,8119.0,7833.0,106.647,102.917,3.73,-2.753,-2.626,4.034,4.683
2017-18,2017,1610612766,CHA,82,19780.0,8143.0,8119.0,8874.0,8853.0,108.977,109.041,-0.063,41,708.0,326.0,326.0,322.0,325.0,98.773,99.693,-0.92,82,19072.0,7817.0,7793.0,8552.0,8528.0,109.403,109.432,-0.029,-0.891,-0.857,3.579,4.003
2017-18,2017,1610612741,CHI,82,19855.0,8160.0,8162.0,8440.0,9017.0,103.431,110.475,-7.044,41,829.0,377.0,386.0,371.0,385.0,98.408,99.741,-1.332,82,19026.0,7783.0,7776.0,8069.0,8632.0,103.675,111.008,-7.334,6.001,5.712,4.175,4.62
2017-18,2017,1610612739,CLE,82,19730.0,8114.0,8117.0,9091.0,9014.0,112.041,111.051,0.99,44,709.0,331.0,311.0,387.0,299.0,116.918,96.141,20.777,82,19021.0,7783.0,7806.0,8704.0,8715.0,111.833,111.645,0.189,20.588,19.787,3.594,4.079
2017-18,2017,1610612742,DAL,82,19805.0,7959.0,7973.0,8390.0,8639.0,105.415,108.353,-2.938,48,780.0,349.0,359.0,308.0,419.0,88.252,116.713,-28.461,82,19025.0,7610.0,7614.0,8082.0,8220.0,106.202,107.959,-1.757,-26.704,-25.523,3.938,4.385
2017-18,2017,1610612743,DEN,82,19880.0,8095.0,8089.0,9020.0,8899.0,111.427,110.014,1.413,43,818.0,364.0,366.0,377.0,364.0,103.571,99.454,4.118,82,19062.0,7731.0,7723.0,8643.0,8535.0,111.797,110.514,1.283,2.835,2.705,4.115,4.497
2017-18,2017,1610612765,DET,82,19805.0,7981.0,7986.0,8509.0,8521.0,106.616,106.699,-0.084,38,683.0,287.0,292.0,291.0,320.0,101.394,109.589,-8.195,82,19122.0,7694.0,7694.0,8218.0,8201.0,106.811,106.59,0.221,-8.416,-8.112,3.449,3.596
2017-18,2017,1610612744,GSW,82,19730.0,8251.0,8249.0,9304.0,8814.0,112.762,106.849,5.913,29,507.0,237.0,228.0,268.0,240.0,113.08,105.263,7.817,82,19223.0,8014.0,8021.0,9036.0,8574.0,112.753,106.894,5.858,1.959,1.904,2.57,2.872
2017-18,2017,1610612745,HOU,82,19755.0,8078.0,8059.0,9213.0,8518.0,114.051,105.695,8.355,35,487.0,223.0,218.0,274.0,209.0,122.87,95.872,26.998,82,19268.0,7855.0,7841.0,8939.0,8309.0,113.8,105.969,7.832,19.167,18.643,2.465,2.761
2017-18,2017,1610612754,IND,82,19755.0,7977.0,7965.0,8656.0,8543.0,108.512,107.257,1.255,44,690.0,319.0,313.0,358.0,299.0,112.226,95.527,16.699,82,19065.0,7658.0,7652.0,8298.0,8244.0,108.357,107.737,0.621,16.078,15.443,3.493,3.999
2017-18,2017,1610612746,LAC,82,19705.0,8167.0,8179.0,8937.0,8934.0,109.428,109.231,0.197,40,574.0,266.0,278.0,294.0,331.0,110.526,119.065,-8.538,82,19131.0,7901.0,7901.0,8643.0,8603.0,109.391,108.885,0.506,-9.045,-8.736,2.913,3.257
2017-18,2017,1610612747,LAL,82,19905.0,8361.0,8376.0,8862.0,8989.0,105.992,107.319,-1.326,42,848.0,376.0,382.0,375.0,404.0,99.734,105.759,-6.025,82,19057.0,7985.0,7994.0,8487.0,8585.0,106.287,107.393,-1.106,-4.919,-4.699,4.26,4.497
2017-18,2017,1610612763,MEM,82,19705.0,7865.0,7842.0,8145.0,8654.0,103.56,110.355,-6.794,41,700.0,288.0,309.0,266.0,301.0,92.361,97.411,-5.05,82,19005.0,7577.0,7533.0,7879.0,8353.0,103.986,110.885,-6.9,1.85,1.745,3.552,3.662
2017-18,2017,1610612748,MIA,82,19930.0,7985.0,7975.0,8480.0,8441.0,106.199,105.843,0.356,53,1043.0,449.0,457.0,488.0,459.0,108.686,100.438,8.248,82,18887.0,7536.0,7518.0,7992.0,7982.0,106.051,106.172,-0.121,8.369,7.892,5.233,5.623
2017-18,2017,1610612749,MIL,82,19830.0,8013.0,8022.0,8731.0,8756.0,108.96,109.15,-0.189,47,817.0,382.0,367.0,390.0,368.0,102.094,100.272,1.822,82,19013.0,7631.0,7655.0,8341.0,8388.0,109.304,109.575,-0.271,2.093,2.011,4.12,4.767
2017-18,2017,1610612750,MIN,82,19805.0,7985.0,7982.0,8980.0,8797.0,112.461,110.21,2.25,42,803.0,349.0,332.0,375.0,381.0,107.45,114.759,-7.309,82,19002.0,7636.0,7650.0,8605.0,8416.0,112.69,110.013,2.677,-9.986,-9.56,4.055,4.371
2017-18,2017,1610612740,NOP,82,19955.0,8443.0,8432.0,9161.0,9054.0,108.504,107.377,1.127,49,1035.0,469.0,453.0,497.0,450.0,105.97,99.338,6.632,82,18920.0,7974.0,7979.0,8664.0,8604.0,108.653,107.833,0.82,5.812,5.505,5.187,5.555
2017-18,2017,1610612752,NYK,82,19830.0,8059.0,8076.0,8566.0,8858.0,106.291,109.683,-3.392,35,638.0,284.0,287.0,272.0,310.0,95.775,108.014,-12.239,82,19192.0,7775.0,7789.0,8294.0,8548.0,106.675,109.745,-3.069,-9.17,-8.847,3.217,3.524
2017-18,2017,1610612760,OKC,82,19830.0,8036.0,8049.0,8844.0,8564.0,110.055,106.398,3.656,46,858.0,379.0,390.0,396.0,418.0,104.485,107.179,-2.694,82,18972.0,7657.0,7659.0,8448.0,8146.0,110.33,106.359,3.972,-6.666,-6.35,4.327,4.716
2017-18,2017,1610612753,ORL,82,19730.0,8096.0,8112.0,8479.0,8874.0,104.731,109.393,-4.663,39,578.0,247.0,268.0,243.0,287.0,98.381,107.09,-8.709,82,19152.0,7849.0,7844.0,8236.0,8587.0,104.931,109.472,-4.542,-4.167,-4.046,2.93,3.051
2017-18,2017,1610612755,PHI,82,19780.0,8299.0,8308.0,9004.0,8635.0,108.495,103.936,4.559,45,676.0,324.0,313.0,371.0,304.0,114.506,97.125,17.382,82,19104.0,7975.0,7995.0,8633.0,8331.0,108.251,104.203,4.048,13.333,12.823,3.418,3.904
2017-18,2017,1610612756,PHX,82,19705.0,8293.0,8315.0,8522.0,9290.0,102.761,111.726,-8.964,38,503.0,235.0,245.0,224.0,257.0,95.319,104.898,-9.579,82,19202.0,8058.0,8070.0,8298.0,9033.0,102.978,111.933,-8.955,-0.624,-0.614,2.553,2.834
2017-18,2017,1610612757,POR,82,19755.0,7992.0,7995.0,8661.0,8448.0,108.371,105.666,2.705,45,796.0,364.0,364.0,375.0,352.0,103.022,96.703,6.319,82,18959.0,7628.0,7631.0,8286.0,8096.0,108.626,106.094,2.533,3.786,3.614,4.029,4.555
2017-18,2017,1610612758,SAC,82,19755.0,7860.0,7862.0,8104.0,8677.0,103.104,110.366,-7.262,42,694.0,313.0,314.0,331.0,324.0,105.751,103.185,2.566,82,19061.0,7547.0,7548.0,7773.0,8353.0,102.995,110.665,-7.671,10.237,9.828,3.513,3.982
2017-18,2017,1610612759,SAS,82,19730.0,7867.0,7867.0,8424.0,8187.0,107.08,104.068,3.013,37,629.0,292.0,283.0,312.0,296.0,106.849,104.594,2.256,82,19101.0,7575.0,7584.0,8112.0,7891.0,107.089,104.048,3.041,-0.785,-0.757,3.188,3.712
2017-18,2017,1610612761,TOR,82,19830.0,8104.0,8093.0,9156.0,8518.0,112.981,105.251,7.73,43,753.0,356.0,344.0,367.0,353.0,103.09,102.616,0.474,82,19077.0,7748.0,7749.0,8789.0,8165.0,113.436,105.368,8.067,-7.594,-7.256,3.797,4.393
2017-18,2017,1610612762,UTA,82,19755.0,7951.0,7948.0,8540.0,8187.0,107.408,103.007,4.401,28,495.0,236.0,229.0,254.0,232.0,107.627,101.31,6.317,82,19260.0,7715.0,7719.0,8286.0,7955.0,107.401,103.057,4.344,1.973,1.916,2.506,2.968
2017-18,2017,1610612764,WAS,82,19855.0,8087.0,8073.0,8742.0,8694.0,108.099,107.692,0.407,44,830.0,400.0,395.0,384.0,412.0,96.0,104.304,-8.304,82,19025.0,7687.0,7678.0,8358.0,8282.0,108.729,107.867,0.862,-9.166,-8.711,4.18,4.946
2018-19,2018,1610612737,ATL,82,19855.0,8642.0,8658.0,9294.0,9788.0,107.545,113.052,-5.507,40,742.0,350.0,358.0,364.0,350.0,104.0,97.765,6.235,82,19113.0,8292.0,8300.0,8930.0,9438.0,107.694,113.711,-6.017,12.251,11.742,3.737,4.05
2018-19,2018,1610612751,BKN,82,19980.0,8452.0,8451.0,9204.0,9210.0,108.897,108.981,-0.084,43,833.0,373.0,382.0,409.0,427.0,109.651,111.78,-2.129,82,19147.0,8079.0,8069.0,8795.0,8783.0,108.862,108.849,0.014,-2.142,-2.045,4.169,4.413
2018-19,2018,1610612738,BOS,82,19780.0,8282.0,8272.0,9216.0,8852.0,111.277,107.012,4.266,42,672.0,315.0,312.0,390.0,358.0,123.81,114.744,9.066,82,19108.0,7967.0,7960.0,8826.0,8494.0,110.782,106.709,4.073,4.993,4.8,3.397,3.803
2018-19,2018,1610612766,CHA,82,19830.0,8202.0,8187.0,9081.0,9171.0,110.717,112.019,-1.302,39,722.0,324.0,320.0,354.0,356.0,109.259,111.25,-1.991,82,19108.0,7878.0,7867.0,8727.0,8815.0,110.777,112.05,-1.273,-0.717,-0.689,3.641,3.95
2018-19,2018,1610612741,CHI,82,19905.0,8232.0,8240.0,8605.0,9295.0,104.531,112.803,-8.272,39,747.0,323.0,340.0,319.0,364.0,98.762,107.059,-8.297,82,19158.0,7909.0,7900.0,8286.0,8931.0,104.767,113.051,-8.284,-0.013,-0.025,3.753,3.924
2018-19,2018,1610612739,CLE,82,19755.0,8021.0,8009.0,8567.0,9355.0,106.807,116.806,-9.999,33,454.0,208.0,216.0,206.0,239.0,99.038,110.648,-11.61,82,19301.0,7813.0,7793.0,8361.0,9116.0,107.014,116.977,-9.963,-1.647,-1.611,2.298,2.593
2018-19,2018,1610612742,DAL,82,19780.0,8216.0,8202.0,8927.0,9032.0,108.654,110.119,-1.466,46,769.0,361.0,361.0,362.0,393.0,100.277,108.864,-8.587,82,19011.0,7855.0,7841.0,8565.0,8639.0,109.039,110.177,-1.138,-7.449,-7.122,3.888,4.394
2018-19,2018,1610612743,DEN,82,19730.0,8096.0,8098.0,9075.0,8751.0,112.092,108.064,4.029,46,698.0,326.0,314.0,348.0,298.0,106.748,94.904,11.844,82,19032.0,7770.0,7784.0,8727.0,8453.0,112.317,108.595,3.722,8.122,7.815,3.538,4.027
2018-19,2018,1610612765,DET,82,19855.0,8101.0,8094.0,8778.0,8798.0,108.357,108.698,-0.341,42,781.0,344.0,343.0,385.0,391.0,111.919,113.994,-2.076,82,19074.0,7757.0,7751.0,8393.0,8407.0,108.199,108.463,-0.264,-1.811,-1.735,3.934,4.246
2018-19,2018,1610612744,GSW,82,19805.0,8390.0,8401.0,9650.0,9120.0,115.018,108.559,6.459,35,626.0,285.0,285.0,315.0,298.0,110.526,104.561,5.965,82,19179.0,8105.0,8116.0,9335.0,8822.0,115.176,108.699,6.477,-0.512,-0.494,3.161,3.397
2018-19,2018,1610612745,HOU,82,19830.0,8130.0,8129.0,9341.0,8950.0,114.895,110.1,4.796,41,663.0,297.0,290.0,332.0,329.0,111.785,113.448,-1.664,82,19167.0,7833.0,7839.0,9009.0,8621.0,115.013,109.976,5.038,-6.701,-6.46,3.343,3.653
2018-19,2018,1610612754,IND,82,19705.0,8097.0,8101.0,8857.0,8584.0,109.386,105.962,3.424,41,552.0,245.0,245.0,279.0,256.0,113.878,104.49,9.388,82,19153.0,7852.0,7856.0,8578.0,8328.0,109.246,106.008,3.238,6.15,5.964,2.801,3.026
2018-19,2018,1610612746,LAC,82,19830.0,8475.0,8490.0,9442.0,9372.0,111.41,110.389,1.021,43,694.0,325.0,326.0,381.0,321.0,117.231,98.466,18.765,82,19136.0,8150.0,8164.0,9061.0,9051.0,111.178,110.865,0.313,18.451,17.743,3.5,3.835
2018-19,2018,1610612747,LAL,82,19780.0,8534.0,8542.0,9165.0,9306.0,107.394,108.944,-1.55,43,640.0,306.0,307.0,351.0,330.0,114.706,107.492,7.214,82,19140.0,8228.0,8235.0,8814.0,8976.0,107.122,108.998,-1.876,9.09,8.764,3.236,3.586
2018-19,2018,1610612763,MEM,82,19880.0,8038.0,8056.0,8490.0,8703.0,105.623,108.031,-2.408,47,880.0,380.0,396.0,391.0,435.0,102.895,109.848,-6.954,82,19000.0,7658.0,7660.0,8099.0,8268.0,105.759,107.937,-2.179,-4.775,-4.546,4.427,4.728
2018-19,2018,1610612748,MIA,82,19730.0,8122.0,8111.0,8668.0,8687.0,106.722,107.101,-0.379,44,728.0,329.0,330.0,308.0,323.0,93.617,97.879,-4.262,82,19002.0,7793.0,7781.0,8360.0,8364.0,107.276,107.493,-0.217,-4.045,-3.883,3.69,4.051
2018-19,2018,1610612749,MIL,82,19780.0,8533.0,8539.0,9686.0,8959.0,113.512,104.919,8.594,36,625.0,292.0,286.0,330.0,315.0,113.014,110.14,2.874,82,19155.0,8241.0,8253.0,9356.0,8644.0,113.53,104.738,8.792,-5.918,-5.72,3.16,3.422
2018-19,2018,1610612750,MIN,82,19830.0,8341.0,8330.0,9223.0,9346.0,110.574,112.197,-1.623,44,782.0,340.0,336.0,340.0,381.0,100.0,113.393,-13.393,82,19048.0,8001.0,7994.0,8883.0,8965.0,111.024,112.147,-1.123,-12.27,-11.77,3.944,4.076
2018-19,2018,1610612740,NOP,82,19755.0,8553.0,8550.0,9466.0,9575.0,110.675,111.988,-1.314,45,653.0,318.0,321.0,316.0,353.0,99.371,109.969,-10.598,82,19102.0,8235.0,8229.0,9150.0,9222.0,111.111,112.067,-0.956,-9.642,-9.284,3.305,3.718
2018-19,2018,1610612752,NYK,82,19780.0,8244.0,8265.0,8575.0,9330.0,104.015,112.886,-8.871,34,593.0,269.0,286.0,277.0,317.0,102.974,110.839,-7.865,82,19187.0,7975.0,7979.0,8298.0,9013.0,104.05,112.959,-8.909,1.044,1.005,2.998,3.263
2018-19,2018,1610612760,OKC,82,19855.0,8549.0,8556.0,9387.0,9108.0,109.802,106.452,3.351,46,781.0,378.0,370.0,404.0,387.0,106.878,104.595,2.284,82,19074.0,8171.0,8186.0,8983.0,8721.0,109.938,106.536,3.402,-1.118,-1.067,3.934,4.422
2018-19,2018,1610612753,ORL,82,19780.0,8133.0,8128.0,8800.0,8742.0,108.201,107.554,0.647,47,746.0,346.0,334.0,332.0,329.0,95.954,98.503,-2.549,82,19034.0,7787.0,7794.0,8468.0,8413.0,108.745,107.942,0.803,-3.353,-3.196,3.771,4.254
2018-19,2018,1610612755,PHI,82,19805.0,8467.0,8465.0,9445.0,9224.0,111.551,108.966,2.584,45,758.0,369.0,343.0,404.0,364.0,109.485,106.122,3.363,82,19047.0,8098.0,8122.0,9041.0,8860.0,111.645,109.086,2.558,0.804,0.778,3.827,4.358
2018-19,2018,1610612756,PHX,82,19880.0,8371.0,8387.0,8815.0,9581.0,105.304,114.236,-8.932,33,674.0,310.0,320.0,334.0,374.0,107.742,116.875,-9.133,82,19206.0,8061.0,8067.0,8481.0,9207.0,105.21,114.132,-8.921,-0.212,-0.201,3.39,3.703
2018-19,2018,1610612757,POR,82,19855.0,8269.0,8270.0,9402.0,9058.0,113.702,109.528,4.173,40,639.0,303.0,300.0,355.0,324.0,117.162,108.0,9.162,82,19216.0,7966.0,7970.0,9047.0,8734.0,113.57,109.586,3.984,5.177,4.988,3.218,3.664
2018-19,2018,1610612758,SAC,82,19730.0,8545.0,8534.0,9363.0,9455.0,109.573,110.792,-1.219,49,739.0,344.0,360.0,365.0,386.0,106.105,107.222,-1.118,82,18991.0,8201.0,8174.0,8998.0,9069.0,109.718,110.949,-1.231,0.113,0.102,3.746,4.026
2018-19,2018,1610612759,SAS,82,19805.0,8162.0,8157.0,9156.0,9018.0,112.178,110.555,1.623,40,730.0,323.0,304.0,367.0,342.0,113.622,112.5,1.122,82,19075.0,7839.0,7853.0,8789.0,8676.0,112.119,110.48,1.639,-0.517,-0.501,3.686,3.957
2018-19,2018,1610612761,TOR,82,19880.0,8334.0,8317.0,9384.0,8885.0,112.599,106.829,5.77,37,784.0,346.0,331.0,374.0,332.0,108.092,100.302,7.79,82,19096.0,7988.0,7986.0,9010.0,8553.0,112.794,107.1,5.694,2.096,2.021,3.944,4.152
2018-19,2018,1610612762,UTA,82,19755.0,8308.0,8293.0,9161.0,8730.0,110.267,105.27,4.998,33,496.0,236.0,230.0,266.0,251.0,112.712,109.13,3.581,82,19259.0,8072.0,8063.0,8895.0,8479.0,110.196,105.159,5.036,-1.455,-1.416,2.511,2.841
2018-19,2018,1610612764,WAS,82,19930.0,8486.0,8493.0,9350.0,9588.0,110.181,112.893,-2.711,39,809.0,371.0,390.0,401.0,436.0,108.086,111.795,-3.709,82,19121.0,8115.0,8103.0,8949.0,9152.0,110.277,112.946,-2.669,-1.04,-0.997,4.059,4.372
2019-20,2019,1610612737,ATL,67,16280.0,6999.0,7012.0,7488.0,8022.0,106.987,114.404,-7.417,34,583.0,265.0,283.0,258.0,280.0,97.358,98.94,-1.581,67,15697.0,6734.0,6729.0,7230.0,7742.0,107.366,115.054,-7.689,6.107,5.836,3.581,3.786
2019-20,2019,1610612751,BKN,72,17480.0,7404.0,7410.0,8048.0,8089.0,108.698,109.163,-0.465,40,803.0,366.0,361.0,404.0,387.0,110.383,107.202,3.18,72,16677.0,7038.0,7049.0,7644.0,7702.0,108.61,109.264,-0.653,3.834,3.646,4.594,4.943
2019-20,2019,1610612738,BOS,72,17430.0,7255.0,7259.0,8183.0,7729.0,112.791,106.475,6.316,42,659.0,312.0,303.0,358.0,337.0,114.744,111.221,3.522,72,16771.0,6943.0,6956.0,7825.0,7392.0,112.703,106.268,6.435,-2.913,-2.794,3.781,4.3
2019-20,2019,1610612766,CHA,65,15750.0,6317.0,6315.0,6687.0,7126.0,105.857,112.842,-6.985,34,684.0,295.0,293.0,355.0,324.0,120.339,110.58,9.759,65,15066.0,6022.0,6022.0,6332.0,6802.0,105.148,112.953,-7.805,17.563,16.744,4.343,4.67
2019-20,2019,1610612741,CHI,65,15675.0,6563.0,6559.0,6945.0,7145.0,105.821,108.934,-3.114,38,553.0,230.0,249.0,245.0,317.0,106.522,127.309,-20.787,65,15122.0,6333.0,6310.0,6700.0,6828.0,105.795,108.209,-2.414,-18.373,-17.674,3.528,3.504
2019-20,2019,1610612739,CLE,65,15725.0,6497.0,6499.0,6948.0,7461.0,106.942,114.802,-7.861,29,601.0,258.0,258.0,267.0,284.0,103.488,110.078,-6.589,65,15124.0,6239.0,6241.0,6681.0,7177.0,107.084,114.998,-7.913,1.324,1.271,3.822,3.971
2019-20,2019,1610612742,DAL,75,18175.0,7569.0,7560.0,8776.0,8405.0,115.947,111.177,4.769,41,733.0,344.0,332.0,342.0,357.0,99.419,107.53,-8.112,75,17442.0,7225.0,7228.0,8434.0,8048.0,116.734,111.345,5.389,-13.5,-12.881,4.033,4.545
2019-20,2019,1610612743,DEN,73,17745.0,7217.0,7222.0,8124.0,7970.0,112.568,110.357,2.21,45,789.0,351.0,347.0,416.0,357.0,118.519,102.882,15.637,73,16956.0,6866.0,6875.0,7708.0,7613.0,112.263,110.735,1.529,14.108,13.426,4.446,4.864
2019-20,2019,1610612765,DET,66,15965.0,6507.0,6512.0,7078.0,7313.0,108.775,112.3,-3.525,30,556.0,234.0,245.0,213.0,283.0,91.026,115.51,-24.485,66,15409.0,6273.0,6267.0,6865.0,7030.0,109.437,112.175,-2.738,-21.747,-20.959,3.483,3.596
2019-20,2019,1610612744,GSW,65,15725.0,6623.0,6618.0,6912.0,7478.0,104.364,112.995,-8.631,27,455.0,208.0,217.0,214.0,271.0,102.885,124.885,-22.0,65,15270.0,6415.0,6401.0,6698.0,7207.0,104.412,112.592,-8.18,-13.82,-13.369,2.893,3.141
2019-20,2019,1610612745,HOU,72,17380.0,7539.0,7529.0,8482.0,8269.0,112.508,109.829,2.68,31,498.0,248.0,232.0,287.0,225.0,115.726,96.983,18.743,72,16882.0,7291.0,7297.0,8195.0,8044.0,112.399,110.237,2.162,16.581,16.063,2.865,3.29
2019-20,2019,1610612754,IND,73,17620.0,7299.0,7298.0,7989.0,7846.0,109.453,107.509,1.944,36,692.0,301.0,283.0,322.0,275.0,106.977,97.173,9.804,73,16928.0,6998.0,7015.0,7667.0,7571.0,109.56,107.926,1.634,8.17,7.859,3.927,4.124
2019-20,2019,1610612746,LAC,72,17380.0,7396.0,7400.0,8377.0,7913.0,113.264,106.932,6.331,31,580.0,269.0,266.0,312.0,288.0,115.985,108.271,7.714,72,16800.0,7127.0,7134.0,8065.0,7625.0,113.161,106.883,6.279,1.436,1.383,3.337,3.637
2019-20,2019,1610612747,LAL,71,17090.0,7211.0,7201.0,8054.0,7643.0,111.69,106.138,5.552,30,537.0,243.0,233.0,261.0,237.0,107.407,101.717,5.691,71,16553.0,6968.0,6968.0,7793.0,7406.0,111.84,106.286,5.554,0.137,0.138,3.142,3.37
2019-20,2019,1610612763,MEM,73,17570.0,7562.0,7565.0,8222.0,8300.0,108.728,109.716,-0.988,30,457.0,218.0,217.0,218.0,252.0,100.0,116.129,-16.129,73,17113.0,7344.0,7348.0,8004.0,8048.0,108.987,109.526,-0.539,-15.59,-15.141,2.601,2.883
2019-20,2019,1610612748,MIA,73,17745.0,7306.0,7289.0,8179.0,7964.0,111.949,109.261,2.689,36,691.0,315.0,305.0,309.0,351.0,98.095,115.082,-16.987,73,17054.0,6991.0,6984.0,7870.0,7613.0,112.573,109.006,3.567,-20.554,-19.675,3.894,4.312
2019-20,2019,1610612749,MIL,73,17595.0,7739.0,7732.0,8663.0,7927.0,111.94,102.522,9.418,24,331.0,178.0,161.0,196.0,148.0,110.112,91.925,18.187,73,17264.0,7561.0,7571.0,8467.0,7779.0,111.983,102.747,9.235,8.952,8.769,1.881,2.3
2019-20,2019,1610612750,MIN,64,15560.0,6736.0,6742.0,7248.0,7523.0,107.601,111.584,-3.983,33,516.0,214.0,241.0,226.0,281.0,105.607,116.598,-10.99,64,15044.0,6522.0,6501.0,7022.0,7242.0,107.666,111.398,-3.732,-7.258,-7.007,3.316,3.177
2019-20,2019,1610612740,NOP,72,17430.0,7548.0,7542.0,8341.0,8434.0,110.506,111.827,-1.321,41,650.0,288.0,303.0,269.0,363.0,93.403,119.802,-26.399,72,16780.0,7260.0,7239.0,8072.0,8071.0,111.185,111.493,-0.309,-26.09,-25.078,3.729,3.816
2019-20,2019,1610612752,NYK,66,15965.0,6594.0,6592.0,6983.0,7409.0,105.899,112.394,-6.495,34,627.0,270.0,284.0,287.0,291.0,106.296,102.465,3.832,66,15338.0,6324.0,6308.0,6696.0,7118.0,105.882,112.841,-6.958,10.79,10.326,3.927,4.095
2019-20,2019,1610612760,OKC,72,17430.0,7218.0,7223.0,7950.0,7807.0,110.141,108.085,2.056,45,878.0,398.0,395.0,481.0,373.0,120.854,94.43,26.424,72,16552.0,6820.0,6828.0,7469.0,7434.0,109.516,108.875,0.641,25.783,24.368,5.037,5.514
2019-20,2019,1610612753,ORL,73,17570.0,7255.0,7239.0,7831.0,7905.0,107.939,109.2,-1.261,34,561.0,254.0,258.0,243.0,270.0,95.669,104.651,-8.982,73,17009.0,7001.0,6981.0,7588.0,7635.0,108.385,109.368,-0.984,-7.998,-7.721,3.193,3.501
2019-20,2019,1610612755,PHI,73,17595.0,7304.0,7298.0,8084.0,7910.0,110.679,108.386,2.293,43,603.0,280.0,279.0,305.0,289.0,108.929,103.584,5.344,73,16992.0,7024.0,7019.0,7779.0,7621.0,110.749,108.577,2.172,3.172,3.051,3.427,3.834
2019-20,2019,1610612756,PHX,73,17595.0,7449.0,7469.0,8294.0,8278.0,111.344,110.831,0.512,37,601.0,301.0,297.0,332.0,329.0,110.299,110.774,-0.475,73,16994.0,7148.0,7172.0,7962.0,7949.0,111.388,110.834,0.554,-1.029,-0.988,3.416,4.041
2019-20,2019,1610612757,POR,74,17835.0,7519.0,7518.0,8508.0,8593.0,113.153,114.299,-1.146,36,614.0,285.0,286.0,334.0,318.0,117.193,111.189,6.004,74,17221.0,7234.0,7232.0,8174.0,8275.0,112.994,114.422,-1.428,7.432,7.15,3.443,3.79
2019-20,2019,1610612758,SAC,72,17455.0,7239.0,7249.0,7927.0,8074.0,109.504,111.381,-1.877,39,645.0,290.0,293.0,322.0,333.0,111.034,113.652,-2.617,72,16810.0,6949.0,6956.0,7605.0,7741.0,109.44,111.285,-1.845,-0.772,-0.741,3.695,4.006
2019-20,2019,1610612759,SAS,71,17215.0,7249.0,7261.0,8098.0,8177.0,111.712,112.615,-0.903,45,791.0,364.0,368.0,383.0,412.0,105.22,111.957,-6.737,71,16424.0,6885.0,6893.0,7715.0,7765.0,112.055,112.651,-0.595,-6.141,-5.833,4.595,5.021
2019-20,2019,1610612761,TOR,72,17380.0,7328.0,7327.0,8118.0,7669.0,110.781,104.668,6.113,37,598.0,281.0,272.0,332.0,265.0,118.149,97.426,20.723,72,16782.0,7047.0,7055.0,7786.0,7404.0,110.487,104.947,5.54,15.183,14.61,3.441,3.835
2019-20,2019,1610612762,UTA,72,17355.0,7169.0,7170.0,8013.0,7835.0,111.773,109.275,2.498,41,660.0,321.0,303.0,362.0,304.0,112.773,100.33,12.443,72,16695.0,6848.0,6867.0,7651.0,7531.0,111.726,109.669,2.057,10.386,9.944,3.803,4.478
2019-20,2019,1610612764,WAS,72,17355.0,7475.0,7476.0,8238.0,8574.0,110.207,114.687,-4.48,35,474.0,207.0,224.0,216.0,268.0,104.348,119.643,-15.295,72,16881.0,7268.0,7252.0,8022.0,8306.0,110.374,114.534,-4.16,-11.135,-10.815,2.731,2.769
2020-21,2020,1610612737,ATL,72,17405.0,7160.0,7153.0,8186.0,8019.0,114.33,112.107,2.223,36,585.0,262.0,268.0,298.0,303.0,113.74,113.06,0.681,72,16820.0,6898.0,6885.0,7888.0,7716.0,114.352,112.07,2.282,-1.602,-1.542,3.361,3.659
2020-21,2020,1610612751,BKN,72,17405.0,7280.0,7264.0,8537.0,8213.0,117.266,113.064,4.202,39,662.0,317.0,311.0,359.0,322.0,113.249,103.537,9.712,72,16743.0,6963.0,6953.0,8178.0,7891.0,117.449,113.491,3.959,5.753,5.51,3.804,4.354
2020-21,2020,1610612738,BOS,72,17380.0,7172.0,7158.0,8109.0,8004.0,113.065,111.819,1.246,43,689.0,326.0,339.0,331.0,381.0,101.534,112.389,-10.856,72,16691.0,6846.0,6819.0,7778.0,7623.0,113.614,111.791,1.823,-12.679,-12.101,3.964,4.545
2020-21,2020,1610612766,CHA,72,17355.0,7159.0,7159.0,7881.0,8020.0,110.085,112.027,-1.942,31,477.0,221.0,207.0,270.0,212.0,122.172,102.415,19.756,72,16878.0,6938.0,6952.0,7611.0,7808.0,109.7,112.313,-2.613,22.369,21.698,2.748,3.087
2020-21,2020,1610612741,CHI,72,17380.0,7220.0,7203.0,7969.0,8033.0,110.374,111.523,-1.149,35,565.0,281.0,277.0,301.0,319.0,107.117,115.162,-8.045,72,16815.0,6939.0,6926.0,7668.0,7714.0,110.506,111.377,-0.872,-7.173,-6.896,3.251,3.892
2020-21,2020,1610612739,CLE,72,17430.0,7107.0,7122.0,7476.0,8084.0,105.192,113.507,-8.315,26,489.0,216.0,219.0,214.0,233.0,99.074,106.393,-7.319,72,16941.0,6891.0,6903.0,7262.0,7851.0,105.384,113.733,-8.349,1.031,0.997,2.806,3.039
2020-21,2020,1610612742,DAL,72,17305.0,7062.0,7062.0,8096.0,7933.0,114.642,112.334,2.308,33,472.0,208.0,209.0,242.0,255.0,116.346,122.01,-5.663,72,16833.0,6854.0,6853.0,7854.0,7678.0,114.59,112.039,2.551,-8.215,-7.972,2.728,2.945
2020-21,2020,1610612743,DEN,72,17480.0,7123.0,7114.0,8284.0,7929.0,116.299,111.456,4.843,31,658.0,298.0,290.0,341.0,316.0,114.43,108.966,5.464,72,16822.0,6825.0,6824.0,7943.0,7613.0,116.381,111.562,4.819,0.645,0.621,3.764,4.184
2020-21,2020,1610612765,DET,72,17430.0,7132.0,7130.0,7676.0,7998.0,107.628,112.174,-4.546,32,565.0,260.0,263.0,263.0,320.0,101.154,121.673,-20.519,72,16865.0,6872.0,6867.0,7413.0,7678.0,107.873,111.81,-3.938,-16.582,-15.973,3.242,3.646
2020-21,2020,1610612744,GSW,72,17305.0,7412.0,7414.0,8187.0,8111.0,110.456,109.401,1.055,32,521.0,238.0,243.0,268.0,290.0,112.605,119.342,-6.737,72,16784.0,7174.0,7171.0,7919.0,7821.0,110.385,109.064,1.32,-8.057,-7.791,3.011,3.211
2020-21,2020,1610612745,HOU,72,17305.0,7320.0,7345.0,7833.0,8402.0,107.008,114.391,-7.383,24,370.0,169.0,186.0,164.0,210.0,97.041,112.903,-15.862,72,16935.0,7151.0,7159.0,7669.0,8192.0,107.244,114.429,-7.186,-8.676,-8.479,2.138,2.309
2020-21,2020,1610612754,IND,72,17455.0,7419.0,7425.0,8302.0,8305.0,111.902,111.852,0.05,40,764.0,348.0,349.0,352.0,359.0,101.149,102.865,-1.716,72,16691.0,7071.0,7076.0,7950.0,7946.0,112.431,112.295,0.136,-1.852,-1.766,4.377,4.691
2020-21,2020,1610612746,LAC,72,17280.0,7036.0,7022.0,8209.0,7764.0,116.671,110.567,6.105,34,400.0,185.0,194.0,204.0,228.0,110.27,117.526,-7.256,72,16880.0,6851.0,6828.0,8005.0,7536.0,116.844,110.369,6.475,-13.731,-13.36,2.315,2.629
2020-21,2020,1610612747,LAL,72,17455.0,7184.0,7194.0,7887.0,7686.0,109.786,106.839,2.947,35,627.0,275.0,264.0,304.0,263.0,110.545,99.621,10.924,72,16828.0,6909.0,6930.0,7583.0,7423.0,109.755,107.114,2.641,8.283,7.978,3.592,3.828
2020-21,2020,1610612763,MEM,72,17405.0,7302.0,7314.0,8157.0,8083.0,111.709,110.514,1.195,37,652.0,304.0,302.0,309.0,335.0,101.645,110.927,-9.282,72,16753.0,6998.0,7012.0,7848.0,7748.0,112.146,110.496,1.65,-10.932,-10.477,3.746,4.163
2020-21,2020,1610612748,MIA,72,17380.0,7036.0,7026.0,7781.0,7779.0,110.588,110.717,-0.129,34,543.0,246.0,239.0,234.0,244.0,95.122,102.092,-6.97,72,16837.0,6790.0,6787.0,7547.0,7535.0,111.149,111.021,0.128,-7.098,-6.841,3.124,3.496
2020-21,2020,1610612749,MIL,72,17330.0,7423.0,7430.0,8649.0,8225.0,116.516,110.7,5.816,28,470.0,213.0,217.0,228.0,229.0,107.042,105.53,1.512,72,16860.0,7210.0,7213.0,8421.0,7996.0,116.796,110.855,5.941,-4.428,-4.304,2.712,2.869
2020-21,2020,1610612750,MIN,72,17405.0,7389.0,7399.0,8073.0,8473.0,109.257,114.515,-5.258,39,635.0,298.0,314.0,314.0,368.0,105.369,117.197,-11.828,72,16770.0,7091.0,7085.0,7759.0,8105.0,109.42,114.397,-4.976,-6.852,-6.57,3.648,4.033
2020-21,2020,1610612740,NOP,72,17430.0,7303.0,7301.0,8251.0,8272.0,112.981,113.3,-0.319,39,738.0,344.0,341.0,375.0,346.0,109.012,101.466,7.545,72,16692.0,6959.0,6960.0,7876.0,7926.0,113.177,113.879,-0.702,8.247,7.864,4.234,4.71
2020-21,2020,1610612752,NYK,72,17430.0,6994.0,6997.0,7706.0,7540.0,110.18,107.76,2.42,36,750.0,332.0,330.0,353.0,313.0,106.325,94.848,11.477,72,16680.0,6662.0,6667.0,7353.0,7227.0,110.372,108.4,1.973,9.504,9.057,4.303,4.747
2020-21,2020,1610612760,OKC,72,17355.0,7353.0,7342.0,7560.0,8326.0,102.815,113.402,-10.587,29,484.0,220.0,222.0,226.0,226.0,102.727,101.802,0.925,72,16871.0,7133.0,7120.0,7334.0,8100.0,102.818,113.764,-10.946,11.872,11.513,2.789,2.992
2020-21,2020,1610612753,ORL,72,17330.0,7158.0,7164.0,7488.0,8158.0,104.61,113.875,-9.265,29,433.0,201.0,210.0,214.0,222.0,106.468,105.714,0.753,72,16897.0,6957.0,6954.0,7274.0,7936.0,104.557,114.121,-9.565,10.318,10.018,2.499,2.808
2020-21,2020,1610612755,PHI,72,17430.0,7272.0,7270.0,8182.0,7780.0,112.514,107.015,5.499,34,624.0,280.0,274.0,315.0,267.0,112.5,97.445,15.055,72,16806.0,6992.0,6996.0,7867.0,7513.0,112.514,107.39,5.124,9.93,9.556,3.58,3.85
2020-21,2020,1610612756,PHX,72,17480.0,7137.0,7139.0,8300.0,7881.0,116.295,110.394,5.902,37,718.0,330.0,315.0,364.0,340.0,110.303,107.937,2.367,72,16762.0,6807.0,6824.0,7936.0,7541.0,116.586,110.507,6.079,-3.712,-3.535,4.108,4.624
2020-21,2020,1610612757,POR,72,17305.0,7137.0,7136.0,8360.0,8231.0,117.136,115.345,1.791,37,638.0,307.0,286.0,392.0,282.0,127.687,98.601,29.086,72,16667.0,6830.0,6850.0,7968.0,7949.0,116.662,116.044,0.618,28.468,27.295,3.687,4.302
2020-21,2020,1610612758,SAC,72,17305.0,7266.0,7257.0,8189.0,8454.0,112.703,116.494,-3.791,42,684.0,329.0,323.0,355.0,371.0,107.903,114.861,-6.958,72,16621.0,6937.0,6934.0,7834.0,8083.0,112.931,116.571,-3.64,-3.318,-3.167,3.953,4.528
2020-21,2020,1610612759,SAS,72,17480.0,7236.0,7250.0,7998.0,8123.0,110.531,112.041,-1.511,37,767.0,340.0,347.0,357.0,378.0,105.0,108.934,-3.934,72,16713.0,6896.0,6903.0,7641.0,7745.0,110.803,112.198,-1.394,-2.539,-2.423,4.388,4.699
2020-21,2020,1610612761,TOR,72,17305.0,7177.0,7182.0,8011.0,8045.0,111.62,112.016,-0.396,38,534.0,250.0,263.0,252.0,298.0,100.8,113.308,-12.508,72,16771.0,6927.0,6919.0,7759.0,7747.0,112.011,111.967,0.044,-12.552,-12.112,3.086,3.483
2020-21,2020,1610612762,UTA,72,17355.0,7193.0,7179.0,8382.0,7716.0,116.53,107.48,9.05,30,408.0,192.0,179.0,227.0,197.0,118.229,110.056,8.173,72,16947.0,7001.0,7000.0,8155.0,7519.0,116.483,107.414,9.069,-0.896,-0.877,2.351,2.669
2020-21,2020,1610612764,WAS,72,17405.0,7585.0,7596.0,8398.0,8530.0,110.719,112.296,-1.577,39,792.0,381.0,390.0,421.0,420.0,110.499,107.692,2.806,72,16613.0,7204.0,7206.0,7977.0,8110.0,110.73,112.545,-1.815,4.621,4.384,4.55,5.023
2021-22,2021,1610612737,ATL,82,19705.0,8099.0,8103.0,9343.0,9215.0,115.36,113.723,1.637,38,598.0,257.0,258.0,284.0,308.0,110.506,119.38,-8.874,82,19107.0,7842.0,7845.0,9059.0,8907.0,115.519,113.537,1.982,-10.856,-10.511,3.035,3.173
2021-22,2021,1610612751,BKN,82,19755.0,8177.0,8187.0,9258.0,9194.0,113.22,112.3,0.92,40,745.0,326.0,328.0,367.0,338.0,112.577,103.049,9.528,82,19010.0,7851.0,7859.0,8891.0,8856.0,113.247,112.686,0.561,8.967,8.608,3.771,3.987
2021-22,2021,1610612738,BOS,82,19905.0,8068.0,8065.0,9164.0,8567.0,113.585,106.224,7.36,35,750.0,340.0,338.0,329.0,359.0,96.765,106.213,-9.448,82,19155.0,7728.0,7727.0,8835.0,8208.0,114.325,106.225,8.1,-17.548,-16.808,3.768,4.214
2021-22,2021,1610612766,CHA,82,19880.0,8322.0,8330.0,9457.0,9421.0,113.639,113.097,0.541,37,748.0,333.0,328.0,365.0,366.0,109.61,111.585,-1.976,82,19132.0,7989.0,8002.0,9092.0,9055.0,113.806,113.159,0.647,-2.623,-2.517,3.763,4.001
2021-22,2021,1610612741,CHI,82,19730.0,8124.0,8114.0,9152.0,9184.0,112.654,113.187,-0.533,41,624.0,295.0,286.0,357.0,300.0,121.017,104.895,16.122,82,19106.0,7829.0,7828.0,8795.0,8884.0,112.339,113.49,-1.151,17.273,16.655,3.163,3.631
2021-22,2021,1610612739,CLE,82,19730.0,7964.0,7956.0,8839.0,8665.0,110.987,108.912,2.075,44,716.0,319.0,316.0,351.0,330.0,110.031,104.43,5.601,82,19014.0,7645.0,7640.0,8488.0,8335.0,111.027,109.097,1.93,3.671,3.526,3.629,4.006
2021-22,2021,1610612742,DAL,82,19755.0,7871.0,7874.0,8858.0,8587.0,112.54,109.055,3.485,38,589.0,241.0,230.0,264.0,269.0,109.544,116.957,-7.413,82,19166.0,7630.0,7644.0,8594.0,8318.0,112.634,108.817,3.817,-11.23,-10.898,2.982,3.062
2021-22,2021,1610612743,DEN,82,19805.0,8123.0,8119.0,9243.0,9054.0,113.788,111.516,2.272,40,726.0,317.0,316.0,339.0,326.0,106.94,103.165,3.776,82,19079.0,7806.0,7803.0,8904.0,8728.0,114.066,111.854,2.212,1.564,1.504,3.666,3.902
2021-22,2021,1610612765,DET,82,19780.0,8141.0,8146.0,8596.0,9229.0,105.589,113.295,-7.706,44,658.0,273.0,302.0,257.0,333.0,94.139,110.265,-16.126,82,19122.0,7868.0,7844.0,8339.0,8896.0,105.986,113.412,-7.425,-8.7,-8.42,3.327,3.353
2021-22,2021,1610612744,GSW,82,19730.0,8121.0,8113.0,9102.0,8648.0,112.08,106.594,5.485,41,672.0,292.0,299.0,297.0,296.0,101.712,98.997,2.716,82,19058.0,7829.0,7814.0,8805.0,8352.0,112.466,106.885,5.581,-2.866,-2.77,3.406,3.596
2021-22,2021,1610612745,HOU,82,19755.0,8323.0,8330.0,8997.0,9692.0,108.098,116.351,-8.252,30,541.0,240.0,253.0,241.0,279.0,100.417,110.277,-9.86,82,19214.0,8083.0,8077.0,8756.0,9413.0,108.326,116.541,-8.215,-1.645,-1.608,2.739,2.884
2021-22,2021,1610612754,IND,82,19880.0,8166.0,8161.0,9140.0,9425.0,111.928,115.488,-3.561,45,823.0,363.0,388.0,334.0,446.0,92.011,114.948,-22.937,82,19057.0,7803.0,7773.0,8806.0,8979.0,112.854,115.515,-2.661,-20.276,-19.377,4.14,4.445
2021-22,2021,1610612746,LAC,82,19780.0,8121.0,8117.0,8890.0,8888.0,109.469,109.499,-0.029,42,695.0,311.0,301.0,385.0,344.0,123.794,114.286,9.508,82,19085.0,7810.0,7816.0,8505.0,8544.0,108.899,109.314,-0.415,9.924,9.538,3.514,3.83
2021-22,2021,1610612747,LAL,82,19980.0,8360.0,8369.0,9192.0,9442.0,109.952,112.821,-2.869,46,945.0,418.0,425.0,434.0,455.0,103.828,107.059,-3.231,82,19035.0,7942.0,7944.0,8758.0,8987.0,110.274,113.129,-2.855,-0.376,-0.362,4.73,5.0
2021-22,2021,1610612763,MEM,82,19780.0,8295.0,8274.0,9480.0,9014.0,114.286,108.944,5.342,32,581.0,267.0,245.0,298.0,254.0,111.61,103.673,7.937,82,19199.0,8028.0,8029.0,9182.0,8760.0,114.375,109.104,5.27,2.667,2.595,2.937,3.219
2021-22,2021,1610612748,MIA,82,19855.0,7987.0,7985.0,9022.0,8657.0,112.959,108.416,4.543,38,607.0,270.0,251.0,271.0,249.0,100.37,99.203,1.167,82,19248.0,7717.0,7734.0,8751.0,8408.0,113.399,108.715,4.684,-3.517,-3.376,3.057,3.38
2021-22,2021,1610612749,MIL,82,19755.0,8284.0,8276.0,9470.0,9195.0,114.317,111.104,3.212,40,562.0,249.0,251.0,294.0,258.0,118.072,102.789,15.283,82,19193.0,8035.0,8025.0,9176.0,8937.0,114.2,111.364,2.836,12.448,12.071,2.845,3.006
2021-22,2021,1610612750,MIN,82,19780.0,8357.0,8368.0,9507.0,9291.0,113.761,111.03,2.731,38,572.0,254.0,250.0,272.0,265.0,107.087,106.0,1.087,82,19208.0,8103.0,8118.0,9235.0,9026.0,113.97,111.185,2.785,-1.698,-1.644,2.892,3.039
2021-22,2021,1610612740,NOP,82,19755.0,8060.0,8077.0,8962.0,9043.0,111.191,111.96,-0.769,31,526.0,232.0,231.0,268.0,278.0,115.517,120.346,-4.829,82,19229.0,7828.0,7846.0,8694.0,8765.0,111.063,111.713,-0.65,-4.179,-4.06,2.663,2.878
2021-22,2021,1610612752,NYK,82,19780.0,7958.0,7935.0,8731.0,8741.0,109.713,110.158,-0.444,42,699.0,292.0,299.0,272.0,348.0,93.151,116.388,-23.237,82,19081.0,7666.0,7636.0,8459.0,8393.0,110.344,109.914,0.431,-23.668,-22.793,3.534,3.669
2021-22,2021,1610612760,OKC,82,19805.0,8198.0,8206.0,8506.0,9170.0,103.757,111.748,-7.99,37,672.0,315.0,322.0,331.0,350.0,105.079,108.696,-3.616,82,19133.0,7883.0,7884.0,8175.0,8820.0,103.704,111.872,-8.168,4.552,4.374,3.393,3.842
2021-22,2021,1610612753,ORL,82,19780.0,8223.0,8213.0,8547.0,9203.0,103.94,112.054,-8.114,33,573.0,255.0,258.0,252.0,261.0,98.824,101.163,-2.339,82,19207.0,7968.0,7955.0,8295.0,8942.0,104.104,112.407,-8.303,5.964,5.775,2.897,3.101
2021-22,2021,1610612755,PHI,82,19805.0,7975.0,7986.0,9015.0,8801.0,113.041,110.205,2.835,45,806.0,355.0,359.0,376.0,372.0,105.915,103.621,2.294,82,18999.0,7620.0,7627.0,8639.0,8429.0,113.373,110.515,2.857,-0.563,-0.541,4.07,4.451
2021-22,2021,1610612756,PHX,82,19730.0,8242.0,8242.0,9416.0,8801.0,114.244,106.782,7.462,40,580.0,279.0,266.0,367.0,261.0,131.541,98.12,33.421,82,19150.0,7963.0,7976.0,9049.0,8540.0,113.638,107.071,6.567,26.854,25.959,2.94,3.385
2021-22,2021,1610612757,POR,82,19730.0,8120.0,8114.0,8711.0,9439.0,107.278,116.33,-9.051,32,465.0,229.0,225.0,245.0,238.0,106.987,105.778,1.209,82,19265.0,7891.0,7889.0,8466.0,9201.0,107.287,116.631,-9.344,10.553,10.261,2.357,2.82
2021-22,2021,1610612758,SAC,82,19805.0,8252.0,8268.0,9045.0,9493.0,109.61,114.816,-5.206,40,705.0,312.0,316.0,345.0,345.0,110.577,109.177,1.4,82,19100.0,7940.0,7952.0,8700.0,9148.0,109.572,115.04,-5.468,6.868,6.606,3.56,3.781
2021-22,2021,1610612759,SAS,82,19805.0,8290.0,8299.0,9279.0,9269.0,111.93,111.688,0.242,39,669.0,289.0,316.0,270.0,328.0,93.426,103.797,-10.372,82,19136.0,8001.0,7983.0,9009.0,8941.0,112.598,112.001,0.598,-10.97,-10.614,3.378,3.486
2021-22,2021,1610612761,TOR,82,19855.0,8000.0,7989.0,8970.0,8782.0,112.125,109.926,2.199,44,816.0,353.0,350.0,397.0,357.0,112.465,102.0,10.465,82,19039.0,7647.0,7639.0,8573.0,8425.0,112.109,110.289,1.82,8.645,8.266,4.11,4.412
2021-22,2021,1610612762,UTA,82,19730.0,8014.0,8016.0,9316.0,8821.0,116.247,110.042,6.204,40,650.0,292.0,281.0,307.0,319.0,105.137,113.523,-8.386,82,19080.0,7722.0,7735.0,9009.0,8502.0,116.667,109.916,6.751,-15.137,-14.59,3.294,3.644
2021-22,2021,1610612764,WAS,82,19830.0,8079.0,8082.0,8907.0,9184.0,110.249,113.635,-3.386,40,739.0,340.0,320.0,379.0,316.0,111.471,98.75,12.721,82,19091.0,7739.0,7762.0,8528.0,8868.0,110.195,114.249,-4.054,16.774,16.107,3.727,4.208
2022-23,2022,1610612737,ATL,82,19855.0,8407.0,8397.0,9711.0,9687.0,115.511,115.363,0.148,43,824.0,378.0,377.0,386.0,447.0,102.116,118.568,-16.451,82,19031.0,8029.0,8020.0,9325.0,9240.0,116.141,115.212,0.93,-17.381,-16.599,4.15,4.496
2022-23,2022,1610612751,BKN,82,19730.0,8111.0,8128.0,9295.0,9225.0,114.597,113.497,1.101,40,615.0,277.0,283.0,321.0,312.0,115.884,110.247,5.637,82,19115.0,7834.0,7845.0,8974.0,8913.0,114.552,113.614,0.938,4.699,4.536,3.117,3.415
2022-23,2022,1610612738,BOS,82,19980.0,8247.0,8262.0,9671.0,9136.0,117.267,110.579,6.688,36,767.0,340.0,321.0,365.0,331.0,107.353,103.115,4.238,82,19213.0,7907.0,7941.0,9306.0,8805.0,117.693,110.88,6.813,-2.575,-2.451,3.839,4.123
2022-23,2022,1610612766,CHA,82,19830.0,8390.0,8378.0,9098.0,9610.0,108.439,114.705,-6.267,43,739.0,336.0,333.0,365.0,381.0,108.631,114.414,-5.783,82,19091.0,8054.0,8045.0,8733.0,9229.0,108.431,114.717,-6.287,0.503,0.483,3.727,4.005
2022-23,2022,1610612741,CHI,82,19905.0,8225.0,8227.0,9276.0,9170.0,112.778,111.462,1.316,38,820.0,364.0,367.0,386.0,386.0,106.044,105.177,0.867,82,19085.0,7861.0,7860.0,8890.0,8784.0,113.09,111.756,1.334,-0.467,-0.449,4.12,4.426
2022-23,2022,1610612739,CLE,82,19880.0,7972.0,7977.0,9205.0,8764.0,115.467,109.866,5.601,45,774.0,336.0,335.0,329.0,331.0,97.917,98.806,-0.889,82,19106.0,7636.0,7642.0,8876.0,8433.0,116.239,110.351,5.888,-6.777,-6.49,3.893,4.215
2022-23,2022,1610612742,DAL,82,19930.0,8082.0,8063.0,9366.0,9360.0,115.887,116.086,-0.199,55,1040.0,435.0,436.0,457.0,463.0,105.057,106.193,-1.135,82,18890.0,7647.0,7627.0,8909.0,8897.0,116.503,116.651,-0.148,-0.987,-0.937,5.218,5.382
2022-23,2022,1610612743,DEN,82,19755.0,8129.0,8126.0,9495.0,9222.0,116.804,113.488,3.316,37,642.0,295.0,285.0,322.0,275.0,109.153,96.491,12.661,82,19113.0,7834.0,7841.0,9173.0,8947.0,117.092,114.105,2.987,9.674,9.345,3.25,3.629
2022-23,2022,1610612765,DET,82,19805.0,8231.0,8253.0,9045.0,9719.0,109.889,117.763,-7.874,37,660.0,275.0,286.0,288.0,351.0,104.727,122.727,-18.0,82,19145.0,7956.0,7967.0,8757.0,9368.0,110.068,117.585,-7.517,-10.483,-10.126,3.332,3.341
2022-23,2022,1610612744,GSW,82,19830.0,8472.0,8472.0,9753.0,9605.0,115.12,113.373,1.747,41,783.0,348.0,360.0,362.0,355.0,104.023,98.611,5.412,82,19047.0,8124.0,8112.0,9391.0,9250.0,115.596,114.029,1.567,3.845,3.665,3.949,4.108
2022-23,2022,1610612745,HOU,82,19755.0,8220.0,8199.0,9081.0,9725.0,110.474,118.612,-8.138,40,606.0,278.0,287.0,254.0,290.0,91.367,101.045,-9.678,82,19149.0,7942.0,7912.0,8827.0,9435.0,111.143,119.249,-8.106,-1.572,-1.541,3.068,3.382
2022-23,2022,1610612754,IND,82,19755.0,8377.0,8362.0,9535.0,9796.0,113.824,117.149,-3.325,48,756.0,340.0,346.0,374.0,383.0,110.0,110.694,-0.694,82,18999.0,8037.0,8016.0,9161.0,9413.0,113.985,117.428,-3.442,2.749,2.632,3.827,4.059
2022-23,2022,1610612746,LAC,82,19830.0,8168.0,8165.0,9314.0,9273.0,114.03,113.57,0.46,42,640.0,293.0,286.0,329.0,314.0,112.287,109.79,2.496,82,19190.0,7875.0,7879.0,8985.0,8959.0,114.095,113.707,0.388,2.109,2.036,3.227,3.587
2022-23,2022,1610612747,LAL,82,19880.0,8436.0,8448.0,9608.0,9561.0,113.893,113.175,0.718,44,777.0,347.0,339.0,402.0,378.0,115.85,111.504,4.346,82,19103.0,8089.0,8109.0,9206.0,9183.0,113.809,113.245,0.564,3.781,3.628,3.908,4.113
2022-23,2022,1610612763,MEM,82,19780.0,8360.0,8370.0,9587.0,9264.0,114.677,110.681,3.996,35,493.0,241.0,231.0,277.0,263.0,114.938,113.853,1.085,82,19287.0,8119.0,8139.0,9310.0,9001.0,114.669,110.591,4.078,-2.993,-2.911,2.492,2.883
2022-23,2022,1610612748,MIA,82,19805.0,7991.0,7978.0,8977.0,9003.0,112.339,112.848,-0.509,54,971.0,439.0,438.0,493.0,418.0,112.301,95.434,16.867,82,18834.0,7552.0,7540.0,8484.0,8585.0,112.341,113.859,-1.518,18.385,17.376,4.903,5.494
2022-23,2022,1610612749,MIL,82,19830.0,8389.0,8376.0,9589.0,9291.0,114.304,110.924,3.38,35,589.0,267.0,252.0,293.0,259.0,109.738,102.778,6.96,82,19241.0,8122.0,8124.0,9296.0,9032.0,114.455,111.177,3.278,3.682,3.58,2.97,3.183
2022-23,2022,1610612750,MIN,82,19830.0,8383.0,8398.0,9494.0,9497.0,113.253,113.086,0.167,48,857.0,377.0,372.0,378.0,374.0,100.265,100.538,-0.272,82,18973.0,8006.0,8026.0,9116.0,9123.0,113.865,113.668,0.197,-0.469,-0.439,4.322,4.497
2022-23,2022,1610612740,NOP,82,19855.0,8239.0,8237.0,9378.0,9223.0,113.824,111.97,1.854,37,686.0,305.0,302.0,345.0,314.0,113.115,103.974,9.141,82,19169.0,7934.0,7935.0,9033.0,8909.0,113.852,112.275,1.577,7.564,7.287,3.455,3.702
2022-23,2022,1610612752,NYK,82,19955.0,8134.0,8121.0,9514.0,9274.0,116.966,114.198,2.768,45,906.0,394.0,411.0,430.0,489.0,109.137,118.978,-9.841,82,19049.0,7740.0,7710.0,9084.0,8785.0,117.364,113.943,3.421,-13.262,-12.609,4.54,4.844
2022-23,2022,1610612760,OKC,82,19855.0,8435.0,8431.0,9633.0,9544.0,114.203,113.201,1.001,43,764.0,345.0,350.0,335.0,372.0,97.101,106.286,-9.184,82,19091.0,8090.0,8081.0,9298.0,9172.0,114.932,113.501,1.431,-10.615,-10.186,3.848,4.09
2022-23,2022,1610612753,ORL,82,19780.0,8205.0,8222.0,9136.0,9346.0,111.347,113.671,-2.324,44,677.0,314.0,317.0,343.0,383.0,109.236,120.82,-11.585,82,19103.0,7891.0,7905.0,8793.0,8963.0,111.431,113.384,-1.953,-9.631,-9.261,3.423,3.827
2022-23,2022,1610612755,PHI,82,19880.0,8072.0,8070.0,9448.0,9094.0,117.047,112.689,4.358,45,795.0,354.0,342.0,390.0,319.0,110.169,93.275,16.895,82,19085.0,7718.0,7728.0,9058.0,8775.0,117.362,113.548,3.814,13.081,12.537,3.999,4.386
2022-23,2022,1610612756,PHX,82,19780.0,8141.0,8150.0,9319.0,9149.0,114.47,112.258,2.212,36,664.0,288.0,293.0,315.0,330.0,109.375,112.628,-3.253,82,19116.0,7853.0,7857.0,9004.0,8819.0,114.657,112.244,2.413,-5.666,-5.465,3.357,3.538
2022-23,2022,1610612757,POR,82,19730.0,8157.0,8161.0,9299.0,9628.0,114.0,117.976,-3.975,36,670.0,297.0,302.0,318.0,344.0,107.071,113.907,-6.837,82,19060.0,7860.0,7859.0,8981.0,9284.0,114.262,118.132,-3.87,-2.967,-2.861,3.396,3.641
2022-23,2022,1610612758,SAC,82,19830.0,8343.0,8345.0,9898.0,9681.0,118.638,116.01,2.629,44,844.0,380.0,380.0,491.0,444.0,129.211,116.842,12.368,82,18986.0,7963.0,7965.0,9407.0,9237.0,118.134,115.97,2.164,10.204,9.74,4.256,4.555
2022-23,2022,1610612759,SAS,82,19855.0,8451.0,8438.0,9269.0,10092.0,109.679,119.602,-9.922,28,516.0,227.0,234.0,223.0,263.0,98.238,112.393,-14.155,82,19339.0,8224.0,8204.0,9046.0,9829.0,109.995,119.807,-9.812,-4.343,-4.233,2.599,2.686
2022-23,2022,1610612761,TOR,82,19805.0,8076.0,8073.0,9254.0,9133.0,114.586,113.13,1.456,44,736.0,319.0,322.0,339.0,345.0,106.27,107.143,-0.873,82,19069.0,7757.0,7751.0,8915.0,8788.0,114.928,113.379,1.55,-2.423,-2.33,3.716,3.95
2022-23,2022,1610612762,UTA,82,19805.0,8329.0,8343.0,9600.0,9677.0,115.26,115.989,-0.73,52,901.0,412.0,409.0,483.0,448.0,117.233,109.535,7.698,82,18904.0,7917.0,7934.0,9117.0,9229.0,115.157,116.322,-1.165,8.862,8.427,4.549,4.947
2022-23,2022,1610612764,WAS,82,19755.0,8161.0,8163.0,9279.0,9378.0,113.699,114.884,-1.185,41,682.0,287.0,292.0,291.0,322.0,101.394,110.274,-8.88,82,19073.0,7874.0,7871.0,8988.0,9056.0,114.148,115.055,-0.907,-7.973,-7.695,3.452,3.517
2023-24,2023,1610612737,ATL,82,19855.0,8339.0,8346.0,9703.0,9882.0,116.357,118.404,-2.047,47,812.0,357.0,363.0,371.0,431.0,103.922,118.733,-14.811,82,19043.0,7982.0,7983.0,9332.0,9451.0,116.913,118.389,-1.476,-13.335,-12.764,4.09,4.281
2023-24,2023,1610612751,BKN,82,19805.0,8050.0,8051.0,9050.0,9287.0,112.422,115.352,-2.93,35,743.0,335.0,332.0,360.0,379.0,107.463,114.157,-6.694,82,19062.0,7715.0,7719.0,8690.0,8908.0,112.638,115.404,-2.766,-3.928,-3.764,3.752,4.161
2023-24,2023,1610612738,BOS,82,19830.0,8090.0,8102.0,9887.0,8957.0,122.213,110.553,11.66,33,572.0,256.0,233.0,299.0,242.0,116.797,103.863,12.934,82,19258.0,7834.0,7869.0,9588.0,8715.0,122.39,110.751,11.639,1.296,1.275,2.885,3.164
2023-24,2023,1610612766,CHA,82,19730.0,8047.0,8034.0,8740.0,9580.0,108.612,119.243,-10.631,35,562.0,242.0,265.0,271.0,301.0,111.983,113.585,-1.601,82,19168.0,7805.0,7769.0,8469.0,9279.0,108.507,119.436,-10.929,9.327,9.03,2.848,3.007
2023-24,2023,1610612741,CHI,82,19980.0,8078.0,8062.0,9206.0,9324.0,113.964,115.654,-1.69,44,955.0,430.0,420.0,514.0,401.0,119.535,95.476,24.059,82,19025.0,7648.0,7642.0,8692.0,8923.0,113.651,116.763,-3.112,27.171,25.749,4.78,5.323
2023-24,2023,1610612739,CLE,82,19805.0,8053.0,8059.0,9236.0,9038.0,114.69,112.148,2.542,42,717.0,297.0,297.0,316.0,330.0,106.397,111.111,-4.714,82,19088.0,7756.0,7762.0,8920.0,8708.0,115.008,112.188,2.82,-7.534,-7.256,3.62,3.688
2023-24,2023,1610612742,DAL,82,19705.0,8263.0,8256.0,9664.0,9483.0,116.955,114.862,2.093,31,471.0,227.0,204.0,291.0,217.0,128.194,106.373,21.821,82,19234.0,8036.0,8052.0,9373.0,9266.0,116.638,115.077,1.561,20.261,19.728,2.39,2.747
2023-24,2023,1610612743,DEN,82,19705.0,7996.0,8003.0,9418.0,8987.0,117.784,112.295,5.489,39,602.0,289.0,271.0,350.0,259.0,121.107,95.572,25.535,82,19103.0,7707.0,7732.0,9068.0,8728.0,117.659,112.882,4.778,20.758,20.047,3.055,3.614
2023-24,2023,1610612765,DET,82,19755.0,8269.0,8268.0,9010.0,9757.0,108.961,118.009,-9.048,34,527.0,223.0,231.0,209.0,296.0,93.722,128.139,-34.417,82,19228.0,8046.0,8037.0,8801.0,9461.0,109.384,117.718,-8.335,-26.082,-25.369,2.668,2.697
2023-24,2023,1610612744,GSW,82,19830.0,8261.0,8249.0,9657.0,9443.0,116.899,114.474,2.424,48,716.0,334.0,333.0,388.0,386.0,116.168,115.916,0.252,82,19114.0,7927.0,7916.0,9269.0,9057.0,116.929,114.414,2.516,-2.264,-2.172,3.611,4.043
2023-24,2023,1610612745,HOU,82,19855.0,8248.0,8230.0,9375.0,9283.0,113.664,112.795,0.869,39,662.0,296.0,305.0,321.0,371.0,108.446,121.639,-13.193,82,19193.0,7952.0,7925.0,9054.0,8912.0,113.858,112.454,1.404,-14.597,-14.063,3.334,3.589
2023-24,2023,1610612754,IND,82,19705.0,8389.0,8386.0,10110.0,9860.0,120.515,117.577,2.938,36,585.0,265.0,276.0,311.0,318.0,117.358,115.217,2.141,82,19120.0,8124.0,8110.0,9799.0,9542.0,120.618,117.657,2.961,-0.82,-0.797,2.969,3.159
2023-24,2023,1610612746,LAC,82,19705.0,8040.0,8041.0,9481.0,9212.0,117.923,114.563,3.36,40,564.0,248.0,244.0,309.0,263.0,124.597,107.787,16.81,82,19141.0,7792.0,7797.0,9172.0,8949.0,117.71,114.775,2.936,13.874,13.45,2.862,3.085
2023-24,2023,1610612747,LAL,82,19855.0,8387.0,8387.0,9679.0,9630.0,115.405,114.821,0.584,33,652.0,290.0,295.0,341.0,320.0,117.586,108.475,9.112,82,19203.0,8097.0,8092.0,9338.0,9310.0,115.327,115.052,0.275,8.837,8.527,3.284,3.458
2023-24,2023,1610612763,MEM,82,19780.0,8128.0,8137.0,8677.0,9251.0,106.754,113.691,-6.936,35,592.0,258.0,256.0,254.0,271.0,98.45,105.859,-7.41,82,19188.0,7870.0,7881.0,8423.0,8980.0,107.027,113.945,-6.918,-0.492,-0.474,2.993,3.174
2023-24,2023,1610612748,MIA,82,19755.0,7975.0,7974.0,9032.0,8888.0,113.254,111.462,1.792,42,688.0,291.0,293.0,289.0,330.0,99.313,112.628,-13.315,82,19067.0,7684.0,7681.0,8743.0,8558.0,113.782,111.418,2.364,-15.679,-15.107,3.483,3.649
2023-24,2023,1610612749,MIL,82,19805.0,8295.0,8294.0,9756.0,9541.0,117.613,115.035,2.578,40,667.0,318.0,316.0,383.0,337.0,120.44,106.646,13.795,82,19138.0,7977.0,7978.0,9373.0,9204.0,117.5,115.367,2.133,11.662,11.217,3.368,3.834
2023-24,2023,1610612750,MIN,82,19805.0,8081.0,8059.0,9264.0,8735.0,114.639,108.388,6.251,36,666.0,283.0,276.0,297.0,322.0,104.947,116.667,-11.72,82,19139.0,7798.0,7783.0,8967.0,8413.0,114.991,108.095,6.896,-18.616,-17.971,3.363,3.502
2023-24,2023,1610612740,NOP,82,19705.0,8101.0,8107.0,9436.0,9074.0,116.479,111.928,4.551,29,422.0,193.0,187.0,191.0,210.0,98.964,112.299,-13.336,82,19283.0,7908.0,7920.0,9245.0,8864.0,116.907,111.919,4.988,-18.323,-17.887,2.142,2.382
2023-24,2023,1610612752,NYK,82,19730.0,7883.0,7895.0,9249.0,8873.0,117.328,112.388,4.941,33,508.0,236.0,227.0,270.0,228.0,114.407,100.441,13.966,82,19222.0,7647.0,7668.0,8979.0,8645.0,117.419,112.741,4.677,9.289,9.025,2.575,2.994
2023-24,2023,1610612760,OKC,82,19805.0,8324.0,8320.0,9847.0,9239.0,118.296,111.046,7.251,38,593.0,274.0,264.0,344.0,301.0,125.547,114.015,11.532,82,19212.0,8050.0,8056.0,9503.0,8938.0,118.05,110.948,7.101,4.431,4.281,2.994,3.292
2023-24,2023,1610612753,ORL,82,19780.0,8022.0,8028.0,9058.0,8892.0,112.914,110.762,2.152,35,598.0,259.0,253.0,270.0,255.0,104.247,100.791,3.457,82,19182.0,7763.0,7775.0,8788.0,8637.0,113.204,111.087,2.117,1.34,1.304,3.023,3.229
2023-24,2023,1610612755,PHI,82,19780.0,8090.0,8092.0,9397.0,9147.0,116.156,113.038,3.118,36,601.0,274.0,287.0,316.0,325.0,115.328,113.24,2.088,82,19179.0,7816.0,7805.0,9081.0,8822.0,116.185,113.03,3.155,-1.067,-1.03,3.038,3.387
2023-24,2023,1610612756,PHX,82,19780.0,8158.0,8161.0,9532.0,9281.0,116.842,113.724,3.119,40,672.0,299.0,289.0,305.0,304.0,102.007,105.19,-3.184,82,19108.0,7859.0,7872.0,9227.0,8977.0,117.407,114.037,3.37,-6.553,-6.302,3.397,3.665
2023-24,2023,1610612757,POR,82,19880.0,8103.0,8112.0,8722.0,9462.0,107.639,116.642,-9.003,37,689.0,310.0,309.0,325.0,317.0,104.839,102.589,2.25,82,19191.0,7793.0,7803.0,8397.0,9145.0,107.751,117.199,-9.448,11.698,11.253,3.466,3.826
2023-24,2023,1610612758,SAC,82,19855.0,8226.0,8230.0,9558.0,9415.0,116.193,114.399,1.794,39,767.0,357.0,343.0,377.0,357.0,105.602,104.082,1.521,82,19088.0,7869.0,7887.0,9181.0,9058.0,116.673,114.847,1.826,-0.305,-0.273,3.863,4.34
2023-24,2023,1610612759,SAS,82,19830.0,8413.0,8410.0,9192.0,9724.0,109.259,115.624,-6.365,41,719.0,314.0,338.0,317.0,384.0,100.955,113.609,-12.654,82,19111.0,8099.0,8072.0,8875.0,9340.0,109.581,115.709,-6.127,-6.527,-6.289,3.626,3.732
2023-24,2023,1610612761,TOR,82,19805.0,8241.0,8248.0,9213.0,9741.0,111.795,118.101,-6.307,41,686.0,310.0,317.0,338.0,366.0,109.032,115.457,-6.425,82,19119.0,7931.0,7931.0,8875.0,9375.0,111.903,118.207,-6.304,-0.121,-0.118,3.464,3.762
2023-24,2023,1610612762,UTA,82,19805.0,8281.0,8266.0,9484.0,9885.0,114.527,119.586,-5.059,33,589.0,254.0,258.0,295.0,269.0,116.142,104.264,11.878,82,19216.0,8027.0,8008.0,9189.0,9616.0,114.476,120.08,-5.604,17.482,16.937,2.974,3.067
2023-24,2023,1610612764,WAS,82,19730.0,8461.0,8485.0,9327.0,10089.0,110.235,118.904,-8.669,37,519.0,228.0,265.0,194.0,326.0,85.088,123.019,-37.931,82,19211.0,8233.0,8220.0,9133.0,9763.0,110.932,118.771,-7.84,-30.091,-29.262,2.631,2.695
2024-25,2024,1610612737,ATL,82,19780.0,8521.0,8524.0,9691.0,9784.0,113.731,114.782,-1.051,41,727.0,334.0,335.0,391.0,366.0,117.066,109.254,7.812,82,19053.0,8187.0,8189.0,9300.0,9418.0,113.595,115.008,-1.413,9.225,8.863,3.675,3.92
2024-25,2024,1610612751,BKN,82,19780.0,7970.0,7974.0,8619.0,9202.0,108.143,115.4,-7.257,38,656.0,291.0,296.0,292.0,346.0,100.344,116.892,-16.548,82,19124.0,7679.0,7678.0,8327.0,8856.0,108.439,115.343,-6.904,-9.644,-9.291,3.316,3.651
2024-25,2024,1610612738,BOS,82,19830.0,7979.0,7983.0,9534.0,8787.0,119.489,110.071,9.417,35,617.0,285.0,267.0,343.0,293.0,120.351,109.738,10.613,82,19213.0,7694.0,7716.0,9191.0,8494.0,119.457,110.083,9.374,1.239,1.196,3.111,3.572
2024-25,2024,1610612766,CHA,82,19755.0,8079.0,8091.0,8618.0,9365.0,106.672,115.746,-9.074,38,691.0,315.0,332.0,332.0,370.0,105.397,111.446,-6.049,82,19064.0,7764.0,7759.0,8286.0,8995.0,106.723,115.93,-9.207,3.158,3.025,3.498,3.899
2024-25,2024,1610612741,CHI,82,19755.0,8532.0,8524.0,9660.0,9788.0,113.221,114.829,-1.608,34,533.0,240.0,250.0,277.0,251.0,115.417,100.4,15.017,82,19222.0,8292.0,8274.0,9383.0,9537.0,113.157,115.265,-2.107,17.124,16.625,2.698,2.813
2024-25,2024,1610612739,CLE,82,19755.0,8267.0,8247.0,9999.0,9217.0,120.951,111.762,9.189,38,618.0,281.0,268.0,348.0,281.0,123.843,104.851,18.993,82,19137.0,7986.0,7979.0,9651.0,8936.0,120.849,111.994,8.855,10.138,9.804,3.128,3.399
2024-25,2024,1610612742,DAL,82,19730.0,8238.0,8229.0,9364.0,9462.0,113.668,114.984,-1.315,40,644.0,308.0,290.0,348.0,324.0,112.987,111.724,1.263,82,19086.0,7930.0,7939.0,9016.0,9138.0,113.695,115.103,-1.408,2.671,2.578,3.264,3.739
2024-25,2024,1610612743,DEN,82,19855.0,8328.0,8328.0,9902.0,9583.0,118.9,115.07,3.83,37,656.0,302.0,299.0,383.0,323.0,126.821,108.027,18.794,82,19199.0,8026.0,8029.0,9519.0,9260.0,118.602,115.332,3.27,15.524,14.964,3.304,3.626
2024-25,2024,1610612765,DET,82,19805.0,8268.0,8281.0,9471.0,9315.0,114.55,112.486,2.064,44,688.0,312.0,328.0,335.0,384.0,107.372,117.073,-9.701,82,19117.0,7956.0,7953.0,9136.0,8931.0,114.832,112.297,2.534,-12.236,-11.765,3.474,3.774
2024-25,2024,1610612744,GSW,82,19730.0,8173.0,8165.0,9331.0,9060.0,114.169,110.961,3.207,45,657.0,309.0,290.0,343.0,320.0,111.003,110.345,0.658,82,19073.0,7864.0,7875.0,8988.0,8740.0,114.293,110.984,3.309,-2.65,-2.549,3.33,3.781
2024-25,2024,1610612745,HOU,82,19780.0,8159.0,8165.0,9372.0,9002.0,114.867,110.251,4.616,43,712.0,322.0,310.0,345.0,332.0,107.143,107.097,0.046,82,19068.0,7837.0,7855.0,9027.0,8670.0,115.184,110.376,4.809,-4.763,-4.57,3.6,3.947
2024-25,2024,1610612754,IND,82,19855.0,8341.0,8331.0,9624.0,9441.0,115.382,113.324,2.058,37,767.0,344.0,348.0,407.0,350.0,118.314,100.575,17.739,82,19088.0,7997.0,7983.0,9217.0,9091.0,115.256,113.879,1.376,16.363,15.681,3.863,4.124
2024-25,2024,1610612746,LAC,82,19805.0,8099.0,8115.0,9256.0,8874.0,114.286,109.353,4.933,37,630.0,273.0,281.0,289.0,298.0,105.861,106.05,-0.189,82,19175.0,7826.0,7834.0,8967.0,8576.0,114.58,109.472,5.108,-5.297,-5.122,3.181,3.371
2024-25,2024,1610612747,LAL,82,19730.0,8084.0,8084.0,9298.0,9198.0,115.017,113.78,1.237,39,530.0,253.0,235.0,290.0,260.0,114.625,110.638,3.986,82,19200.0,7831.0,7849.0,9008.0,8938.0,115.03,113.874,1.156,2.831,2.749,2.686,3.13
2024-25,2024,1610612763,MEM,82,19705.0,8513.0,8513.0,9980.0,9582.0,117.232,112.557,4.675,37,610.0,271.0,274.0,296.0,274.0,109.225,100.0,9.225,82,19095.0,8242.0,8239.0,9684.0,9308.0,117.496,112.975,4.521,4.704,4.55,3.096,3.183
2024-25,2024,1610612748,MIA,82,19930.0,8066.0,8057.0,9069.0,9023.0,112.435,111.99,0.445,42,880.0,378.0,385.0,354.0,420.0,93.651,109.091,-15.44,82,19050.0,7688.0,7672.0,8715.0,8603.0,113.358,112.135,1.223,-16.664,-15.885,4.415,4.686
2024-25,2024,1610612749,MIL,82,19755.0,8228.0,8221.0,9472.0,9269.0,115.119,112.748,2.371,41,732.0,333.0,328.0,341.0,306.0,102.402,93.293,9.11,82,19023.0,7895.0,7893.0,9131.0,8963.0,115.655,113.556,2.099,7.011,6.738,3.705,4.047
2024-25,2024,1610612750,MIN,82,19830.0,8097.0,8089.0,9372.0,8962.0,115.747,110.792,4.954,46,796.0,353.0,362.0,372.0,416.0,105.382,114.917,-9.535,82,19034.0,7744.0,7727.0,9000.0,8546.0,116.219,110.599,5.62,-15.155,-14.489,4.014,4.36
2024-25,2024,1610612740,NOP,82,19755.0,8212.0,8213.0,9006.0,9779.0,109.669,119.067,-9.399,34,582.0,265.0,270.0,277.0,279.0,104.528,103.333,1.195,82,19173.0,7947.0,7943.0,8729.0,9500.0,109.84,119.602,-9.762,10.957,10.594,2.946,3.227
2024-25,2024,1610612752,NYK,82,19880.0,8093.0,8083.0,9494.0,9158.0,117.311,113.3,4.012,30,727.0,313.0,308.0,348.0,334.0,111.182,108.442,2.741,82,19153.0,7780.0,7775.0,9146.0,8824.0,117.558,113.492,4.066,-1.325,-1.271,3.657,3.868
2024-25,2024,1610612760,OKC,82,19705.0,8286.0,8283.0,9881.0,8826.0,119.249,106.556,12.694,23,291.0,132.0,126.0,156.0,135.0,118.182,107.143,11.039,82,19414.0,8154.0,8157.0,9725.0,8691.0,119.267,106.547,12.72,-1.681,-1.655,1.477,1.593
2024-25,2024,1610612753,ORL,82,19730.0,7935.0,7933.0,8645.0,8655.0,108.948,109.101,-0.154,35,558.0,247.0,243.0,258.0,237.0,104.453,97.531,6.923,82,19172.0,7688.0,7690.0,8387.0,8418.0,109.092,109.467,-0.375,7.297,7.076,2.828,3.113
2024-25,2024,1610612755,PHI,82,19805.0,8098.0,8097.0,8988.0,9499.0,110.99,117.315,-6.325,36,617.0,286.0,288.0,298.0,337.0,104.196,117.014,-12.818,82,19188.0,7812.0,7809.0,8690.0,9162.0,111.239,117.326,-6.087,-6.731,-6.493,3.115,3.532
2024-25,2024,1610612756,PHX,82,19830.0,8121.0,8125.0,9317.0,9563.0,114.727,117.698,-2.971,40,634.0,271.0,284.0,313.0,345.0,115.498,121.479,-5.981,82,19196.0,7850.0,7841.0,9004.0,9218.0,114.701,117.562,-2.861,-3.12,-3.01,3.197,3.337
2024-25,2024,1610612757,POR,82,19780.0,8192.0,8210.0,9093.0,9337.0,110.999,113.727,-2.729,32,568.0,257.0,251.0,292.0,306.0,113.619,121.912,-8.294,82,19212.0,7935.0,7959.0,8801.0,9031.0,110.914,113.469,-2.555,-5.738,-5.565,2.872,3.137
2024-25,2024,1610612758,SAC,82,19880.0,8189.0,8197.0,9490.0,9451.0,115.887,115.298,0.589,42,816.0,371.0,376.0,426.0,407.0,114.825,108.245,6.58,82,19064.0,7818.0,7821.0,9064.0,9044.0,115.938,115.637,0.3,6.28,5.991,4.105,4.53
2024-25,2024,1610612759,SAS,82,19730.0,8231.0,8224.0,9342.0,9568.0,113.498,116.342,-2.845,37,637.0,288.0,283.0,298.0,304.0,103.472,107.42,-3.948,82,19093.0,7943.0,7941.0,9044.0,9264.0,113.861,116.66,-2.799,-1.149,-1.104,3.229,3.499
2024-25,2024,1610612761,TOR,82,19805.0,8297.0,8310.0,9091.0,9443.0,109.57,113.634,-4.064,31,577.0,258.0,261.0,257.0,307.0,99.612,117.625,-18.012,82,19228.0,8039.0,8049.0,8834.0,9136.0,109.889,113.505,-3.615,-14.397,-13.948,2.913,3.11
2024-25,2024,1610612762,UTA,82,19805.0,8322.0,8323.0,9175.0,9941.0,110.25,119.44,-9.19,33,609.0,263.0,281.0,280.0,357.0,106.464,127.046,-20.582,82,19196.0,8059.0,8042.0,8895.0,9584.0,110.373,119.174,-8.801,-11.782,-11.392,3.075,3.16
2024-25,2024,1610612764,WAS,82,19730.0,8371.0,8370.0,8856.0,9876.0,105.794,117.993,-12.199,29,376.0,177.0,183.0,182.0,209.0,102.825,114.208,-11.383,82,19354.0,8194.0,8187.0,8674.0,9667.0,105.858,118.077,-12.219,0.837,0.816,1.906,2.114
2025-26,2025,1610612737,ATL,64,15396.0,6603.0,6600.0,7534.0,7506.0,114.1,113.727,0.372,30,523.0,231.0,236.0,268.0,266.0,116.017,112.712,3.305,64,14873.0,6372.0,6364.0,7266.0,7240.0,114.03,113.765,0.265,3.04,2.933,3.397,3.498
2025-26,2025,1610612751,BKN,63,15195.0,6145.0,6155.0,6732.0,7281.0,109.552,118.294,-8.742,26,382.0,160.0,162.0,159.0,214.0,99.375,132.099,-32.724,63,14813.0,5985.0,5993.0,6573.0,7067.0,109.825,117.921,-8.096,-24.627,-23.982,2.514,2.604
2025-26,2025,1610612738,BOS,63,15170.0,6020.0,6036.0,7216.0,6742.0,119.867,111.696,8.171,26,399.0,183.0,181.0,207.0,211.0,113.115,116.575,-3.46,63,14771.0,5837.0,5855.0,7009.0,6531.0,120.079,111.546,8.533,-11.993,-11.63,2.63,3.04
2025-26,2025,1610612766,CHA,64,15435.0,6310.0,6314.0,7434.0,7202.0,117.813,114.064,3.749,26,459.0,187.0,194.0,202.0,224.0,108.021,115.464,-7.443,64,14976.0,6123.0,6120.0,7232.0,6978.0,118.112,114.02,4.092,-11.535,-11.192,2.974,2.964
2025-26,2025,1610612741,CHI,63,15170.0,6484.0,6469.0,7277.0,7543.0,112.23,116.602,-4.372,34,622.0,286.0,281.0,310.0,329.0,108.392,117.082,-8.69,63,14548.0,6198.0,6188.0,6967.0,7214.0,112.407,116.58,-4.173,-4.517,-4.318,4.1,4.411
2025-26,2025,1610612739,CLE,63,15195.0,6395.0,6401.0,7505.0,7238.0,117.357,113.076,4.281,33,493.0,230.0,230.0,264.0,246.0,114.783,106.957,7.826,63,14702.0,6165.0,6171.0,7241.0,6992.0,117.453,113.304,4.149,3.677,3.545,3.244,3.597
2025-26,2025,1610612742,DAL,63,15227.0,6498.0,6501.0,7138.0,7412.0,109.849,114.013,-4.164,38,690.0,304.0,305.0,315.0,346.0,103.618,113.443,-9.824,63,14537.0,6194.0,6196.0,6823.0,7066.0,110.155,114.041,-3.886,-5.938,-5.66,4.531,4.678
2025-26,2025,1610612743,DEN,64,15535.0,6407.0,6409.0,7691.0,7453.0,120.041,116.29,3.751,32,707.0,304.0,309.0,363.0,397.0,119.408,128.479,-9.071,64,14828.0,6103.0,6100.0,7328.0,7056.0,120.072,115.672,4.4,-13.471,-12.822,4.551,4.745
2025-26,2025,1610612765,DET,62,14955.0,6238.0,6254.0,7241.0,6795.0,116.079,108.65,7.428,35,588.0,282.0,256.0,328.0,264.0,116.312,103.125,13.187,62,14367.0,5956.0,5998.0,6913.0,6531.0,116.068,108.886,7.182,6.006,5.759,3.932,4.521
2025-26,2025,1610612744,GSW,63,15195.0,6352.0,6355.0,7248.0,7176.0,114.106,112.919,1.187,27,437.0,192.0,197.0,227.0,243.0,118.229,123.35,-5.121,63,14758.0,6160.0,6158.0,7021.0,6933.0,113.977,112.585,1.392,-6.513,-6.308,2.876,3.023
2025-26,2025,1610612745,HOU,62,15080.0,6078.0,6074.0,7100.0,6776.0,116.815,111.557,5.257,35,752.0,319.0,316.0,365.0,372.0,114.42,117.722,-3.301,62,14328.0,5759.0,5758.0,6735.0,6404.0,116.947,111.219,5.728,-9.03,-8.559,4.987,5.248
2025-26,2025,1610612754,IND,63,15195.0,6457.0,6455.0,7019.0,7551.0,108.704,116.979,-8.275,29,495.0,210.0,227.0,205.0,243.0,97.619,107.048,-9.429,63,14700.0,6247.0,6228.0,6814.0,7308.0,109.076,117.341,-8.265,-1.165,-1.154,3.258,3.252
2025-26,2025,1610612746,LAC,63,15194.0,6134.0,6134.0,7093.0,7071.0,115.634,115.276,0.359,25,491.0,217.0,219.0,251.0,255.0,115.668,116.438,-0.77,63,14703.0,5917.0,5915.0,6842.0,6816.0,115.633,115.232,0.4,-1.171,-1.129,3.232,3.538
2025-26,2025,1610612747,LAL,63,15120.0,6272.0,6258.0,7306.0,7265.0,116.486,116.091,0.395,23,286.0,131.0,121.0,178.0,132.0,135.878,109.091,26.787,63,14834.0,6141.0,6137.0,7128.0,7133.0,116.072,116.229,-0.157,26.944,26.392,1.892,2.089
2025-26,2025,1610612763,MEM,62,14930.0,6318.0,6311.0,7171.0,7305.0,113.501,115.75,-2.249,35,578.0,246.0,258.0,247.0,306.0,100.407,118.605,-18.198,62,14352.0,6072.0,6053.0,6924.0,6999.0,114.032,115.629,-1.597,-16.601,-15.949,3.871,3.894
2025-26,2025,1610612748,MIA,64,15370.0,6705.0,6695.0,7688.0,7464.0,114.661,111.486,3.175,27,414.0,191.0,191.0,210.0,217.0,109.948,113.613,-3.665,64,14956.0,6514.0,6504.0,7478.0,7247.0,114.799,111.424,3.375,-7.04,-6.839,2.694,2.849
2025-26,2025,1610612749,MIL,62,14955.0,6127.0,6137.0,6906.0,7163.0,112.714,116.718,-4.004,31,545.0,233.0,233.0,279.0,260.0,119.742,111.588,8.155,62,14410.0,5894.0,5904.0,6627.0,6903.0,112.436,116.921,-4.484,12.639,12.159,3.644,3.803
2025-26,2025,1610612750,MIN,64,15435.0,6540.0,6526.0,7591.0,7325.0,116.07,112.243,3.827,28,487.0,238.0,231.0,279.0,262.0,117.227,113.42,3.807,64,14948.0,6302.0,6295.0,7312.0,7063.0,116.027,112.2,3.826,-0.02,-0.02,3.155,3.639
2025-26,2025,1610612740,NOP,65,15724.0,6633.0,6635.0,7485.0,7813.0,112.845,117.754,-4.909,34,603.0,247.0,274.0,261.0,339.0,105.668,123.723,-18.055,65,15121.0,6386.0,6361.0,7224.0,7474.0,113.122,117.497,-4.375,-13.68,-13.145,3.835,3.724
2025-26,2025,1610612752,NYK,64,15435.0,6338.0,6337.0,7503.0,7080.0,118.381,111.725,6.656,26,429.0,191.0,196.0,231.0,197.0,120.942,100.51,20.432,64,15006.0,6147.0,6141.0,7272.0,6883.0,118.302,112.083,6.219,14.213,13.776,2.779,3.014
2025-26,2025,1610612760,OKC,65,15732.0,6596.0,6597.0,7711.0,6993.0,116.904,106.003,10.901,29,573.0,257.0,250.0,317.0,252.0,123.346,100.8,22.546,65,15159.0,6339.0,6347.0,7394.0,6741.0,116.643,106.208,10.435,12.111,11.645,3.642,3.896
2025-26,2025,1610612753,ORL,62,15005.0,6263.0,6258.0,7120.0,7067.0,113.684,112.927,0.756,31,682.0,293.0,297.0,321.0,319.0,109.556,107.407,2.149,62,14323.0,5970.0,5961.0,6799.0,6748.0,113.886,113.202,0.684,1.465,1.393,4.545,4.678
2025-26,2025,1610612755,PHI,63,15319.0,6384.0,6384.0,7296.0,7313.0,114.286,114.552,-0.266,35,735.0,303.0,304.0,365.0,303.0,120.462,99.671,20.791,63,14584.0,6081.0,6080.0,6931.0,7010.0,113.978,115.296,-1.318,22.109,21.057,4.798,4.746
2025-26,2025,1610612756,PHX,63,15195.0,6230.0,6226.0,7062.0,7005.0,113.355,112.512,0.843,30,523.0,238.0,233.0,270.0,266.0,113.445,114.163,-0.718,63,14672.0,5992.0,5993.0,6792.0,6739.0,113.351,112.448,0.903,-1.621,-1.56,3.442,3.82
2025-26,2025,1610612757,POR,64,15410.0,6553.0,6544.0,7366.0,7558.0,112.407,115.495,-3.089,35,554.0,266.0,275.0,310.0,330.0,116.541,120.0,-3.459,64,14856.0,6287.0,6269.0,7056.0,7228.0,112.232,115.297,-3.066,-0.393,-0.37,3.595,4.059
2025-26,2025,1610612758,SAC,64,15435.0,6447.0,6459.0,7064.0,7763.0,109.57,120.189,-10.619,25,432.0,199.0,202.0,206.0,234.0,103.518,115.842,-12.324,64,15003.0,6248.0,6257.0,6858.0,7529.0,109.763,120.329,-10.566,-1.758,-1.705,2.799,3.087
2025-26,2025,1610612759,SAS,63,15145.0,6360.0,6373.0,7446.0,7016.0,117.075,110.089,6.986,30,512.0,233.0,215.0,299.0,249.0,128.326,115.814,12.512,63,14633.0,6127.0,6158.0,7147.0,6767.0,116.648,109.89,6.758,5.754,5.526,3.381,3.664
2025-26,2025,1610612761,TOR,62,14979.0,6192.0,6193.0,7040.0,6946.0,113.695,112.159,1.536,31,497.0,207.0,196.0,216.0,204.0,104.348,104.082,0.266,62,14482.0,5985.0,5997.0,6824.0,6742.0,114.018,112.423,1.596,-1.329,-1.27,3.318,3.343
2025-26,2025,1610612762,UTA,64,15510.0,6638.0,6640.0,7513.0,8003.0,113.182,120.527,-7.345,27,494.0,236.0,229.0,268.0,243.0,113.559,106.114,7.446,64,15016.0,6402.0,6411.0,7245.0,7760.0,113.168,121.042,-7.874,15.32,14.791,3.185,3.555
2025-26,2025,1610612764,WAS,62,14929.0,6353.0,6340.0,6957.0,7628.0,109.507,120.315,-10.808,21,358.0,156.0,152.0,176.0,174.0,112.821,114.474,-1.653,62,14571.0,6197.0,6188.0,6781.0,7454.0,109.424,120.459,-11.035,9.382,9.155,2.398,2.456
