season,season_start_year,franchise_id,team,clutch_games_total,all_games_first,all_minutes_first,all_possessions_first,all_opp_possessions_first,all_pts_first,all_opp_pts_first,all_off_rating_first,all_def_rating_first,all_net_rating_first,clutch_games_first,clutch_minutes_first,clutch_possessions_first,clutch_opp_possessions_first,clutch_pts_first,clutch_opp_pts_first,clutch_off_rating_first,clutch_def_rating_first,clutch_net_rating_first,non_clutch_games_first,non_clutch_minutes_first,non_clutch_possessions_first,non_clutch_opp_possessions_first,non_clutch_pts_first,non_clutch_opp_pts_first,non_clutch_off_rating_first,non_clutch_def_rating_first,non_clutch_net_rating_first,clutch_minus_non_clutch_net_first,clutch_minus_all_net_first,all_games_second,all_minutes_second,all_possessions_second,all_opp_possessions_second,all_pts_second,all_opp_pts_second,all_off_rating_second,all_def_rating_second,all_net_rating_second,clutch_games_second,clutch_minutes_second,clutch_possessions_second,clutch_opp_possessions_second,clutch_pts_second,clutch_opp_pts_second,clutch_off_rating_second,clutch_def_rating_second,clutch_net_rating_second,non_clutch_games_second,non_clutch_minutes_second,non_clutch_possessions_second,non_clutch_opp_possessions_second,non_clutch_pts_second,non_clutch_opp_pts_second,non_clutch_off_rating_second,non_clutch_def_rating_second,non_clutch_net_rating_second,clutch_minus_non_clutch_net_second,clutch_minus_all_net_second,eligible_default
2000-01,2000,1610612737,ATL,46,23,5520.0,2110.0,2109.0,1999.0,2054.0,94.739,97.392,-2.653,23,297.0,122.0,124.0,111.0,114.0,90.984,91.935,-0.952,23,5223.0,1988.0,1985.0,1888.0,1940.0,94.97,97.733,-2.763,1.811,1.701,23,5570.0,2206.0,2207.0,2271.0,2310.0,102.947,104.667,-1.72,23,437.0,186.0,188.0,157.0,212.0,84.409,112.766,-28.357,23,5133.0,2020.0,2019.0,2114.0,2098.0,104.653,103.913,0.741,-29.098,-26.637,True
2000-01,2000,1610612738,BOS,49,24,5835.0,2298.0,2301.0,2294.0,2320.0,99.826,100.826,-1.0,24,441.0,190.0,194.0,204.0,194.0,107.368,100.0,7.368,24,5394.0,2108.0,2107.0,2090.0,2126.0,99.146,100.902,-1.756,9.124,8.368,25,6075.0,2346.0,2351.0,2397.0,2418.0,102.174,102.85,-0.676,25,487.0,220.0,228.0,186.0,215.0,84.545,94.298,-9.753,25,5588.0,2126.0,2123.0,2211.0,2203.0,103.998,103.768,0.23,-9.983,-9.077,True
2000-01,2000,1610612766,CHH,44,22,5455.0,2029.0,2021.0,1972.0,1969.0,97.191,97.427,-0.236,22,505.0,206.0,206.0,191.0,183.0,92.718,88.835,3.883,22,4950.0,1823.0,1815.0,1781.0,1786.0,97.696,98.402,-0.706,4.59,4.12,22,5305.0,2063.0,2062.0,2054.0,2067.0,99.564,100.242,-0.679,22,365.0,151.0,158.0,136.0,168.0,90.066,106.329,-16.263,22,4940.0,1912.0,1904.0,1918.0,1899.0,100.314,99.737,0.576,-16.839,-15.584,True
2000-01,2000,1610612741,CHI,47,23,5595.0,2097.0,2098.0,2071.0,2175.0,98.76,103.67,-4.91,23,385.0,156.0,169.0,140.0,195.0,89.744,115.385,-25.641,23,5210.0,1941.0,1929.0,1931.0,1980.0,99.485,102.644,-3.159,-22.482,-20.731,24,5860.0,2203.0,2197.0,2229.0,2273.0,101.18,103.459,-2.279,24,441.0,185.0,195.0,179.0,196.0,96.757,100.513,-3.756,24,5419.0,2018.0,2002.0,2050.0,2077.0,101.586,103.746,-2.161,-1.596,-1.477,True
2000-01,2000,1610612739,CLE,43,21,5115.0,1969.0,1977.0,1997.0,1958.0,101.422,99.039,2.383,21,395.0,172.0,178.0,165.0,135.0,95.93,75.843,20.088,21,4720.0,1797.0,1799.0,1832.0,1823.0,101.948,101.334,0.614,19.474,17.704,22,5355.0,2048.0,2062.0,2054.0,2113.0,100.293,102.473,-2.18,22,398.0,172.0,171.0,149.0,168.0,86.628,98.246,-11.618,22,4957.0,1876.0,1891.0,1905.0,1945.0,101.546,102.856,-1.31,-10.308,-9.437,True
2000-01,2000,1610612742,DAL,35,17,4080.0,1600.0,1595.0,1680.0,1691.0,105.0,106.019,-1.019,17,246.0,115.0,116.0,121.0,131.0,105.217,112.931,-7.714,17,3834.0,1485.0,1479.0,1559.0,1560.0,104.983,105.477,-0.494,-7.22,-6.695,18,4445.0,1730.0,1733.0,1811.0,1790.0,104.682,103.289,1.393,18,340.0,156.0,157.0,159.0,153.0,101.923,97.452,4.471,18,4105.0,1574.0,1576.0,1652.0,1637.0,104.956,103.871,1.085,3.386,3.078,True
2000-01,2000,1610612743,DEN,49,24,5835.0,2321.0,2319.0,2426.0,2365.0,104.524,101.984,2.54,24,437.0,188.0,190.0,181.0,170.0,96.277,89.474,6.803,24,5398.0,2133.0,2129.0,2245.0,2195.0,105.251,103.1,2.151,4.652,4.263,25,6025.0,2325.0,2319.0,2402.0,2443.0,103.312,105.347,-2.035,25,430.0,179.0,190.0,188.0,193.0,105.028,101.579,3.449,25,5595.0,2146.0,2129.0,2214.0,2250.0,103.169,105.683,-2.515,5.964,5.484,True
2000-01,2000,1610612765,DET,43,21,5065.0,2029.0,2033.0,2048.0,2067.0,100.936,101.672,-0.736,21,275.0,116.0,117.0,106.0,118.0,91.379,100.855,-9.475,21,4790.0,1913.0,1916.0,1942.0,1949.0,101.516,101.722,-0.206,-9.269,-8.739,22,5430.0,2143.0,2141.0,2087.0,2135.0,97.387,99.72,-2.333,22,467.0,200.0,208.0,184.0,212.0,92.0,101.923,-9.923,22,4963.0,1943.0,1933.0,1903.0,1923.0,97.941,99.483,-1.541,-8.382,-7.59,True
2000-01,2000,1610612744,GSW,37,18,4395.0,1759.0,1760.0,1748.0,1789.0,99.375,101.648,-2.273,18,297.0,134.0,142.0,125.0,151.0,93.284,106.338,-13.054,18,4098.0,1625.0,1618.0,1623.0,1638.0,99.877,101.236,-1.359,-11.695,-10.781,19,4585.0,1836.0,1830.0,1784.0,1822.0,97.168,99.563,-2.395,19,315.0,139.0,140.0,106.0,153.0,76.259,109.286,-33.027,19,4270.0,1697.0,1690.0,1678.0,1669.0,98.88,98.757,0.123,-33.15,-30.632,True
2000-01,2000,1610612745,HOU,45,22,5305.0,2002.0,2005.0,2063.0,2021.0,103.047,100.798,2.249,22,307.0,143.0,143.0,158.0,102.0,110.49,71.329,39.161,22,4998.0,1859.0,1862.0,1905.0,1919.0,102.474,103.061,-0.587,39.748,36.912,23,5645.0,2159.0,2156.0,2237.0,2219.0,103.613,102.922,0.691,23,483.0,212.0,210.0,213.0,209.0,100.472,99.524,0.948,23,5162.0,1947.0,1946.0,2024.0,2010.0,103.955,103.289,0.666,0.282,0.257,True
2000-01,2000,1610612754,IND,44,22,5405.0,2033.0,2034.0,2044.0,2062.0,100.541,101.377,-0.836,22,482.0,200.0,194.0,171.0,187.0,85.5,96.392,-10.892,22,4923.0,1833.0,1840.0,1873.0,1875.0,102.182,101.902,0.28,-11.172,-10.056,22,5455.0,2058.0,2063.0,2106.0,2058.0,102.332,99.758,2.575,22,504.0,219.0,210.0,219.0,186.0,100.0,88.571,11.429,22,4951.0,1839.0,1853.0,1887.0,1872.0,102.61,101.025,1.585,9.844,8.854,True
2000-01,2000,1610612746,LAC,42,21,5165.0,1948.0,1951.0,1897.0,1932.0,97.382,99.026,-1.644,21,447.0,197.0,202.0,179.0,206.0,90.863,101.98,-11.117,21,4718.0,1751.0,1749.0,1718.0,1726.0,98.115,98.685,-0.57,-10.548,-9.473,21,5265.0,1978.0,1987.0,2051.0,2066.0,103.691,103.976,-0.285,21,516.0,220.0,212.0,220.0,244.0,100.0,115.094,-15.094,21,4749.0,1758.0,1775.0,1831.0,1822.0,104.152,102.648,1.505,-16.599,-14.809,True
2000-01,2000,1610612747,LAL,47,23,5645.0,2158.0,2160.0,2301.0,2273.0,106.627,105.231,1.395,23,406.0,194.0,185.0,182.0,199.0,93.814,107.568,-13.753,23,5239.0,1964.0,1975.0,2119.0,2074.0,107.892,105.013,2.879,-16.633,-15.148,24,5860.0,2255.0,2245.0,2427.0,2387.0,107.627,106.325,1.302,24,423.0,206.0,183.0,231.0,166.0,112.136,90.71,21.426,24,5437.0,2049.0,2062.0,2196.0,2221.0,107.174,107.711,-0.537,21.962,20.123,True
2000-01,2000,1610612748,MIA,53,26,6315.0,2312.0,2309.0,2302.0,2260.0,99.567,97.878,1.69,26,479.0,211.0,203.0,207.0,192.0,98.104,94.581,3.523,26,5836.0,2101.0,2106.0,2095.0,2068.0,99.714,98.196,1.519,2.004,1.833,27,6605.0,2419.0,2414.0,2424.0,2369.0,100.207,98.136,2.071,27,505.0,216.0,213.0,216.0,191.0,100.0,89.671,10.329,27,6100.0,2203.0,2201.0,2208.0,2178.0,100.227,98.955,1.272,9.057,8.258,True
2000-01,2000,1610612749,MIL,48,24,5785.0,2292.0,2290.0,2425.0,2434.0,105.803,106.288,-0.485,24,317.0,141.0,146.0,127.0,157.0,90.071,107.534,-17.463,24,5468.0,2151.0,2144.0,2298.0,2277.0,106.834,106.203,0.631,-18.094,-16.978,24,5835.0,2291.0,2294.0,2476.0,2403.0,108.075,104.752,3.324,24,399.0,179.0,170.0,232.0,171.0,129.609,100.588,29.021,24,5436.0,2112.0,2124.0,2244.0,2232.0,106.25,105.085,1.165,27.855,25.697,True
2000-01,2000,1610612750,MIN,43,21,5140.0,1977.0,1980.0,2010.0,2011.0,101.669,101.566,0.104,21,444.0,194.0,191.0,180.0,205.0,92.784,107.33,-14.546,21,4696.0,1783.0,1789.0,1830.0,1806.0,102.636,100.95,1.686,-16.232,-14.65,22,5330.0,2025.0,2028.0,2120.0,2106.0,104.691,103.846,0.845,22,384.0,157.0,156.0,181.0,166.0,115.287,106.41,8.876,22,4946.0,1868.0,1872.0,1939.0,1940.0,103.801,103.632,0.168,8.708,8.031,True
2000-01,2000,1610612751,NJN,40,20,4798.0,1849.0,1848.0,1767.0,1787.0,95.565,96.699,-1.134,20,294.0,142.0,136.0,136.0,133.0,95.775,97.794,-2.019,20,4504.0,1707.0,1712.0,1631.0,1654.0,95.548,96.612,-1.064,-0.955,-0.886,20,4850.0,1869.0,1868.0,1939.0,1996.0,103.745,106.852,-3.107,20,312.0,133.0,146.0,120.0,165.0,90.226,113.014,-22.788,20,4538.0,1736.0,1722.0,1819.0,1831.0,104.781,106.33,-1.549,-21.239,-19.681,True
2000-01,2000,1610612752,NYK,40,20,4900.0,1786.0,1784.0,1741.0,1713.0,97.48,96.02,1.46,20,412.0,180.0,174.0,145.0,128.0,80.556,73.563,6.992,20,4488.0,1606.0,1610.0,1596.0,1585.0,99.377,98.447,0.93,6.062,5.532,20,4925.0,1805.0,1813.0,1751.0,1753.0,97.008,96.691,0.318,20,415.0,172.0,178.0,146.0,157.0,84.884,88.202,-3.319,20,4510.0,1633.0,1635.0,1605.0,1596.0,98.285,97.615,0.671,-3.989,-3.636,True
2000-01,2000,1610612753,ORL,49,24,5885.0,2299.0,2302.0,2317.0,2314.0,100.783,100.521,0.262,24,439.0,182.0,182.0,154.0,193.0,84.615,106.044,-21.429,24,5446.0,2117.0,2120.0,2163.0,2121.0,102.173,100.047,2.126,-23.554,-21.69,25,6150.0,2381.0,2380.0,2512.0,2529.0,105.502,106.261,-0.759,25,493.0,216.0,216.0,218.0,222.0,100.926,102.778,-1.852,25,5657.0,2165.0,2164.0,2294.0,2307.0,105.958,106.608,-0.65,-1.202,-1.093,True
2000-01,2000,1610612755,PHI,40,20,4900.0,1911.0,1904.0,1877.0,1816.0,98.221,95.378,2.843,20,403.0,183.0,162.0,184.0,141.0,100.546,87.037,13.509,20,4497.0,1728.0,1742.0,1693.0,1675.0,97.975,96.154,1.821,11.689,10.667,20,4875.0,1870.0,1871.0,1902.0,1893.0,101.711,101.176,0.535,20,409.0,177.0,172.0,183.0,175.0,103.39,101.744,1.646,20,4466.0,1693.0,1699.0,1719.0,1718.0,101.536,101.118,0.417,1.228,1.11,True
2000-01,2000,1610612756,PHX,46,23,5620.0,2186.0,2189.0,2132.0,2112.0,97.53,96.482,1.047,23,449.0,216.0,215.0,206.0,205.0,95.37,95.349,0.022,23,5171.0,1970.0,1974.0,1926.0,1907.0,97.766,96.606,1.161,-1.139,-1.026,23,5545.0,2161.0,2159.0,2179.0,2135.0,100.833,98.888,1.945,23,374.0,170.0,166.0,171.0,127.0,100.588,76.506,24.082,23,5171.0,1991.0,1993.0,2008.0,2008.0,100.854,100.753,0.101,23.981,22.138,True
2000-01,2000,1610612757,POR,44,22,5328.0,2022.0,2008.0,2099.0,2038.0,103.808,101.494,2.314,22,321.0,142.0,132.0,174.0,127.0,122.535,96.212,26.323,22,5007.0,1880.0,1876.0,1925.0,1911.0,102.394,101.866,0.528,25.795,24.009,22,5330.0,1982.0,1977.0,2059.0,2076.0,103.885,105.008,-1.123,22,352.0,147.0,142.0,142.0,146.0,96.599,102.817,-6.218,22,4978.0,1835.0,1835.0,1917.0,1930.0,104.469,105.177,-0.708,-5.51,-5.096,True
2000-01,2000,1610612758,SAC,46,23,5695.0,2249.0,2244.0,2261.0,2231.0,100.534,99.421,1.113,23,593.0,251.0,248.0,236.0,205.0,94.024,82.661,11.363,23,5102.0,1998.0,1996.0,2025.0,2026.0,101.351,101.503,-0.152,11.514,10.25,23,5745.0,2276.0,2270.0,2329.0,2298.0,102.329,101.233,1.095,23,584.0,250.0,259.0,235.0,224.0,94.0,86.486,7.514,23,5161.0,2026.0,2011.0,2094.0,2074.0,103.356,103.133,0.224,7.29,6.418,True
2000-01,2000,1610612759,SAS,28,14,3435.0,1302.0,1303.0,1265.0,1288.0,97.158,98.849,-1.691,14,312.0,130.0,134.0,112.0,127.0,86.154,94.776,-8.622,14,3123.0,1172.0,1169.0,1153.0,1161.0,98.379,99.316,-0.937,-7.685,-6.932,14,3435.0,1280.0,1277.0,1351.0,1345.0,105.547,105.325,0.222,14,306.0,136.0,135.0,148.0,143.0,108.824,105.926,2.898,14,3129.0,1144.0,1142.0,1203.0,1202.0,105.157,105.254,-0.097,2.994,2.676,True
2000-01,2000,1610612760,SEA,47,23,5520.0,2158.0,2167.0,2204.0,2256.0,102.132,104.107,-1.975,23,328.0,136.0,141.0,114.0,149.0,83.824,105.674,-21.85,23,5192.0,2022.0,2026.0,2090.0,2107.0,103.363,103.998,-0.635,-21.215,-19.875,24,5885.0,2217.0,2213.0,2320.0,2308.0,104.646,104.293,0.353,24,475.0,213.0,213.0,229.0,213.0,107.512,100.0,7.512,24,5410.0,2004.0,2000.0,2091.0,2095.0,104.341,104.75,-0.409,7.92,7.159,True
2000-01,2000,1610612761,TOR,44,22,5355.0,2028.0,2027.0,2056.0,2080.0,101.381,102.615,-1.234,22,322.0,132.0,147.0,121.0,142.0,91.667,96.599,-4.932,22,5033.0,1896.0,1880.0,1935.0,1938.0,102.057,103.085,-1.028,-3.904,-3.698,22,5480.0,2109.0,2103.0,2246.0,2181.0,106.496,103.709,2.787,22,502.0,211.0,209.0,211.0,186.0,100.0,88.995,11.005,22,4978.0,1898.0,1894.0,2035.0,1995.0,107.218,105.333,1.885,9.119,8.218,True
2000-01,2000,1610612762,UTA,45,22,5355.0,2034.0,2033.0,2145.0,2079.0,105.457,102.263,3.195,22,367.0,167.0,159.0,218.0,150.0,130.539,94.34,36.199,22,4988.0,1867.0,1874.0,1927.0,1929.0,103.214,102.935,0.279,35.92,33.005,23,5545.0,2082.0,2089.0,2129.0,2114.0,102.257,101.197,1.061,23,333.0,153.0,149.0,161.0,148.0,105.229,99.329,5.9,23,5212.0,1929.0,1940.0,1968.0,1966.0,102.022,101.34,0.682,5.218,4.839,True
2000-01,2000,1610612763,VAN,40,20,4875.0,1861.0,1862.0,1811.0,1822.0,97.313,97.852,-0.538,20,360.0,152.0,151.0,147.0,147.0,96.711,97.351,-0.64,20,4515.0,1709.0,1711.0,1664.0,1675.0,97.367,97.896,-0.529,-0.111,-0.102,20,4825.0,1878.0,1884.0,1945.0,1966.0,103.568,104.352,-0.785,20,315.0,132.0,133.0,143.0,156.0,108.333,117.293,-8.96,20,4510.0,1746.0,1751.0,1802.0,1810.0,103.207,103.37,-0.162,-8.798,-8.175,True
2000-01,2000,1610612764,WAS,38,19,4560.0,1758.0,1765.0,1789.0,1832.0,101.763,103.796,-2.033,19,303.0,135.0,141.0,134.0,151.0,99.259,107.092,-7.833,19,4257.0,1623.0,1624.0,1655.0,1681.0,101.972,103.51,-1.538,-6.295,-5.8,19,4560.0,1769.0,1770.0,1893.0,1904.0,107.01,107.571,-0.561,19,343.0,147.0,152.0,152.0,142.0,103.401,93.421,9.98,19,4217.0,1622.0,1618.0,1741.0,1762.0,107.337,108.9,-1.563,11.544,10.541,True
2001-02,2001,1610612737,ATL,47,23,5570.0,2161.0,2162.0,2211.0,2229.0,102.314,103.099,-0.785,23,435.0,186.0,186.0,161.0,179.0,86.559,96.237,-9.677,23,5135.0,1975.0,1976.0,2050.0,2050.0,103.797,103.745,0.053,-9.73,-8.892,24,5810.0,2245.0,2242.0,2308.0,2320.0,102.806,103.479,-0.673,24,388.0,171.0,173.0,180.0,182.0,105.263,105.202,0.061,24,5422.0,2074.0,2069.0,2128.0,2138.0,102.604,103.335,-0.731,0.792,0.734,True
2001-02,2001,1610612738,BOS,51,25,6125.0,2368.0,2363.0,2398.0,2347.0,101.267,99.323,1.944,25,552.0,231.0,223.0,245.0,196.0,106.061,87.892,18.168,25,5573.0,2137.0,2140.0,2153.0,2151.0,100.749,100.514,0.235,17.934,16.224,26,6265.0,2457.0,2452.0,2496.0,2484.0,101.587,101.305,0.282,26,450.0,218.0,207.0,239.0,192.0,109.633,92.754,16.879,26,5815.0,2239.0,2245.0,2257.0,2292.0,100.804,102.094,-1.29,18.169,16.597,True
2001-02,2001,1610612766,CHH,49,24,5810.0,2189.0,2194.0,2269.0,2251.0,103.655,102.598,1.057,24,438.0,191.0,188.0,190.0,187.0,99.476,99.468,0.008,24,5372.0,1998.0,2006.0,2079.0,2064.0,104.054,102.891,1.163,-1.154,-1.048,25,6025.0,2255.0,2255.0,2321.0,2289.0,102.927,101.508,1.419,25,393.0,172.0,153.0,177.0,147.0,102.907,96.078,6.829,25,5632.0,2083.0,2102.0,2144.0,2142.0,102.928,101.903,1.026,5.803,5.409,True
2001-02,2001,1610612741,CHI,44,22,5330.0,2013.0,2018.0,1972.0,2039.0,97.963,101.041,-3.077,22,373.0,162.0,177.0,154.0,171.0,95.062,96.61,-1.548,22,4957.0,1851.0,1841.0,1818.0,1868.0,98.217,101.467,-3.249,1.701,1.529,22,5355.0,2035.0,2035.0,2142.0,2149.0,105.258,105.602,-0.344,22,438.0,192.0,196.0,199.0,193.0,103.646,98.469,5.176,22,4917.0,1843.0,1839.0,1943.0,1956.0,105.426,106.362,-0.936,6.113,5.52,True
2001-02,2001,1610612739,CLE,40,20,4875.0,1826.0,1826.0,1924.0,1925.0,105.367,105.422,-0.055,20,315.0,130.0,140.0,142.0,133.0,109.231,95.0,14.231,20,4560.0,1696.0,1686.0,1782.0,1792.0,105.071,106.287,-1.216,15.447,14.286,20,4900.0,1872.0,1878.0,2056.0,2035.0,109.829,108.36,1.469,20,363.0,174.0,169.0,184.0,175.0,105.747,103.55,2.197,20,4537.0,1698.0,1709.0,1872.0,1860.0,110.247,108.836,1.412,0.785,0.728,True
2001-02,2001,1610612742,DAL,39,19,4635.0,1825.0,1822.0,1971.0,1951.0,108.0,107.08,0.92,19,338.0,151.0,150.0,166.0,170.0,109.934,113.333,-3.4,19,4297.0,1674.0,1672.0,1805.0,1781.0,107.826,106.519,1.306,-4.706,-4.319,20,4925.0,1936.0,1929.0,2093.0,2047.0,108.11,106.117,1.992,20,425.0,179.0,168.0,215.0,171.0,120.112,101.786,18.326,20,4500.0,1757.0,1761.0,1878.0,1876.0,106.887,106.53,0.356,17.97,16.334,True
2001-02,2001,1610612743,DEN,41,20,4850.0,1827.0,1818.0,1907.0,1900.0,104.379,104.51,-0.132,20,373.0,150.0,153.0,129.0,150.0,86.0,98.039,-12.039,20,4477.0,1677.0,1665.0,1778.0,1750.0,106.023,105.105,0.918,-12.957,-11.908,21,5115.0,1954.0,1955.0,2016.0,2028.0,103.173,103.734,-0.561,21,452.0,190.0,198.0,176.0,185.0,92.632,93.434,-0.803,21,4663.0,1764.0,1757.0,1840.0,1843.0,104.308,104.895,-0.586,-0.216,-0.242,True
2001-02,2001,1610612765,DET,50,25,6000.0,2287.0,2295.0,2325.0,2329.0,101.662,101.481,0.18,25,414.0,195.0,185.0,198.0,185.0,101.538,100.0,1.538,25,5586.0,2092.0,2110.0,2127.0,2144.0,101.673,101.611,0.062,1.477,1.358,25,6000.0,2268.0,2264.0,2327.0,2272.0,102.601,100.353,2.248,25,417.0,189.0,170.0,173.0,146.0,91.534,85.882,5.652,25,5583.0,2079.0,2094.0,2154.0,2126.0,103.608,101.528,2.079,3.573,3.404,True
2001-02,2001,1610612744,GSW,39,19,4635.0,1794.0,1799.0,1808.0,1848.0,100.78,102.724,-1.943,19,355.0,152.0,162.0,145.0,161.0,95.395,99.383,-3.988,19,4280.0,1642.0,1637.0,1663.0,1687.0,101.279,103.054,-1.775,-2.213,-2.045,20,4825.0,1983.0,1982.0,2051.0,2156.0,103.429,108.779,-5.35,20,308.0,142.0,156.0,106.0,174.0,74.648,111.538,-36.891,20,4517.0,1841.0,1826.0,1945.0,1982.0,105.649,108.543,-2.894,-33.996,-31.541,True
2001-02,2001,1610612745,HOU,58,29,7085.0,2624.0,2618.0,2679.0,2712.0,102.096,103.591,-1.494,29,588.0,257.0,255.0,233.0,285.0,90.661,111.765,-21.103,29,6497.0,2367.0,2363.0,2446.0,2427.0,103.338,102.708,0.629,-21.732,-19.609,29,7135.0,2661.0,2662.0,2816.0,2816.0,105.825,105.785,0.04,29,655.0,276.0,284.0,282.0,290.0,102.174,102.113,0.061,29,6480.0,2385.0,2378.0,2534.0,2526.0,106.247,106.224,0.024,0.038,0.021,True
2001-02,2001,1610612754,IND,48,24,5860.0,2289.0,2281.0,2353.0,2379.0,102.796,104.296,-1.5,24,453.0,193.0,205.0,194.0,212.0,100.518,103.415,-2.896,24,5407.0,2096.0,2076.0,2159.0,2167.0,103.006,104.383,-1.378,-1.519,-1.396,24,5885.0,2289.0,2296.0,2332.0,2395.0,101.879,104.312,-2.433,24,440.0,187.0,195.0,190.0,200.0,101.604,102.564,-0.96,24,5445.0,2102.0,2101.0,2142.0,2195.0,101.903,104.474,-2.571,1.611,1.473,True
2001-02,2001,1610612746,LAC,41,20,4900.0,1859.0,1863.0,1842.0,1855.0,99.086,99.571,-0.485,20,434.0,187.0,189.0,170.0,178.0,90.909,94.18,-3.271,20,4466.0,1672.0,1674.0,1672.0,1677.0,100.0,100.179,-0.179,-3.092,-2.786,21,5065.0,1897.0,1898.0,2026.0,2011.0,106.8,105.954,0.847,21,346.0,157.0,165.0,158.0,177.0,100.637,107.273,-6.636,21,4719.0,1740.0,1733.0,1868.0,1834.0,107.356,105.828,1.528,-8.164,-7.482,True
2001-02,2001,1610612747,LAL,39,19,4610.0,1783.0,1785.0,1829.0,1835.0,102.58,102.801,-0.221,19,365.0,171.0,168.0,169.0,149.0,98.83,88.69,10.14,19,4245.0,1612.0,1617.0,1660.0,1686.0,102.978,104.267,-1.289,11.429,10.361,20,4850.0,1881.0,1887.0,1987.0,1961.0,105.635,103.922,1.714,20,333.0,142.0,146.0,157.0,148.0,110.563,101.37,9.194,20,4517.0,1739.0,1741.0,1830.0,1813.0,105.233,104.136,1.097,8.096,7.48,True
2001-02,2001,1610612763,MEM,43,21,5040.0,1963.0,1958.0,1925.0,1984.0,98.064,101.328,-3.264,21,310.0,132.0,141.0,118.0,124.0,89.394,87.943,1.451,21,4730.0,1831.0,1817.0,1807.0,1860.0,98.689,102.367,-3.677,5.128,4.714,22,5380.0,2056.0,2059.0,2047.0,2099.0,99.562,101.943,-2.38,22,411.0,181.0,187.0,161.0,199.0,88.95,106.417,-17.467,22,4969.0,1875.0,1872.0,1886.0,1900.0,100.587,101.496,-0.909,-16.558,-15.086,True
2001-02,2001,1610612748,MIA,53,26,6340.0,2346.0,2345.0,2199.0,2267.0,93.734,96.674,-2.94,26,513.0,204.0,212.0,148.0,200.0,72.549,94.34,-21.791,26,5827.0,2142.0,2133.0,2051.0,2067.0,95.752,96.906,-1.154,-20.636,-18.851,27,6630.0,2425.0,2426.0,2419.0,2386.0,99.753,98.351,1.401,27,572.0,241.0,236.0,235.0,212.0,97.51,89.831,7.68,27,6058.0,2184.0,2190.0,2184.0,2174.0,100.0,99.269,0.731,6.949,6.278,True
2001-02,2001,1610612749,MIL,46,23,5620.0,2149.0,2149.0,2348.0,2258.0,109.26,105.072,4.188,23,429.0,202.0,194.0,228.0,172.0,112.871,88.66,24.211,23,5191.0,1947.0,1955.0,2120.0,2086.0,108.885,106.701,2.185,22.027,20.023,23,5645.0,2111.0,2105.0,2235.0,2268.0,105.874,107.743,-1.869,23,482.0,214.0,213.0,219.0,236.0,102.336,110.798,-8.462,23,5163.0,1897.0,1892.0,2016.0,2032.0,106.273,107.4,-1.127,-7.335,-6.592,True
2001-02,2001,1610612750,MIN,39,19,4660.0,1763.0,1756.0,1909.0,1890.0,108.281,107.631,0.65,19,342.0,164.0,158.0,166.0,161.0,101.22,101.899,-0.679,19,4318.0,1599.0,1598.0,1743.0,1729.0,109.006,108.198,0.808,-1.487,-1.33,20,4825.0,1815.0,1807.0,1885.0,1896.0,103.857,104.925,-1.069,20,358.0,153.0,153.0,133.0,158.0,86.928,103.268,-16.34,20,4467.0,1662.0,1654.0,1752.0,1738.0,105.415,105.079,0.337,-16.676,-15.271,True
2001-02,2001,1610612751,NJN,41,20,4925.0,1961.0,1956.0,1924.0,1914.0,98.113,97.853,0.26,20,439.0,205.0,194.0,201.0,179.0,98.049,92.268,5.781,20,4486.0,1756.0,1762.0,1723.0,1735.0,98.121,98.468,-0.347,6.128,5.52,21,5065.0,1945.0,1947.0,2017.0,2022.0,103.702,103.852,-0.15,21,367.0,154.0,160.0,151.0,170.0,98.052,106.25,-8.198,21,4698.0,1791.0,1787.0,1866.0,1852.0,104.188,103.637,0.55,-8.748,-8.048,True
2001-02,2001,1610612752,NYK,54,27,6530.0,2449.0,2453.0,2474.0,2498.0,101.021,101.834,-0.814,27,485.0,214.0,215.0,196.0,206.0,91.589,95.814,-4.225,27,6045.0,2235.0,2238.0,2278.0,2292.0,101.924,102.413,-0.489,-3.736,-3.412,27,6555.0,2482.0,2482.0,2553.0,2574.0,102.861,103.707,-0.846,27,446.0,196.0,198.0,172.0,209.0,87.755,105.556,-17.8,27,6109.0,2286.0,2284.0,2381.0,2365.0,104.156,103.546,0.609,-18.41,-16.954,True
2001-02,2001,1610612753,ORL,36,18,4370.0,1690.0,1693.0,1765.0,1766.0,104.438,104.312,0.126,18,253.0,106.0,103.0,125.0,123.0,117.925,119.417,-1.493,18,4117.0,1584.0,1590.0,1640.0,1643.0,103.535,103.333,0.202,-1.695,-1.619,18,4420.0,1736.0,1733.0,1787.0,1767.0,102.938,101.962,0.976,18,389.0,169.0,172.0,165.0,153.0,97.633,88.953,8.68,18,4031.0,1567.0,1561.0,1622.0,1614.0,103.51,103.395,0.115,8.565,7.704,True
2001-02,2001,1610612755,PHI,46,23,5545.0,2102.0,2104.0,2078.0,2082.0,98.858,98.954,-0.096,23,380.0,173.0,170.0,145.0,137.0,83.815,80.588,3.227,23,5165.0,1929.0,1934.0,1933.0,1945.0,100.207,100.569,-0.361,3.588,3.323,23,5545.0,2050.0,2043.0,2119.0,2081.0,103.366,101.86,1.506,23,373.0,163.0,160.0,158.0,137.0,96.933,85.625,11.308,23,5172.0,1887.0,1883.0,1961.0,1944.0,103.922,103.24,0.682,10.625,9.802,True
2001-02,2001,1610612756,PHX,45,22,5355.0,2085.0,2084.0,2146.0,2146.0,102.926,102.975,-0.049,22,462.0,186.0,186.0,187.0,196.0,100.538,105.376,-4.839,22,4893.0,1899.0,1898.0,1959.0,1950.0,103.16,102.74,0.42,-5.259,-4.789,23,5595.0,2116.0,2116.0,2118.0,2147.0,100.095,101.465,-1.371,23,437.0,188.0,193.0,202.0,190.0,107.447,98.446,9.001,23,5158.0,1928.0,1923.0,1916.0,1957.0,99.378,101.768,-2.39,11.392,10.372,True
2001-02,2001,1610612757,POR,45,22,5330.0,1971.0,1979.0,2084.0,2067.0,105.733,104.447,1.286,22,343.0,142.0,140.0,165.0,140.0,116.197,100.0,16.197,22,4987.0,1829.0,1839.0,1919.0,1927.0,104.921,104.785,0.136,16.062,14.911,23,5620.0,2139.0,2136.0,2257.0,2201.0,105.517,103.043,2.474,23,437.0,209.0,191.0,227.0,190.0,108.612,99.476,9.136,23,5183.0,1930.0,1945.0,2030.0,2011.0,105.181,103.393,1.788,7.348,6.662,True
2001-02,2001,1610612758,SAC,31,15,3650.0,1445.0,1455.0,1504.0,1447.0,104.083,99.45,4.633,15,261.0,124.0,115.0,131.0,100.0,105.645,86.957,18.689,15,3389.0,1321.0,1340.0,1373.0,1347.0,103.936,100.522,3.414,15.275,14.056,16,3865.0,1562.0,1566.0,1659.0,1646.0,106.21,105.109,1.101,16,265.0,118.0,116.0,123.0,107.0,104.237,92.241,11.996,16,3600.0,1444.0,1450.0,1536.0,1539.0,106.371,106.138,0.233,11.763,10.894,True
2001-02,2001,1610612759,SAS,43,21,5115.0,1946.0,1955.0,2064.0,2029.0,106.064,103.785,2.279,21,347.0,155.0,163.0,151.0,165.0,97.419,101.227,-3.808,21,4768.0,1791.0,1792.0,1913.0,1864.0,106.812,104.018,2.794,-6.602,-6.086,22,5380.0,2013.0,2021.0,2026.0,2002.0,100.646,99.06,1.586,22,468.0,206.0,206.0,183.0,192.0,88.835,93.204,-4.369,22,4912.0,1807.0,1815.0,1843.0,1810.0,101.992,99.725,2.268,-6.637,-5.955,True
2001-02,2001,1610612760,SEA,43,21,5165.0,1952.0,1955.0,2061.0,2086.0,105.584,106.701,-1.117,21,405.0,160.0,165.0,140.0,157.0,87.5,95.152,-7.652,21,4760.0,1792.0,1790.0,1921.0,1929.0,107.199,107.765,-0.567,-7.085,-6.535,22,5305.0,1977.0,1973.0,2087.0,2056.0,105.564,104.207,1.357,22,395.0,166.0,168.0,162.0,170.0,97.59,101.19,-3.6,22,4910.0,1811.0,1805.0,1925.0,1886.0,106.295,104.488,1.807,-5.407,-4.957,True
2001-02,2001,1610612761,TOR,48,24,5810.0,2194.0,2189.0,2171.0,2151.0,98.952,98.264,0.688,24,446.0,194.0,185.0,188.0,159.0,96.907,85.946,10.961,24,5364.0,2000.0,2004.0,1983.0,1992.0,99.15,99.401,-0.251,11.212,10.274,24,5785.0,2139.0,2136.0,2175.0,2165.0,101.683,101.358,0.325,24,465.0,191.0,199.0,170.0,188.0,89.005,94.472,-5.467,24,5320.0,1948.0,1937.0,2005.0,1977.0,102.926,102.065,0.861,-6.328,-5.792,True
2001-02,2001,1610612762,UTA,42,21,5190.0,1988.0,1983.0,2085.0,2074.0,104.879,104.589,0.29,21,475.0,203.0,200.0,194.0,210.0,95.567,105.0,-9.433,21,4715.0,1785.0,1783.0,1891.0,1864.0,105.938,104.543,1.395,-10.829,-9.724,21,5040.0,1922.0,1920.0,2013.0,2043.0,104.735,106.406,-1.672,21,341.0,149.0,152.0,168.0,165.0,112.752,108.553,4.199,21,4699.0,1773.0,1768.0,1845.0,1878.0,104.061,106.222,-2.161,6.36,5.871,True
2001-02,2001,1610612764,WAS,41,20,4825.0,1784.0,1786.0,1848.0,1830.0,103.587,102.464,1.124,20,286.0,128.0,126.0,130.0,119.0,101.562,94.444,7.118,20,4539.0,1656.0,1660.0,1718.0,1711.0,103.744,103.072,0.672,6.446,5.994,21,5065.0,1886.0,1891.0,1989.0,2025.0,105.461,107.086,-1.625,21,387.0,165.0,168.0,164.0,178.0,99.394,105.952,-6.558,21,4678.0,1721.0,1723.0,1825.0,1847.0,106.043,107.197,-1.154,-5.405,-4.934,True
2002-03,2002,1610612737,ATL,40,20,4975.0,1904.0,1903.0,1921.0,1920.0,100.893,100.893,-0.0,20,431.0,177.0,180.0,164.0,168.0,92.655,93.333,-0.678,20,4544.0,1727.0,1723.0,1757.0,1752.0,101.737,101.683,0.054,-0.732,-0.677,20,4850.0,1881.0,1879.0,1952.0,1918.0,103.775,102.076,1.699,20,385.0,167.0,167.0,187.0,169.0,111.976,101.198,10.778,20,4465.0,1714.0,1712.0,1765.0,1749.0,102.975,102.161,0.814,9.964,9.079,True
2002-03,2002,1610612738,BOS,49,24,5860.0,2277.0,2273.0,2328.0,2335.0,102.24,102.728,-0.488,24,497.0,202.0,206.0,172.0,167.0,85.149,81.068,4.081,24,5363.0,2075.0,2067.0,2156.0,2168.0,103.904,104.886,-0.983,5.063,4.568,25,6050.0,2288.0,2283.0,2355.0,2321.0,102.928,101.664,1.264,25,409.0,178.0,170.0,183.0,173.0,102.809,101.765,1.044,25,5641.0,2110.0,2113.0,2172.0,2148.0,102.938,101.656,1.282,-0.238,-0.22,True
2002-03,2002,1610612741,CHI,37,18,4420.0,1748.0,1745.0,1706.0,1720.0,97.597,98.567,-0.97,18,319.0,134.0,138.0,125.0,145.0,93.284,105.072,-11.789,18,4101.0,1614.0,1607.0,1581.0,1575.0,97.955,98.009,-0.053,-11.736,-10.819,19,4710.0,1816.0,1817.0,1928.0,1912.0,106.167,105.228,0.939,19,407.0,186.0,182.0,197.0,187.0,105.914,102.747,3.167,19,4303.0,1630.0,1635.0,1731.0,1725.0,106.196,105.505,0.692,2.475,2.228,True
2002-03,2002,1610612739,CLE,36,18,4445.0,1742.0,1742.0,1710.0,1731.0,98.163,99.369,-1.206,18,430.0,187.0,194.0,164.0,198.0,87.701,102.062,-14.361,18,4015.0,1555.0,1548.0,1546.0,1533.0,99.421,99.031,0.39,-14.752,-13.156,18,4345.0,1706.0,1703.0,1679.0,1714.0,98.417,100.646,-2.229,18,299.0,134.0,137.0,114.0,120.0,85.075,87.591,-2.517,18,4046.0,1572.0,1566.0,1565.0,1594.0,99.555,101.788,-2.233,-0.283,-0.288,True
2002-03,2002,1610612742,DAL,38,19,4560.0,1780.0,1786.0,1923.0,1871.0,108.034,104.759,3.274,19,283.0,127.0,126.0,145.0,113.0,114.173,89.683,24.491,19,4277.0,1653.0,1660.0,1778.0,1758.0,107.562,105.904,1.658,22.832,21.216,19,4660.0,1795.0,1793.0,1979.0,1961.0,110.251,109.37,0.881,19,412.0,184.0,181.0,204.0,197.0,110.87,108.84,2.03,19,4248.0,1611.0,1612.0,1775.0,1764.0,110.18,109.429,0.751,1.279,1.149,True
2002-03,2002,1610612743,DEN,33,16,3840.0,1440.0,1437.0,1321.0,1371.0,91.736,95.407,-3.671,16,244.0,108.0,119.0,89.0,120.0,82.407,100.84,-18.433,16,3596.0,1332.0,1318.0,1232.0,1251.0,92.492,94.917,-2.424,-16.009,-14.762,17,4130.0,1587.0,1589.0,1533.0,1616.0,96.597,101.699,-5.102,17,291.0,122.0,128.0,117.0,154.0,95.902,120.312,-24.411,17,3839.0,1465.0,1461.0,1416.0,1462.0,96.655,100.068,-3.413,-20.998,-19.309,True
2002-03,2002,1610612765,DET,46,23,5620.0,2041.0,2041.0,2066.0,2008.0,101.225,98.383,2.842,23,439.0,185.0,185.0,198.0,156.0,107.027,84.324,22.703,23,5181.0,1856.0,1856.0,1868.0,1852.0,100.647,99.784,0.862,21.841,19.861,23,5645.0,2075.0,2082.0,2110.0,2119.0,101.687,101.777,-0.09,23,483.0,197.0,201.0,196.0,199.0,99.492,99.005,0.487,23,5162.0,1878.0,1881.0,1914.0,1920.0,101.917,102.073,-0.156,0.644,0.578,True
2002-03,2002,1610612744,GSW,49,24,5785.0,2257.0,2254.0,2397.0,2436.0,106.203,108.075,-1.872,24,331.0,156.0,165.0,145.0,176.0,92.949,106.667,-13.718,24,5454.0,2101.0,2089.0,2252.0,2260.0,107.187,108.186,-0.999,-12.719,-11.846,25,6050.0,2447.0,2438.0,2666.0,2694.0,108.95,110.5,-1.551,25,350.0,180.0,161.0,192.0,167.0,106.667,103.727,2.94,25,5700.0,2267.0,2277.0,2474.0,2527.0,109.131,110.979,-1.848,4.788,4.491,True
2002-03,2002,1610612745,HOU,43,21,5115.0,1912.0,1917.0,1932.0,1881.0,101.046,98.122,2.924,21,328.0,148.0,142.0,164.0,128.0,110.811,90.141,20.67,21,4787.0,1764.0,1775.0,1768.0,1753.0,100.227,98.761,1.466,19.204,17.746,22,5455.0,2061.0,2059.0,2189.0,2160.0,106.211,104.905,1.305,22,466.0,200.0,199.0,234.0,216.0,117.0,108.543,8.457,22,4989.0,1861.0,1860.0,1955.0,1944.0,105.051,104.516,0.535,7.922,7.152,True
2002-03,2002,1610612754,IND,41,20,4975.0,1916.0,1909.0,1945.0,1928.0,101.514,100.995,0.518,20,534.0,227.0,228.0,213.0,213.0,93.833,93.421,0.412,20,4441.0,1689.0,1681.0,1732.0,1715.0,102.546,102.023,0.523,-0.112,-0.107,21,5090.0,1940.0,1936.0,1935.0,1988.0,99.742,102.686,-2.944,21,410.0,170.0,185.0,147.0,191.0,86.471,103.243,-16.773,21,4680.0,1770.0,1751.0,1788.0,1797.0,101.017,102.627,-1.61,-15.163,-13.829,True
2002-03,2002,1610612746,LAC,47,23,5570.0,2154.0,2170.0,2146.0,2179.0,99.629,100.415,-0.786,23,449.0,220.0,227.0,184.0,243.0,83.636,107.048,-23.412,23,5121.0,1934.0,1943.0,1962.0,1936.0,101.448,99.64,1.808,-25.22,-22.626,24,5785.0,2224.0,2230.0,2400.0,2453.0,107.914,110.0,-2.086,24,396.0,183.0,179.0,195.0,230.0,106.557,128.492,-21.934,24,5389.0,2041.0,2051.0,2205.0,2223.0,108.035,108.386,-0.351,-21.583,-19.848,True
2002-03,2002,1610612747,LAL,43,21,5215.0,2025.0,2011.0,2049.0,2070.0,101.185,102.934,-1.749,21,460.0,213.0,214.0,213.0,211.0,100.0,98.598,1.402,21,4755.0,1812.0,1797.0,1836.0,1859.0,101.325,103.45,-2.126,3.528,3.151,22,5355.0,2078.0,2079.0,2267.0,2203.0,109.095,105.964,3.131,22,309.0,136.0,125.0,176.0,131.0,129.412,104.8,24.612,22,5046.0,1942.0,1954.0,2091.0,2072.0,107.673,106.039,1.634,22.978,21.481,True
2002-03,2002,1610612763,MEM,42,21,5140.0,2035.0,2020.0,2077.0,2097.0,102.064,103.812,-1.748,21,375.0,169.0,173.0,162.0,170.0,95.858,98.266,-2.408,21,4765.0,1866.0,1847.0,1915.0,1927.0,102.626,104.331,-1.705,-0.702,-0.66,21,5190.0,2026.0,2029.0,2176.0,2174.0,107.404,107.146,0.257,21,526.0,231.0,235.0,229.0,256.0,99.134,108.936,-9.802,21,4664.0,1795.0,1794.0,1947.0,1918.0,108.468,106.912,1.556,-11.358,-10.059,True
2002-03,2002,1610612748,MIA,41,20,4925.0,1804.0,1799.0,1740.0,1749.0,96.452,97.221,-0.768,20,442.0,183.0,171.0,156.0,158.0,85.246,92.398,-7.152,20,4483.0,1621.0,1628.0,1584.0,1591.0,97.717,97.727,-0.01,-7.142,-6.383,21,5065.0,1910.0,1904.0,1878.0,1957.0,98.325,102.784,-4.459,21,324.0,135.0,147.0,115.0,168.0,85.185,114.286,-29.101,21,4741.0,1775.0,1757.0,1763.0,1789.0,99.324,101.821,-2.497,-26.603,-24.642,True
2002-03,2002,1610612749,MIL,50,25,6175.0,2397.0,2397.0,2520.0,2529.0,105.131,105.507,-0.375,25,561.0,265.0,259.0,273.0,247.0,103.019,95.367,7.652,25,5614.0,2132.0,2138.0,2247.0,2282.0,105.394,106.735,-1.341,8.993,8.028,25,6050.0,2327.0,2326.0,2557.0,2535.0,109.884,108.985,0.899,25,430.0,186.0,196.0,197.0,217.0,105.914,110.714,-4.8,25,5620.0,2141.0,2130.0,2360.0,2318.0,110.229,108.826,1.403,-6.203,-5.699,True
2002-03,2002,1610612750,MIN,40,20,4875.0,1930.0,1930.0,2000.0,1985.0,103.627,102.85,0.777,20,324.0,150.0,148.0,157.0,136.0,104.667,91.892,12.775,20,4551.0,1780.0,1782.0,1843.0,1849.0,103.539,103.76,-0.22,12.995,11.998,20,4850.0,1868.0,1866.0,1978.0,1911.0,105.889,102.412,3.477,20,318.0,147.0,138.0,163.0,131.0,110.884,94.928,15.957,20,4532.0,1721.0,1728.0,1815.0,1780.0,105.462,103.009,2.453,13.504,12.48,True
2002-03,2002,1610612751,NJN,36,18,4370.0,1704.0,1697.0,1722.0,1697.0,101.056,100.0,1.056,18,316.0,154.0,148.0,141.0,149.0,91.558,100.676,-9.117,18,4054.0,1550.0,1549.0,1581.0,1548.0,102.0,99.935,2.065,-11.182,-10.174,18,4345.0,1652.0,1656.0,1634.0,1664.0,98.91,100.483,-1.573,18,327.0,130.0,142.0,95.0,141.0,73.077,99.296,-26.219,18,4018.0,1522.0,1514.0,1539.0,1523.0,101.117,100.594,0.522,-26.741,-24.646,True
2002-03,2002,1610612740,NOH,46,23,5695.0,2137.0,2141.0,2140.0,2145.0,100.14,100.187,-0.046,23,562.0,232.0,239.0,224.0,227.0,96.552,94.979,1.573,23,5133.0,1905.0,1902.0,1916.0,1918.0,100.577,100.841,-0.264,1.836,1.619,23,5570.0,2084.0,2083.0,2149.0,2109.0,103.119,101.248,1.871,23,363.0,161.0,152.0,175.0,147.0,108.696,96.711,11.985,23,5207.0,1923.0,1931.0,1974.0,1962.0,102.652,101.605,1.047,10.938,10.114,True
2002-03,2002,1610612752,NYK,58,29,7035.0,2667.0,2675.0,2694.0,2723.0,101.012,101.794,-0.782,29,529.0,230.0,230.0,218.0,241.0,94.783,104.783,-10.0,29,6506.0,2437.0,2445.0,2476.0,2482.0,101.6,101.513,0.087,-10.087,-9.218,29,7060.0,2759.0,2759.0,2933.0,2921.0,106.307,105.872,0.435,29,426.0,182.0,181.0,194.0,196.0,106.593,108.287,-1.694,29,6634.0,2577.0,2578.0,2739.0,2725.0,106.286,105.702,0.584,-2.278,-2.129,True
2002-03,2002,1610612753,ORL,45,22,5330.0,2101.0,2101.0,2181.0,2161.0,103.808,102.856,0.952,22,377.0,169.0,170.0,145.0,151.0,85.799,88.824,-3.025,22,4953.0,1932.0,1931.0,2036.0,2010.0,105.383,104.091,1.292,-4.317,-3.977,23,5595.0,2171.0,2172.0,2292.0,2320.0,105.573,106.814,-1.241,23,396.0,176.0,185.0,186.0,185.0,105.682,100.0,5.682,23,5199.0,1995.0,1987.0,2106.0,2135.0,105.564,107.448,-1.885,7.566,6.922,True
2002-03,2002,1610612755,PHI,49,24,5885.0,2286.0,2287.0,2269.0,2256.0,99.256,98.645,0.612,24,484.0,214.0,210.0,208.0,198.0,97.196,94.286,2.911,24,5401.0,2072.0,2077.0,2061.0,2058.0,99.469,99.085,0.384,2.527,2.299,25,6050.0,2356.0,2355.0,2509.0,2476.0,106.494,105.138,1.356,25,446.0,205.0,200.0,221.0,206.0,107.805,103.0,4.805,25,5604.0,2151.0,2155.0,2288.0,2270.0,106.369,105.336,1.033,3.772,3.449,True
2002-03,2002,1610612756,PHX,52,26,6290.0,2401.0,2413.0,2418.0,2358.0,100.708,97.721,2.987,26,419.0,188.0,187.0,208.0,137.0,110.638,73.262,37.376,26,5871.0,2213.0,2226.0,2210.0,2221.0,99.864,99.775,0.089,37.287,34.389,26,6315.0,2414.0,2412.0,2554.0,2559.0,105.8,106.095,-0.295,26,451.0,191.0,192.0,205.0,197.0,107.33,102.604,4.726,26,5864.0,2223.0,2220.0,2349.0,2362.0,105.668,106.396,-0.728,5.454,5.021,True
2002-03,2002,1610612757,POR,39,19,4635.0,1758.0,1757.0,1785.0,1757.0,101.536,100.0,1.536,19,363.0,178.0,166.0,176.0,147.0,98.876,88.554,10.322,19,4272.0,1580.0,1591.0,1609.0,1610.0,101.835,101.194,0.641,9.681,8.786,20,4900.0,1833.0,1838.0,1920.0,1917.0,104.746,104.298,0.448,20,452.0,196.0,195.0,188.0,208.0,95.918,106.667,-10.748,20,4448.0,1637.0,1643.0,1732.0,1709.0,105.803,104.017,1.786,-12.535,-11.196,True
2002-03,2002,1610612758,SAC,39,19,4610.0,1876.0,1876.0,1907.0,1920.0,101.652,102.345,-0.693,19,290.0,140.0,145.0,136.0,155.0,97.143,106.897,-9.754,19,4320.0,1736.0,1731.0,1771.0,1765.0,102.016,101.964,0.052,-9.806,-9.061,20,4900.0,1967.0,1975.0,2068.0,2032.0,105.135,102.886,2.249,20,421.0,197.0,186.0,216.0,182.0,109.645,97.849,11.795,20,4479.0,1770.0,1789.0,1852.0,1850.0,104.633,103.41,1.223,10.572,9.547,True
2002-03,2002,1610612759,SAS,44,22,5355.0,2035.0,2034.0,2034.0,2021.0,99.951,99.361,0.59,22,358.0,161.0,152.0,153.0,150.0,95.031,98.684,-3.653,22,4997.0,1874.0,1882.0,1881.0,1871.0,100.374,99.416,0.958,-4.611,-4.243,22,5355.0,2005.0,2009.0,2098.0,2068.0,104.638,102.937,1.702,22,401.0,177.0,172.0,193.0,174.0,109.04,101.163,7.877,22,4954.0,1828.0,1837.0,1905.0,1894.0,104.212,103.103,1.109,6.767,6.175,True
2002-03,2002,1610612760,SEA,48,24,5860.0,2192.0,2192.0,2203.0,2222.0,100.502,101.369,-0.867,24,511.0,218.0,218.0,217.0,213.0,99.541,97.706,1.835,24,5349.0,1974.0,1974.0,1986.0,2009.0,100.608,101.773,-1.165,3.0,2.702,24,5835.0,2154.0,2153.0,2266.0,2239.0,105.2,103.994,1.205,24,374.0,164.0,163.0,171.0,167.0,104.268,102.454,1.814,24,5461.0,1990.0,1990.0,2095.0,2072.0,105.276,104.121,1.156,0.659,0.609,True
2002-03,2002,1610612761,TOR,45,22,5355.0,2011.0,2014.0,2030.0,2088.0,100.945,103.674,-2.729,22,413.0,185.0,188.0,183.0,184.0,98.919,97.872,1.047,22,4942.0,1826.0,1826.0,1847.0,1904.0,101.15,104.272,-3.122,4.168,3.776,23,5570.0,2116.0,2119.0,2177.0,2213.0,102.883,104.436,-1.553,23,373.0,155.0,165.0,161.0,182.0,103.871,110.303,-6.432,23,5197.0,1961.0,1954.0,2016.0,2031.0,102.805,103.941,-1.136,-5.296,-4.879,True
2002-03,2002,1610612762,UTA,37,18,4320.0,1630.0,1630.0,1730.0,1685.0,106.135,103.374,2.761,18,285.0,140.0,132.0,151.0,144.0,107.857,109.091,-1.234,18,4035.0,1490.0,1498.0,1579.0,1541.0,105.973,102.87,3.103,-4.336,-3.995,19,4660.0,1741.0,1748.0,1776.0,1790.0,102.01,102.403,-0.392,19,374.0,162.0,165.0,159.0,150.0,98.148,90.909,7.239,19,4286.0,1579.0,1583.0,1617.0,1640.0,102.407,103.601,-1.194,8.433,7.631,True
2002-03,2002,1610612764,WAS,51,25,6050.0,2255.0,2258.0,2257.0,2302.0,100.089,101.949,-1.86,25,423.0,188.0,192.0,180.0,193.0,95.745,100.521,-4.776,25,5627.0,2067.0,2066.0,2077.0,2109.0,100.484,102.081,-1.598,-3.179,-2.916,26,6340.0,2343.0,2338.0,2424.0,2444.0,103.457,104.534,-1.077,26,476.0,205.0,204.0,225.0,220.0,109.756,107.843,1.913,26,5864.0,2138.0,2134.0,2199.0,2224.0,102.853,104.217,-1.364,3.277,2.99,True
2003-04,2003,1610612737,ATL,47,23,5595.0,2129.0,2135.0,2083.0,2104.0,97.839,98.548,-0.709,23,464.0,204.0,206.0,183.0,217.0,89.706,105.34,-15.634,23,5131.0,1925.0,1929.0,1900.0,1887.0,98.701,97.823,0.879,-16.513,-14.925,24,5910.0,2313.0,2314.0,2378.0,2402.0,102.81,103.803,-0.993,24,492.0,223.0,227.0,201.0,245.0,90.135,107.93,-17.795,24,5418.0,2090.0,2087.0,2177.0,2157.0,104.163,103.354,0.809,-18.604,-16.802,True
2003-04,2003,1610612738,BOS,48,24,5760.0,2237.0,2240.0,2241.0,2261.0,100.179,100.937,-0.759,24,381.0,171.0,179.0,168.0,201.0,98.246,112.291,-14.045,24,5379.0,2066.0,2061.0,2073.0,2060.0,100.339,99.951,0.387,-14.432,-13.286,24,5785.0,2305.0,2303.0,2336.0,2337.0,101.345,101.476,-0.131,24,373.0,180.0,173.0,184.0,166.0,102.222,95.954,6.268,24,5412.0,2125.0,2130.0,2152.0,2171.0,101.271,101.925,-0.654,6.923,6.4,True
2003-04,2003,1610612741,CHI,43,21,5065.0,1966.0,1968.0,1917.0,1963.0,97.508,99.746,-2.238,21,341.0,148.0,154.0,132.0,159.0,89.189,103.247,-14.058,21,4724.0,1818.0,1814.0,1785.0,1804.0,98.185,99.449,-1.264,-12.794,-11.819,22,5405.0,2086.0,2093.0,1992.0,2060.0,95.494,98.423,-2.93,22,487.0,201.0,200.0,161.0,198.0,80.1,99.0,-18.9,22,4918.0,1885.0,1893.0,1831.0,1862.0,97.135,98.362,-1.227,-17.673,-15.971,True
2003-04,2003,1610612739,CLE,48,24,5885.0,2224.0,2228.0,2160.0,2228.0,97.122,100.0,-2.878,24,459.0,179.0,191.0,150.0,186.0,83.799,97.382,-13.583,24,5426.0,2045.0,2037.0,2010.0,2042.0,98.289,100.245,-1.957,-11.626,-10.706,24,5810.0,2209.0,2216.0,2320.0,2297.0,105.025,103.655,1.37,24,416.0,184.0,189.0,188.0,183.0,102.174,96.825,5.349,24,5394.0,2025.0,2027.0,2132.0,2114.0,105.284,104.292,0.992,4.357,3.979,True
2003-04,2003,1610612742,DAL,40,20,4900.0,1910.0,1917.0,2021.0,2016.0,105.812,105.164,0.647,20,382.0,166.0,167.0,151.0,175.0,90.964,104.79,-13.827,20,4518.0,1744.0,1750.0,1870.0,1841.0,107.225,105.2,2.025,-15.851,-14.474,20,4825.0,1922.0,1912.0,2073.0,2035.0,107.856,106.433,1.423,20,291.0,136.0,138.0,138.0,162.0,101.471,117.391,-15.921,20,4534.0,1786.0,1774.0,1935.0,1873.0,108.343,105.581,2.762,-18.683,-17.344,True
2003-04,2003,1610612743,DEN,39,19,4585.0,1823.0,1810.0,1874.0,1836.0,102.798,101.436,1.361,19,263.0,122.0,121.0,138.0,116.0,113.115,95.868,17.247,19,4322.0,1701.0,1689.0,1736.0,1720.0,102.058,101.835,0.222,17.025,15.886,20,4825.0,1898.0,1897.0,1985.0,1993.0,104.584,105.061,-0.477,20,387.0,179.0,177.0,173.0,151.0,96.648,85.311,11.337,20,4438.0,1719.0,1720.0,1812.0,1842.0,105.41,107.093,-1.683,13.02,11.814,True
2003-04,2003,1610612765,DET,45,22,5330.0,1987.0,1986.0,1949.0,1907.0,98.088,96.022,2.065,22,435.0,188.0,183.0,189.0,152.0,100.532,83.06,17.472,22,4895.0,1799.0,1803.0,1760.0,1755.0,97.832,97.338,0.494,16.977,15.406,23,5570.0,2083.0,2079.0,2047.0,2012.0,98.272,96.777,1.494,23,425.0,185.0,179.0,198.0,190.0,107.027,106.145,0.882,23,5145.0,1898.0,1900.0,1849.0,1822.0,97.418,95.895,1.524,-0.642,-0.613,True
2003-04,2003,1610612744,GSW,43,21,5165.0,1978.0,1972.0,1990.0,2027.0,100.607,102.789,-2.182,21,455.0,188.0,207.0,164.0,213.0,87.234,102.899,-15.665,21,4710.0,1790.0,1765.0,1826.0,1814.0,102.011,102.776,-0.765,-14.899,-13.482,22,5330.0,2008.0,1997.0,2091.0,2086.0,104.133,104.457,-0.323,22,393.0,171.0,171.0,162.0,175.0,94.737,102.339,-7.602,22,4937.0,1837.0,1826.0,1929.0,1911.0,105.008,104.655,0.353,-7.956,-7.279,True
2003-04,2003,1610612745,HOU,44,22,5355.0,1959.0,1958.0,1887.0,1921.0,96.325,98.11,-1.786,22,432.0,184.0,195.0,195.0,210.0,105.978,107.692,-1.714,22,4923.0,1775.0,1763.0,1692.0,1711.0,95.324,97.05,-1.727,0.012,0.072,22,5455.0,2061.0,2065.0,2077.0,2104.0,100.776,101.889,-1.112,22,516.0,228.0,225.0,241.0,234.0,105.702,104.0,1.702,22,4939.0,1833.0,1840.0,1836.0,1870.0,100.164,101.63,-1.467,3.169,2.814,True
2003-04,2003,1610612754,IND,43,21,5115.0,1886.0,1884.0,1866.0,1819.0,98.94,96.55,2.39,21,421.0,184.0,169.0,193.0,158.0,104.891,93.491,11.4,21,4694.0,1702.0,1715.0,1673.0,1661.0,98.296,96.851,1.445,9.955,9.011,22,5330.0,1970.0,1966.0,2078.0,1997.0,105.482,101.577,3.905,22,393.0,178.0,170.0,182.0,130.0,102.247,76.471,25.777,22,4937.0,1792.0,1796.0,1896.0,1867.0,105.804,103.953,1.85,23.926,21.871,True
2003-04,2003,1610612746,LAC,42,21,5115.0,1966.0,1972.0,2070.0,2063.0,105.29,104.615,0.675,21,393.0,179.0,180.0,177.0,168.0,98.883,93.333,5.549,21,4722.0,1787.0,1792.0,1893.0,1895.0,105.932,105.748,0.184,5.365,4.874,21,5090.0,1955.0,1963.0,2020.0,2118.0,103.325,107.896,-4.571,21,314.0,134.0,147.0,114.0,177.0,85.075,120.408,-35.334,21,4776.0,1821.0,1816.0,1906.0,1941.0,104.668,106.883,-2.215,-33.118,-30.762,True
2003-04,2003,1610612747,LAL,41,20,4875.0,1904.0,1900.0,1971.0,1942.0,103.519,102.211,1.308,20,396.0,189.0,177.0,194.0,145.0,102.646,81.921,20.725,20,4479.0,1715.0,1723.0,1777.0,1797.0,103.615,104.295,-0.68,21.404,19.416,21,5140.0,1972.0,1967.0,2077.0,2011.0,105.325,102.237,3.088,21,454.0,204.0,199.0,210.0,175.0,102.941,87.94,15.001,21,4686.0,1768.0,1768.0,1867.0,1836.0,105.6,103.846,1.753,13.248,11.914,True
2003-04,2003,1610612763,MEM,48,24,5910.0,2279.0,2276.0,2325.0,2345.0,102.018,103.032,-1.013,24,444.0,195.0,204.0,192.0,183.0,98.462,89.706,8.756,24,5466.0,2084.0,2072.0,2133.0,2162.0,102.351,104.344,-1.992,10.748,9.769,24,5810.0,2235.0,2243.0,2309.0,2275.0,103.311,101.427,1.884,24,409.0,182.0,175.0,206.0,179.0,113.187,102.286,10.901,24,5401.0,2053.0,2068.0,2103.0,2096.0,102.435,101.354,1.081,9.82,9.017,True
2003-04,2003,1610612748,MIA,42,21,5065.0,1875.0,1878.0,1901.0,1864.0,101.387,99.255,2.132,21,378.0,167.0,155.0,158.0,137.0,94.611,88.387,6.224,21,4687.0,1708.0,1723.0,1743.0,1727.0,102.049,100.232,1.817,4.407,4.092,21,5090.0,1924.0,1918.0,1973.0,1983.0,102.547,103.389,-0.842,21,371.0,153.0,157.0,162.0,141.0,105.882,89.809,16.073,21,4719.0,1771.0,1761.0,1811.0,1842.0,102.259,104.6,-2.341,18.414,16.916,True
2003-04,2003,1610612749,MIL,53,26,6290.0,2431.0,2435.0,2505.0,2496.0,103.044,102.505,0.539,26,415.0,195.0,192.0,169.0,165.0,86.667,85.938,0.729,26,5875.0,2236.0,2243.0,2336.0,2331.0,104.472,103.923,0.549,0.18,0.19,27,6530.0,2526.0,2525.0,2697.0,2719.0,106.77,107.683,-0.914,27,482.0,223.0,225.0,225.0,240.0,100.897,106.667,-5.77,27,6048.0,2303.0,2300.0,2472.0,2479.0,107.338,107.783,-0.444,-5.325,-4.856,True
2003-04,2003,1610612750,MIN,40,20,4875.0,1846.0,1838.0,1924.0,1896.0,104.225,103.156,1.07,20,457.0,192.0,183.0,208.0,176.0,108.333,96.175,12.158,20,4418.0,1654.0,1655.0,1716.0,1720.0,103.748,103.927,-0.179,12.337,11.089,20,4800.0,1830.0,1824.0,1873.0,1837.0,102.35,100.713,1.637,20,319.0,154.0,146.0,174.0,151.0,112.987,103.425,9.562,20,4481.0,1676.0,1678.0,1699.0,1686.0,101.372,100.477,0.896,8.667,7.925,True
2003-04,2003,1610612751,NJN,33,16,3840.0,1462.0,1458.0,1403.0,1399.0,95.964,95.953,0.011,16,272.0,123.0,121.0,126.0,117.0,102.439,96.694,5.745,16,3568.0,1339.0,1337.0,1277.0,1282.0,95.37,95.886,-0.517,6.261,5.734,17,4105.0,1547.0,1546.0,1553.0,1557.0,100.388,100.712,-0.324,17,323.0,149.0,148.0,135.0,141.0,90.604,95.27,-4.666,17,3782.0,1398.0,1398.0,1418.0,1416.0,101.431,101.288,0.143,-4.809,-4.343,True
2003-04,2003,1610612740,NOH,48,24,5810.0,2212.0,2217.0,2212.0,2168.0,100.0,97.79,2.21,24,404.0,173.0,163.0,172.0,137.0,99.422,84.049,15.373,24,5406.0,2039.0,2054.0,2040.0,2031.0,100.049,98.88,1.169,14.204,13.163,24,5860.0,2187.0,2194.0,2230.0,2260.0,101.966,103.008,-1.042,24,504.0,210.0,220.0,189.0,217.0,90.0,98.636,-8.636,24,5356.0,1977.0,1974.0,2041.0,2043.0,103.237,103.495,-0.258,-8.378,-7.594,True
2003-04,2003,1610612752,NYK,41,20,4900.0,1867.0,1868.0,1838.0,1832.0,98.447,98.073,0.374,20,454.0,198.0,196.0,195.0,199.0,98.485,101.531,-3.046,20,4446.0,1669.0,1672.0,1643.0,1633.0,98.442,97.667,0.775,-3.82,-3.42,21,5140.0,1941.0,1934.0,2061.0,2038.0,106.182,105.377,0.805,21,437.0,193.0,186.0,209.0,154.0,108.29,82.796,25.494,21,4703.0,1748.0,1748.0,1852.0,1884.0,105.95,107.78,-1.831,27.325,24.69,True
2003-04,2003,1610612753,ORL,41,20,4850.0,1864.0,1871.0,1868.0,1924.0,100.215,102.833,-2.618,20,333.0,135.0,143.0,132.0,141.0,97.778,98.601,-0.824,20,4517.0,1729.0,1728.0,1736.0,1783.0,100.405,103.183,-2.778,1.954,1.794,21,5140.0,1985.0,1979.0,2092.0,2117.0,105.39,106.973,-1.583,21,398.0,183.0,177.0,177.0,177.0,96.721,100.0,-3.279,21,4742.0,1802.0,1802.0,1915.0,1940.0,106.271,107.658,-1.387,-1.891,-1.696,True
2003-04,2003,1610612755,PHI,43,21,5090.0,1915.0,1911.0,1852.0,1894.0,96.71,99.11,-2.4,21,312.0,141.0,138.0,110.0,131.0,78.014,94.928,-16.913,21,4778.0,1774.0,1773.0,1742.0,1763.0,98.196,99.436,-1.24,-15.674,-14.513,22,5405.0,2013.0,2009.0,1989.0,2009.0,98.808,100.0,-1.192,22,445.0,202.0,201.0,173.0,177.0,85.644,88.06,-2.416,22,4960.0,1811.0,1808.0,1816.0,1832.0,100.276,101.327,-1.051,-1.365,-1.224,True
2003-04,2003,1610612756,PHX,48,24,5785.0,2267.0,2264.0,2274.0,2310.0,100.309,102.032,-1.723,24,372.0,158.0,161.0,154.0,192.0,97.468,119.255,-21.786,24,5413.0,2109.0,2103.0,2120.0,2118.0,100.522,100.713,-0.192,-21.595,-20.063,24,5785.0,2252.0,2264.0,2296.0,2301.0,101.954,101.634,0.32,24,428.0,203.0,207.0,181.0,201.0,89.163,97.101,-7.939,24,5357.0,2049.0,2057.0,2115.0,2100.0,103.221,102.09,1.131,-9.07,-8.258,True
2003-04,2003,1610612757,POR,50,25,6100.0,2204.0,2200.0,2321.0,2341.0,105.309,106.409,-1.101,25,432.0,167.0,174.0,182.0,176.0,108.982,101.149,7.833,25,5668.0,2037.0,2026.0,2139.0,2165.0,105.007,106.861,-1.853,9.686,8.933,25,6200.0,2268.0,2276.0,2334.0,2298.0,102.91,100.967,1.943,25,620.0,250.0,247.0,241.0,240.0,96.4,97.166,-0.766,25,5580.0,2018.0,2029.0,2093.0,2058.0,103.717,101.429,2.287,-3.053,-2.709,True
2003-04,2003,1610612758,SAC,43,21,5140.0,2000.0,2009.0,2192.0,2127.0,109.6,105.874,3.726,21,416.0,190.0,178.0,203.0,167.0,106.842,93.82,13.022,21,4724.0,1810.0,1831.0,1989.0,1960.0,109.89,107.045,2.844,10.178,9.295,22,5280.0,2057.0,2060.0,2158.0,2162.0,104.91,104.951,-0.041,22,394.0,179.0,183.0,185.0,182.0,103.352,99.454,3.898,22,4886.0,1878.0,1877.0,1973.0,1980.0,105.059,105.487,-0.429,4.327,3.94,True
2003-04,2003,1610612759,SAS,38,19,4635.0,1759.0,1762.0,1640.0,1624.0,93.235,92.168,1.067,19,365.0,151.0,162.0,125.0,152.0,82.781,93.827,-11.046,19,4270.0,1608.0,1600.0,1515.0,1472.0,94.216,92.0,2.216,-13.262,-12.113,19,4560.0,1704.0,1700.0,1710.0,1679.0,100.352,98.765,1.587,19,307.0,137.0,126.0,149.0,127.0,108.759,100.794,7.965,19,4253.0,1567.0,1574.0,1561.0,1552.0,99.617,98.602,1.015,6.951,6.378,True
2003-04,2003,1610612760,SEA,42,21,5115.0,1968.0,1963.0,2134.0,2086.0,108.435,106.266,2.169,21,415.0,197.0,180.0,211.0,171.0,107.107,95.0,12.107,21,4700.0,1771.0,1783.0,1923.0,1915.0,108.583,107.403,1.179,10.927,9.938,21,5090.0,1915.0,1918.0,2014.0,2060.0,105.17,107.404,-2.234,21,337.0,140.0,153.0,164.0,190.0,117.143,124.183,-7.04,21,4753.0,1775.0,1765.0,1850.0,1870.0,104.225,105.949,-1.724,-5.316,-4.806,True
2003-04,2003,1610612761,TOR,47,23,5670.0,2068.0,2063.0,2017.0,1977.0,97.534,95.831,1.703,23,581.0,246.0,244.0,238.0,231.0,96.748,94.672,2.076,23,5089.0,1822.0,1819.0,1779.0,1746.0,97.64,95.987,1.653,0.423,0.373,24,5910.0,2207.0,2210.0,2123.0,2171.0,96.194,98.235,-2.041,24,501.0,194.0,216.0,170.0,216.0,87.629,100.0,-12.371,24,5409.0,2013.0,1994.0,1953.0,1955.0,97.019,98.044,-1.025,-11.346,-10.33,True
2003-04,2003,1610612762,UTA,41,20,4875.0,1811.0,1814.0,1858.0,1878.0,102.595,103.528,-0.933,20,322.0,135.0,136.0,147.0,139.0,108.889,102.206,6.683,20,4553.0,1676.0,1678.0,1711.0,1739.0,102.088,103.635,-1.547,8.23,7.616,21,5065.0,1865.0,1861.0,1875.0,1822.0,100.536,97.904,2.632,21,374.0,168.0,159.0,182.0,148.0,108.333,93.082,15.252,21,4691.0,1697.0,1702.0,1693.0,1674.0,99.764,98.355,1.409,13.842,12.62,True
2003-04,2003,1610612764,WAS,39,19,4610.0,1780.0,1784.0,1705.0,1756.0,95.787,98.43,-2.644,19,335.0,144.0,151.0,138.0,155.0,95.833,102.649,-6.816,19,4275.0,1636.0,1633.0,1567.0,1601.0,95.782,98.04,-2.258,-4.558,-4.172,20,4900.0,1945.0,1946.0,1982.0,1997.0,101.902,102.621,-0.718,20,395.0,177.0,178.0,171.0,203.0,96.61,114.045,-17.435,20,4505.0,1768.0,1768.0,1811.0,1794.0,102.432,101.471,0.962,-18.396,-16.716,True
2004-05,2004,1610612737,ATL,37,18,4370.0,1669.0,1671.0,1649.0,1708.0,98.802,102.214,-3.413,18,337.0,150.0,162.0,125.0,161.0,83.333,99.383,-16.049,18,4033.0,1519.0,1509.0,1524.0,1547.0,100.329,102.518,-2.189,-13.86,-12.637,19,4685.0,1836.0,1834.0,1953.0,2011.0,106.373,109.651,-3.278,19,445.0,195.0,197.0,201.0,232.0,103.077,117.766,-14.69,19,4240.0,1641.0,1637.0,1752.0,1779.0,106.764,108.674,-1.91,-12.779,-11.411,True
2004-05,2004,1610612738,BOS,51,25,6100.0,2402.0,2398.0,2511.0,2501.0,104.538,104.295,0.243,25,557.0,240.0,251.0,226.0,236.0,94.167,94.024,0.143,25,5543.0,2162.0,2147.0,2285.0,2265.0,105.689,105.496,0.193,-0.05,-0.1,26,6340.0,2475.0,2477.0,2664.0,2630.0,107.636,106.177,1.46,26,555.0,242.0,235.0,248.0,225.0,102.479,95.745,6.735,26,5785.0,2233.0,2242.0,2416.0,2405.0,108.195,107.27,0.925,5.81,5.275,True
2004-05,2004,1610612766,CHA,47,23,5695.0,2185.0,2188.0,2200.0,2229.0,100.686,101.874,-1.187,23,554.0,245.0,241.0,217.0,243.0,88.571,100.83,-12.258,23,5141.0,1940.0,1947.0,1983.0,1986.0,102.216,102.003,0.213,-12.472,-11.071,24,5785.0,2260.0,2260.0,2308.0,2399.0,102.124,106.15,-4.027,24,377.0,161.0,171.0,154.0,200.0,95.652,116.959,-21.307,24,5408.0,2099.0,2089.0,2154.0,2199.0,102.62,105.266,-2.645,-18.662,-17.28,True
2004-05,2004,1610612741,CHI,46,23,5570.0,2153.0,2160.0,2140.0,2128.0,99.396,98.519,0.878,23,381.0,183.0,173.0,161.0,154.0,87.978,89.017,-1.039,23,5189.0,1970.0,1987.0,1979.0,1974.0,100.457,99.346,1.111,-2.15,-1.917,23,5620.0,2162.0,2174.0,2176.0,2122.0,100.648,97.608,3.039,23,524.0,236.0,235.0,244.0,201.0,103.39,85.532,17.858,23,5096.0,1926.0,1939.0,1932.0,1921.0,100.312,99.072,1.24,16.618,14.818,True
2004-05,2004,1610612739,CLE,36,18,4445.0,1698.0,1690.0,1796.0,1768.0,105.771,104.615,1.156,18,366.0,153.0,151.0,166.0,145.0,108.497,96.026,12.47,18,4079.0,1545.0,1539.0,1630.0,1623.0,105.502,105.458,0.044,12.427,11.314,18,4370.0,1654.0,1651.0,1738.0,1768.0,105.079,107.087,-2.008,18,266.0,116.0,125.0,94.0,145.0,81.034,116.0,-34.966,18,4104.0,1538.0,1526.0,1644.0,1623.0,106.892,106.356,0.536,-35.501,-32.958,True
2004-05,2004,1610612742,DAL,43,21,5090.0,2002.0,1992.0,2128.0,2064.0,106.294,103.614,2.679,21,335.0,157.0,160.0,173.0,153.0,110.191,95.625,14.566,21,4755.0,1845.0,1832.0,1955.0,1911.0,105.962,104.312,1.65,12.916,11.887,22,5280.0,2088.0,2087.0,2290.0,2234.0,109.674,107.044,2.631,22,269.0,129.0,122.0,151.0,120.0,117.054,98.361,18.694,22,5011.0,1959.0,1965.0,2139.0,2114.0,109.188,107.583,1.606,17.088,16.063,True
2004-05,2004,1610612743,DEN,39,19,4585.0,1782.0,1787.0,1844.0,1874.0,103.479,104.868,-1.389,19,297.0,128.0,129.0,124.0,130.0,96.875,100.775,-3.9,19,4288.0,1654.0,1658.0,1720.0,1744.0,103.99,105.187,-1.197,-2.704,-2.511,20,4850.0,1894.0,1897.0,2025.0,1998.0,106.917,105.324,1.592,20,384.0,171.0,170.0,197.0,159.0,115.205,93.529,21.675,20,4466.0,1723.0,1727.0,1828.0,1839.0,106.094,106.485,-0.391,22.066,20.083,True
2004-05,2004,1610612765,DET,40,20,4950.0,1826.0,1827.0,1827.0,1813.0,100.055,99.234,0.821,20,421.0,179.0,174.0,166.0,145.0,92.737,83.333,9.404,20,4529.0,1647.0,1653.0,1661.0,1668.0,100.85,100.907,-0.057,9.462,8.583,20,4925.0,1799.0,1803.0,1898.0,1857.0,105.503,102.995,2.508,20,450.0,189.0,187.0,202.0,187.0,106.878,100.0,6.878,20,4475.0,1610.0,1616.0,1696.0,1670.0,105.342,103.342,2.0,4.878,4.37,True
2004-05,2004,1610612744,GSW,49,24,5860.0,2307.0,2308.0,2345.0,2379.0,101.647,103.076,-1.429,24,412.0,191.0,190.0,176.0,170.0,92.147,89.474,2.673,24,5448.0,2116.0,2118.0,2169.0,2209.0,102.505,104.297,-1.792,4.465,4.102,25,6125.0,2390.0,2390.0,2609.0,2594.0,109.163,108.536,0.628,25,471.0,213.0,204.0,227.0,196.0,106.573,96.078,10.494,25,5654.0,2177.0,2186.0,2382.0,2398.0,109.417,109.698,-0.281,10.776,9.867,True
2004-05,2004,1610612745,HOU,43,21,5165.0,1928.0,1928.0,1879.0,1897.0,97.459,98.392,-0.934,21,408.0,176.0,183.0,148.0,172.0,84.091,93.989,-9.898,21,4757.0,1752.0,1745.0,1731.0,1725.0,98.801,98.854,-0.052,-9.846,-8.965,22,5330.0,1983.0,1987.0,2072.0,2050.0,104.488,103.171,1.318,22,374.0,171.0,161.0,184.0,188.0,107.602,116.77,-9.168,22,4956.0,1812.0,1826.0,1888.0,1862.0,104.194,101.972,2.223,-11.391,-10.485,True
2004-05,2004,1610612754,IND,51,25,6150.0,2282.0,2285.0,2315.0,2329.0,101.446,101.926,-0.48,25,497.0,222.0,223.0,242.0,215.0,109.009,96.413,12.596,25,5653.0,2060.0,2062.0,2073.0,2114.0,100.631,102.522,-1.891,14.487,13.076,26,6315.0,2311.0,2312.0,2409.0,2398.0,104.241,103.72,0.521,26,514.0,226.0,217.0,217.0,196.0,96.018,90.323,5.695,26,5801.0,2085.0,2095.0,2192.0,2202.0,105.132,105.107,0.024,5.671,5.174,True
2004-05,2004,1610612746,LAC,50,25,6275.0,2314.0,2307.0,2378.0,2352.0,102.766,101.951,0.815,25,649.0,266.0,262.0,258.0,275.0,96.992,104.962,-7.969,25,5626.0,2048.0,2045.0,2120.0,2077.0,103.516,101.565,1.951,-9.92,-8.785,25,6075.0,2332.0,2329.0,2465.0,2453.0,105.703,105.324,0.379,25,503.0,219.0,215.0,233.0,234.0,106.393,108.837,-2.445,25,5572.0,2113.0,2114.0,2232.0,2219.0,105.632,104.967,0.665,-3.109,-2.824,True
2004-05,2004,1610612747,LAL,49,24,5810.0,2230.0,2224.0,2393.0,2344.0,107.309,105.396,1.914,24,456.0,198.0,195.0,206.0,186.0,104.04,95.385,8.656,24,5354.0,2032.0,2029.0,2187.0,2158.0,107.628,106.358,1.27,7.386,6.742,25,6050.0,2337.0,2345.0,2550.0,2606.0,109.114,111.13,-2.016,25,412.0,177.0,203.0,185.0,218.0,104.52,107.389,-2.869,25,5638.0,2160.0,2142.0,2365.0,2388.0,109.491,111.485,-1.994,-0.876,-0.854,True
2004-05,2004,1610612763,MEM,48,24,5760.0,2128.0,2139.0,2237.0,2214.0,105.122,103.506,1.616,24,333.0,138.0,142.0,133.0,132.0,96.377,92.958,3.419,24,5427.0,1990.0,1997.0,2104.0,2082.0,105.729,104.256,1.472,1.947,1.803,24,5785.0,2163.0,2159.0,2235.0,2192.0,103.329,101.528,1.8,24,403.0,173.0,170.0,190.0,159.0,109.827,93.529,16.297,24,5382.0,1990.0,1989.0,2045.0,2033.0,102.764,102.212,0.552,15.746,14.497,True
2004-05,2004,1610612748,MIA,42,21,5215.0,1984.0,1980.0,2124.0,2074.0,107.056,104.747,2.309,21,522.0,227.0,223.0,259.0,207.0,114.097,92.825,21.272,21,4693.0,1757.0,1757.0,1865.0,1867.0,106.147,106.261,-0.114,21.386,18.963,21,5165.0,1980.0,1973.0,2080.0,2053.0,105.051,104.055,0.996,21,396.0,184.0,173.0,188.0,180.0,102.174,104.046,-1.872,21,4769.0,1796.0,1800.0,1892.0,1873.0,105.345,104.056,1.29,-3.162,-2.868,True
2004-05,2004,1610612749,MIL,47,23,5595.0,2147.0,2152.0,2217.0,2217.0,103.26,103.02,0.24,23,480.0,217.0,219.0,219.0,217.0,100.922,99.087,1.835,23,5115.0,1930.0,1933.0,1998.0,2000.0,103.523,103.466,0.057,1.778,1.595,24,5785.0,2213.0,2214.0,2425.0,2453.0,109.58,110.795,-1.215,24,367.0,166.0,183.0,184.0,218.0,110.843,119.126,-8.282,24,5418.0,2047.0,2031.0,2241.0,2235.0,109.477,110.044,-0.567,-7.715,-7.067,True
2004-05,2004,1610612750,MIN,55,27,6530.0,2498.0,2497.0,2625.0,2630.0,105.084,105.326,-0.242,27,321.0,140.0,143.0,153.0,131.0,109.286,91.608,17.677,27,6209.0,2358.0,2354.0,2472.0,2499.0,104.835,106.16,-1.325,19.002,17.92,28,6745.0,2532.0,2533.0,2684.0,2682.0,106.003,105.882,0.121,28,473.0,195.0,199.0,222.0,210.0,113.846,105.528,8.319,28,6272.0,2337.0,2334.0,2462.0,2472.0,105.349,105.913,-0.564,8.882,8.198,True
2004-05,2004,1610612751,NJN,39,19,4685.0,1766.0,1764.0,1690.0,1710.0,95.696,96.939,-1.242,19,372.0,166.0,172.0,159.0,163.0,95.783,94.767,1.016,19,4313.0,1600.0,1592.0,1531.0,1547.0,95.688,97.173,-1.486,2.502,2.258,20,4900.0,1875.0,1870.0,1935.0,1899.0,103.2,101.551,1.649,20,375.0,174.0,146.0,181.0,142.0,104.023,97.26,6.763,20,4525.0,1701.0,1724.0,1754.0,1757.0,103.116,101.914,1.202,5.561,5.114,True
2004-05,2004,1610612740,NOH,48,24,5935.0,2175.0,2175.0,2197.0,2292.0,101.011,105.379,-4.368,24,511.0,218.0,227.0,184.0,253.0,84.404,111.454,-27.05,24,5424.0,1957.0,1948.0,2013.0,2039.0,102.862,104.671,-1.81,-25.24,-22.682,24,5835.0,2185.0,2186.0,2219.0,2244.0,101.556,102.653,-1.097,24,457.0,199.0,197.0,183.0,203.0,91.96,103.046,-11.086,24,5378.0,1986.0,1989.0,2036.0,2041.0,102.518,102.614,-0.097,-10.989,-9.989,True
2004-05,2004,1610612752,NYK,47,23,5570.0,2144.0,2142.0,2201.0,2231.0,102.659,104.155,-1.496,23,391.0,169.0,175.0,166.0,187.0,98.225,106.857,-8.632,23,5179.0,1975.0,1967.0,2035.0,2044.0,103.038,103.915,-0.877,-7.756,-7.136,24,5910.0,2276.0,2275.0,2441.0,2499.0,107.25,109.846,-2.597,24,518.0,226.0,241.0,214.0,276.0,94.69,114.523,-19.833,24,5392.0,2050.0,2034.0,2227.0,2223.0,108.634,109.292,-0.658,-19.175,-17.236,True
2004-05,2004,1610612753,ORL,49,24,5760.0,2275.0,2277.0,2382.0,2361.0,104.703,103.689,1.014,24,343.0,164.0,158.0,160.0,176.0,97.561,111.392,-13.831,24,5417.0,2111.0,2119.0,2222.0,2185.0,105.258,103.115,2.143,-15.975,-14.846,25,6025.0,2388.0,2390.0,2480.0,2531.0,103.853,105.9,-2.047,25,434.0,192.0,199.0,186.0,205.0,96.875,103.015,-6.14,25,5591.0,2196.0,2191.0,2294.0,2326.0,104.463,106.162,-1.699,-4.441,-4.093,True
2004-05,2004,1610612755,PHI,47,23,5620.0,2212.0,2217.0,2280.0,2253.0,103.074,101.624,1.45,23,436.0,202.0,198.0,191.0,184.0,94.554,92.929,1.625,23,5184.0,2010.0,2019.0,2089.0,2069.0,103.93,102.476,1.454,0.171,0.175,24,5835.0,2362.0,2362.0,2407.0,2392.0,101.905,101.27,0.635,24,494.0,225.0,213.0,218.0,206.0,96.889,96.714,0.175,24,5341.0,2137.0,2149.0,2189.0,2186.0,102.433,101.722,0.712,-0.536,-0.46,True
2004-05,2004,1610612756,PHX,39,19,4610.0,1833.0,1833.0,2040.0,2008.0,111.293,109.547,1.746,19,228.0,110.0,110.0,133.0,124.0,120.909,112.727,8.182,19,4382.0,1723.0,1723.0,1907.0,1884.0,110.679,109.344,1.335,6.847,6.436,20,4850.0,1998.0,1989.0,2201.0,2135.0,110.16,107.34,2.82,20,364.0,162.0,163.0,171.0,146.0,105.556,89.571,15.985,20,4486.0,1836.0,1826.0,2030.0,1989.0,110.566,108.927,1.64,14.345,13.165,True
2004-05,2004,1610612757,POR,47,23,5570.0,2075.0,2080.0,2106.0,2156.0,101.494,103.654,-2.16,23,423.0,175.0,185.0,160.0,202.0,91.429,109.189,-17.761,23,5147.0,1900.0,1895.0,1946.0,1954.0,102.421,103.113,-0.692,-17.068,-15.601,24,5760.0,2197.0,2199.0,2275.0,2317.0,103.55,105.366,-1.816,24,408.0,171.0,170.0,163.0,179.0,95.322,105.294,-9.972,24,5352.0,2026.0,2029.0,2112.0,2138.0,104.245,105.372,-1.127,-8.845,-8.157,True
2004-05,2004,1610612758,SAC,48,24,5860.0,2293.0,2292.0,2433.0,2391.0,106.106,104.319,1.786,24,489.0,217.0,215.0,232.0,213.0,106.912,99.07,7.843,24,5371.0,2076.0,2077.0,2201.0,2178.0,106.021,104.863,1.158,6.684,6.057,24,5835.0,2307.0,2307.0,2542.0,2567.0,110.186,111.27,-1.084,24,468.0,208.0,219.0,215.0,242.0,103.365,110.502,-7.137,24,5367.0,2099.0,2088.0,2327.0,2325.0,110.862,111.351,-0.488,-6.649,-6.053,True
2004-05,2004,1610612759,SAS,32,16,3865.0,1451.0,1447.0,1442.0,1435.0,99.38,99.171,0.209,16,260.0,124.0,121.0,130.0,138.0,104.839,114.05,-9.211,16,3605.0,1327.0,1326.0,1312.0,1297.0,98.87,97.813,1.057,-10.268,-9.42,16,3940.0,1500.0,1496.0,1586.0,1578.0,105.733,105.481,0.252,16,402.0,173.0,167.0,195.0,181.0,112.717,108.383,4.334,16,3538.0,1327.0,1329.0,1391.0,1397.0,104.823,105.117,-0.294,4.627,4.081,True
2004-05,2004,1610612760,SEA,43,21,5090.0,1887.0,1887.0,2127.0,2076.0,112.719,110.016,2.703,21,351.0,152.0,141.0,187.0,152.0,123.026,107.801,15.225,21,4739.0,1735.0,1746.0,1940.0,1924.0,111.816,110.195,1.621,13.604,12.522,22,5305.0,1955.0,1954.0,2125.0,2090.0,108.696,106.96,1.736,22,378.0,168.0,162.0,196.0,167.0,116.667,103.086,13.58,22,4927.0,1787.0,1792.0,1929.0,1923.0,107.946,107.31,0.636,12.944,11.845,True
2004-05,2004,1610612761,TOR,46,23,5595.0,2172.0,2171.0,2237.0,2273.0,102.993,104.698,-1.706,23,439.0,190.0,188.0,197.0,203.0,103.684,107.979,-4.295,23,5156.0,1982.0,1983.0,2040.0,2070.0,102.926,104.387,-1.461,-2.834,-2.589,23,5570.0,2158.0,2156.0,2335.0,2337.0,108.202,108.395,-0.193,23,391.0,166.0,161.0,197.0,162.0,118.675,100.621,18.054,23,5179.0,1992.0,1995.0,2138.0,2175.0,107.329,109.023,-1.693,19.747,18.247,True
2004-05,2004,1610612762,UTA,41,20,4875.0,1813.0,1818.0,1872.0,1924.0,103.254,105.831,-2.576,20,377.0,168.0,176.0,177.0,214.0,105.357,121.591,-16.234,20,4498.0,1645.0,1642.0,1695.0,1710.0,103.04,104.141,-1.102,-15.132,-13.657,21,5065.0,1908.0,1911.0,1983.0,2011.0,103.931,105.233,-1.302,21,346.0,166.0,166.0,153.0,162.0,92.169,97.59,-5.422,21,4719.0,1742.0,1745.0,1830.0,1849.0,105.052,105.96,-0.908,-4.513,-4.12,True
2004-05,2004,1610612764,WAS,51,25,6100.0,2427.0,2422.0,2640.0,2615.0,108.776,107.969,0.808,25,491.0,221.0,218.0,258.0,224.0,116.742,102.752,13.99,25,5609.0,2206.0,2204.0,2382.0,2391.0,107.978,108.485,-0.506,14.496,13.182,26,6240.0,2436.0,2434.0,2584.0,2603.0,106.076,106.943,-0.868,26,417.0,195.0,198.0,198.0,233.0,101.538,117.677,-16.138,26,5823.0,2241.0,2236.0,2386.0,2370.0,106.47,105.993,0.477,-16.616,-15.271,True
2005-06,2005,1610612737,ATL,52,26,6290.0,2415.0,2409.0,2552.0,2598.0,105.673,107.846,-2.173,26,456.0,198.0,207.0,181.0,214.0,91.414,103.382,-11.968,26,5834.0,2217.0,2202.0,2371.0,2384.0,106.946,108.265,-1.319,-10.649,-9.795,26,6390.0,2418.0,2415.0,2650.0,2680.0,109.595,110.973,-1.378,26,590.0,255.0,263.0,254.0,291.0,99.608,110.646,-11.039,26,5800.0,2163.0,2152.0,2396.0,2389.0,110.772,111.013,-0.241,-10.798,-9.66,True
2005-06,2005,1610612738,BOS,54,27,6605.0,2590.0,2589.0,2727.0,2720.0,105.29,105.06,0.23,27,593.0,279.0,281.0,265.0,273.0,94.982,97.153,-2.171,27,6012.0,2311.0,2308.0,2462.0,2447.0,106.534,106.023,0.511,-2.682,-2.401,27,6555.0,2531.0,2542.0,2648.0,2732.0,104.623,107.474,-2.852,27,481.0,216.0,227.0,204.0,246.0,94.444,108.37,-13.926,27,6074.0,2315.0,2315.0,2444.0,2486.0,105.572,107.387,-1.814,-12.111,-11.074,True
2005-06,2005,1610612766,CHA,45,22,5430.0,2138.0,2132.0,2148.0,2206.0,100.468,103.471,-3.003,22,436.0,180.0,180.0,162.0,189.0,90.0,105.0,-15.0,22,4994.0,1958.0,1952.0,1986.0,2017.0,101.43,103.33,-1.9,-13.1,-11.997,23,5595.0,2205.0,2197.0,2378.0,2385.0,107.846,108.557,-0.711,23,400.0,180.0,172.0,204.0,166.0,113.333,96.512,16.822,23,5195.0,2025.0,2025.0,2174.0,2219.0,107.358,109.58,-2.222,19.044,17.533,True
2005-06,2005,1610612741,CHI,52,26,6390.0,2488.0,2487.0,2581.0,2558.0,103.738,102.855,0.883,26,538.0,250.0,250.0,256.0,236.0,102.4,94.4,8.0,26,5852.0,2238.0,2237.0,2325.0,2322.0,103.887,103.8,0.088,7.912,7.117,26,6315.0,2505.0,2499.0,2592.0,2552.0,103.473,102.121,1.352,26,469.0,219.0,209.0,249.0,199.0,113.699,95.215,18.483,26,5846.0,2286.0,2290.0,2343.0,2353.0,102.493,102.751,-0.258,18.741,17.131,True
2005-06,2005,1610612739,CLE,52,26,6290.0,2382.0,2379.0,2573.0,2560.0,108.018,107.608,0.41,26,389.0,171.0,165.0,197.0,179.0,115.205,108.485,6.72,26,5901.0,2211.0,2214.0,2376.0,2381.0,107.463,107.543,-0.08,6.8,6.31,26,6340.0,2411.0,2398.0,2533.0,2526.0,105.06,105.338,-0.278,26,485.0,220.0,227.0,248.0,240.0,112.727,105.727,7.0,26,5855.0,2191.0,2171.0,2285.0,2286.0,104.29,105.297,-1.007,8.007,7.278,True
2005-06,2005,1610612742,DAL,44,22,5405.0,2030.0,2031.0,2190.0,2106.0,107.882,103.693,4.189,22,431.0,187.0,174.0,203.0,171.0,108.556,98.276,10.28,22,4974.0,1843.0,1857.0,1987.0,1935.0,107.813,104.2,3.613,6.667,6.091,22,5355.0,1976.0,1978.0,2115.0,2091.0,107.034,105.713,1.322,22,405.0,185.0,170.0,190.0,164.0,102.703,96.471,6.232,22,4950.0,1791.0,1808.0,1925.0,1927.0,107.482,106.582,0.9,5.332,4.911,True
2005-06,2005,1610612743,DEN,41,20,4975.0,1973.0,1981.0,2080.0,2102.0,105.423,106.108,-0.685,20,461.0,195.0,199.0,209.0,230.0,107.179,115.578,-8.398,20,4514.0,1778.0,1782.0,1871.0,1872.0,105.231,105.051,0.18,-8.578,-7.714,21,5115.0,2035.0,2040.0,2117.0,2099.0,104.029,102.892,1.137,21,422.0,182.0,187.0,176.0,163.0,96.703,87.166,9.538,21,4693.0,1853.0,1853.0,1941.0,1936.0,104.749,104.479,0.27,9.268,8.4,True
2005-06,2005,1610612765,DET,38,19,4710.0,1684.0,1686.0,1815.0,1772.0,107.779,105.101,2.678,19,467.0,192.0,183.0,210.0,178.0,109.375,97.268,12.107,19,4243.0,1492.0,1503.0,1605.0,1594.0,107.574,106.055,1.519,10.588,9.429,19,4560.0,1670.0,1672.0,1809.0,1745.0,108.323,104.366,3.957,19,275.0,121.0,113.0,139.0,119.0,114.876,105.31,9.566,19,4285.0,1549.0,1559.0,1670.0,1626.0,107.811,104.298,3.514,6.052,5.609,True
2005-06,2005,1610612744,GSW,51,25,6075.0,2409.0,2410.0,2550.0,2557.0,105.853,106.1,-0.247,25,422.0,180.0,186.0,188.0,202.0,104.444,108.602,-4.158,25,5653.0,2229.0,2224.0,2362.0,2355.0,105.967,105.89,0.077,-4.234,-3.911,26,6315.0,2473.0,2479.0,2550.0,2608.0,103.114,105.204,-2.09,26,448.0,208.0,205.0,204.0,239.0,98.077,116.585,-18.508,26,5867.0,2265.0,2274.0,2346.0,2369.0,103.576,104.178,-0.602,-17.907,-16.418,True
2005-06,2005,1610612745,HOU,45,22,5405.0,1955.0,1959.0,1955.0,1999.0,100.0,102.042,-2.042,22,457.0,174.0,188.0,176.0,218.0,101.149,115.957,-14.808,22,4948.0,1781.0,1771.0,1779.0,1781.0,99.888,100.565,-0.677,-14.131,-12.766,23,5545.0,2085.0,2088.0,2105.0,2115.0,100.959,101.293,-0.334,23,388.0,177.0,178.0,165.0,150.0,93.22,84.27,8.951,23,5157.0,1908.0,1910.0,1940.0,1965.0,101.677,102.88,-1.202,10.153,9.285,True
2005-06,2005,1610612754,IND,47,23,5520.0,2106.0,2113.0,2146.0,2163.0,101.899,102.366,-0.467,23,284.0,139.0,138.0,127.0,137.0,91.367,99.275,-7.908,23,5236.0,1967.0,1975.0,2019.0,2026.0,102.644,102.582,0.061,-7.97,-7.441,24,5810.0,2196.0,2184.0,2295.0,2276.0,104.508,104.212,0.296,24,413.0,176.0,169.0,161.0,175.0,91.477,103.55,-12.073,24,5397.0,2020.0,2015.0,2134.0,2101.0,105.644,104.268,1.376,-13.449,-12.369,True
2005-06,2005,1610612746,LAC,40,20,4900.0,1889.0,1893.0,1975.0,1935.0,104.553,102.219,2.334,20,363.0,157.0,154.0,175.0,139.0,111.465,90.26,21.205,20,4537.0,1732.0,1739.0,1800.0,1796.0,103.926,103.278,0.648,20.557,18.871,20,4825.0,1863.0,1860.0,1953.0,1944.0,104.831,104.516,0.315,20,309.0,134.0,143.0,151.0,135.0,112.687,94.406,18.281,20,4516.0,1729.0,1717.0,1802.0,1809.0,104.222,105.358,-1.136,19.417,17.966,True
2005-06,2005,1610612747,LAL,40,20,4900.0,1874.0,1870.0,1929.0,1954.0,102.935,104.492,-1.557,20,434.0,179.0,190.0,186.0,206.0,103.911,108.421,-4.51,20,4466.0,1695.0,1680.0,1743.0,1748.0,102.832,104.048,-1.216,-3.295,-2.953,20,4875.0,1882.0,1882.0,2047.0,2035.0,108.767,108.13,0.638,20,393.0,169.0,168.0,192.0,186.0,113.609,110.714,2.895,20,4482.0,1713.0,1714.0,1855.0,1849.0,108.29,107.876,0.413,2.482,2.258,True
2005-06,2005,1610612763,MEM,44,22,5405.0,1924.0,1919.0,1991.0,1980.0,103.482,103.179,0.304,22,448.0,194.0,185.0,191.0,199.0,98.454,107.568,-9.114,22,4957.0,1730.0,1734.0,1800.0,1781.0,104.046,102.71,1.336,-10.45,-9.418,22,5330.0,1975.0,1973.0,2080.0,2036.0,105.316,103.193,2.123,22,386.0,172.0,163.0,198.0,134.0,115.116,82.209,32.908,22,4944.0,1803.0,1810.0,1882.0,1902.0,104.382,105.083,-0.701,33.609,30.784,True
2005-06,2005,1610612748,MIA,42,21,5090.0,1941.0,1943.0,2013.0,2061.0,103.709,106.073,-2.364,21,371.0,148.0,164.0,147.0,187.0,99.324,114.024,-14.7,21,4719.0,1793.0,1779.0,1866.0,1874.0,104.071,105.34,-1.269,-13.431,-12.336,21,5065.0,1941.0,1939.0,2089.0,2080.0,107.625,107.272,0.353,21,320.0,136.0,139.0,180.0,133.0,132.353,95.683,36.669,21,4745.0,1805.0,1800.0,1909.0,1947.0,105.762,108.167,-2.405,39.074,36.316,True
2005-06,2005,1610612749,MIL,54,27,6580.0,2538.0,2538.0,2639.0,2632.0,103.98,103.704,0.276,27,446.0,205.0,202.0,232.0,179.0,113.171,88.614,24.557,27,6134.0,2333.0,2336.0,2407.0,2453.0,103.172,105.009,-1.837,26.394,24.281,27,6555.0,2500.0,2505.0,2661.0,2687.0,106.44,107.265,-0.825,27,479.0,201.0,201.0,189.0,205.0,94.03,101.99,-7.96,27,6076.0,2299.0,2304.0,2472.0,2482.0,107.525,107.726,-0.201,-7.76,-7.135,True
2005-06,2005,1610612750,MIN,53,26,6315.0,2292.0,2296.0,2360.0,2364.0,102.967,102.962,0.005,26,453.0,194.0,198.0,178.0,212.0,91.753,107.071,-15.318,26,5862.0,2098.0,2098.0,2182.0,2152.0,104.004,102.574,1.43,-16.748,-15.323,27,6580.0,2520.0,2518.0,2543.0,2600.0,100.913,103.257,-2.344,27,482.0,213.0,218.0,211.0,246.0,99.061,112.844,-13.783,27,6098.0,2307.0,2300.0,2332.0,2354.0,101.084,102.348,-1.264,-12.519,-11.439,True
2005-06,2005,1610612751,NJN,44,22,5330.0,2037.0,2034.0,2129.0,2082.0,104.516,102.36,2.157,22,252.0,129.0,123.0,155.0,121.0,120.155,98.374,21.781,22,5078.0,1908.0,1911.0,1974.0,1961.0,103.459,102.616,0.843,20.938,19.624,22,5330.0,2007.0,2004.0,2021.0,2003.0,100.698,99.95,0.747,22,389.0,176.0,180.0,178.0,179.0,101.136,99.444,1.692,22,4941.0,1831.0,1824.0,1843.0,1824.0,100.655,100.0,0.655,1.037,0.944,True
2005-06,2005,1610612740,NOK,45,22,5330.0,1981.0,1986.0,2046.0,2035.0,103.281,102.467,0.814,22,289.0,125.0,125.0,135.0,135.0,108.0,108.0,0.0,22,5041.0,1856.0,1861.0,1911.0,1900.0,102.963,102.096,0.868,-0.868,-0.814,23,5595.0,2107.0,2115.0,2279.0,2274.0,108.163,107.518,0.646,23,429.0,174.0,179.0,199.0,175.0,114.368,97.765,16.602,23,5166.0,1933.0,1936.0,2080.0,2099.0,107.605,108.419,-0.815,17.417,15.957,True
2005-06,2005,1610612752,NYK,40,20,4975.0,1918.0,1926.0,1974.0,2012.0,102.92,104.465,-1.546,20,467.0,214.0,212.0,214.0,229.0,100.0,108.019,-8.019,20,4508.0,1704.0,1714.0,1760.0,1783.0,103.286,104.026,-0.739,-7.28,-6.473,20,4875.0,1857.0,1860.0,1973.0,2002.0,106.247,107.634,-1.388,20,352.0,175.0,168.0,176.0,201.0,100.571,119.643,-19.071,20,4523.0,1682.0,1692.0,1797.0,1801.0,106.837,106.442,0.395,-19.466,-17.684,True
2005-06,2005,1610612753,ORL,43,21,5140.0,1904.0,1900.0,1954.0,1982.0,102.626,104.316,-1.69,21,389.0,164.0,175.0,160.0,181.0,97.561,103.429,-5.868,21,4751.0,1740.0,1725.0,1794.0,1801.0,103.103,104.406,-1.302,-4.565,-4.178,22,5405.0,2019.0,2023.0,2143.0,2155.0,106.142,106.525,-0.383,22,484.0,199.0,205.0,206.0,214.0,103.518,104.39,-0.873,22,4921.0,1820.0,1818.0,1937.0,1941.0,106.429,106.766,-0.337,-0.536,-0.489,True
2005-06,2005,1610612755,PHI,46,23,5695.0,2247.0,2249.0,2366.0,2384.0,105.296,106.003,-0.707,23,507.0,245.0,240.0,217.0,225.0,88.571,93.75,-5.179,23,5188.0,2002.0,2009.0,2149.0,2159.0,107.343,107.466,-0.124,-5.055,-4.472,23,5570.0,2185.0,2192.0,2313.0,2309.0,105.858,105.338,0.521,23,375.0,174.0,173.0,159.0,161.0,91.379,93.064,-1.684,23,5195.0,2011.0,2019.0,2154.0,2148.0,107.111,106.389,0.722,-2.406,-2.205,True
2005-06,2005,1610612756,PHX,42,21,5265.0,2114.0,2110.0,2179.0,2154.0,103.075,102.085,0.989,21,523.0,232.0,223.0,239.0,223.0,103.017,100.0,3.017,21,4742.0,1882.0,1887.0,1940.0,1931.0,103.082,102.332,0.75,2.267,2.028,21,5090.0,2043.0,2043.0,2332.0,2300.0,114.146,112.58,1.566,21,306.0,123.0,122.0,135.0,139.0,109.756,113.934,-4.178,21,4784.0,1920.0,1921.0,2197.0,2161.0,114.427,112.493,1.934,-6.112,-5.745,True
2005-06,2005,1610612757,POR,39,19,4585.0,1646.0,1651.0,1693.0,1729.0,102.855,104.724,-1.869,19,389.0,177.0,175.0,158.0,167.0,89.266,95.429,-6.163,19,4196.0,1469.0,1476.0,1535.0,1562.0,104.493,105.827,-1.334,-4.829,-4.294,20,4825.0,1794.0,1791.0,1873.0,1880.0,104.404,104.969,-0.566,20,335.0,157.0,160.0,140.0,176.0,89.172,110.0,-20.828,20,4490.0,1637.0,1631.0,1733.0,1704.0,105.864,104.476,1.389,-22.217,-20.262,True
2005-06,2005,1610612758,SAC,40,20,4900.0,1920.0,1921.0,2040.0,2045.0,106.25,106.455,-0.205,20,381.0,169.0,169.0,177.0,165.0,104.734,97.633,7.101,20,4519.0,1751.0,1752.0,1863.0,1880.0,106.396,107.306,-0.91,8.01,7.306,20,4850.0,1886.0,1885.0,1950.0,1952.0,103.393,103.554,-0.161,20,338.0,146.0,146.0,144.0,143.0,98.63,97.945,0.685,20,4512.0,1740.0,1739.0,1806.0,1809.0,103.793,104.025,-0.232,0.917,0.846,True
2005-06,2005,1610612759,SAS,39,19,4635.0,1754.0,1749.0,1749.0,1721.0,99.715,98.399,1.316,19,330.0,158.0,148.0,149.0,127.0,94.304,85.811,8.493,19,4305.0,1596.0,1601.0,1600.0,1594.0,100.251,99.563,0.688,7.805,7.177,20,4850.0,1810.0,1811.0,1898.0,1836.0,104.862,101.38,3.481,20,366.0,171.0,167.0,187.0,156.0,109.357,93.413,15.944,20,4484.0,1639.0,1644.0,1711.0,1680.0,104.393,102.19,2.203,13.74,12.462,True
2005-06,2005,1610612760,SEA,44,22,5405.0,2079.0,2071.0,2359.0,2372.0,113.468,114.534,-1.066,22,453.0,194.0,197.0,210.0,232.0,108.247,117.766,-9.519,22,4952.0,1885.0,1874.0,2149.0,2140.0,114.005,114.194,-0.189,-9.33,-8.453,22,5305.0,2086.0,2089.0,2347.0,2317.0,112.512,110.914,1.598,22,342.0,150.0,151.0,178.0,156.0,118.667,103.311,15.355,22,4963.0,1936.0,1938.0,2169.0,2161.0,112.035,111.507,0.528,14.827,13.758,True
2005-06,2005,1610612761,TOR,49,24,5810.0,2262.0,2252.0,2434.0,2430.0,107.604,107.904,-0.3,24,457.0,192.0,193.0,202.0,200.0,105.208,103.627,1.581,24,5353.0,2070.0,2059.0,2232.0,2230.0,107.826,108.305,-0.479,2.06,1.882,25,6225.0,2367.0,2371.0,2614.0,2668.0,110.435,112.526,-2.091,25,567.0,245.0,250.0,242.0,307.0,98.776,122.8,-24.024,25,5658.0,2122.0,2121.0,2372.0,2361.0,111.781,111.315,0.466,-24.49,-21.933,True
2005-06,2005,1610612762,UTA,41,20,4900.0,1797.0,1800.0,1855.0,1845.0,103.228,102.5,0.728,20,375.0,155.0,154.0,177.0,168.0,114.194,109.091,5.103,20,4525.0,1642.0,1646.0,1678.0,1677.0,102.192,101.883,0.309,4.794,4.375,21,5140.0,1936.0,1935.0,2043.0,2026.0,105.527,104.703,0.824,21,395.0,177.0,180.0,179.0,179.0,101.13,99.444,1.685,21,4745.0,1759.0,1755.0,1864.0,1847.0,105.969,105.242,0.727,0.958,0.861,True
2005-06,2005,1610612764,WAS,48,24,5885.0,2303.0,2303.0,2403.0,2401.0,104.342,104.255,0.087,24,519.0,231.0,232.0,222.0,231.0,96.104,99.569,-3.465,24,5366.0,2072.0,2071.0,2181.0,2170.0,105.261,104.78,0.48,-3.945,-3.552,24,5785.0,2266.0,2264.0,2473.0,2457.0,109.135,108.525,0.61,24,345.0,161.0,156.0,174.0,180.0,108.075,115.385,-7.31,24,5440.0,2105.0,2108.0,2299.0,2277.0,109.216,108.017,1.199,-8.509,-7.92,True
2006-07,2006,1610612737,ATL,38,19,4685.0,1760.0,1761.0,1848.0,1810.0,105.0,102.783,2.217,19,413.0,177.0,170.0,167.0,163.0,94.35,95.882,-1.532,19,4272.0,1583.0,1591.0,1681.0,1647.0,106.191,103.52,2.671,-4.203,-3.75,19,4634.0,1773.0,1780.0,1896.0,1919.0,106.937,107.809,-0.872,19,313.0,137.0,150.0,133.0,160.0,97.08,106.667,-9.586,19,4321.0,1636.0,1630.0,1763.0,1759.0,107.763,107.914,-0.151,-9.435,-8.715,True
2006-07,2006,1610612738,BOS,53,26,6290.0,2457.0,2462.0,2544.0,2607.0,103.541,105.89,-2.349,26,456.0,196.0,207.0,174.0,212.0,88.776,102.415,-13.64,26,5834.0,2261.0,2255.0,2370.0,2395.0,104.821,106.208,-1.388,-12.252,-11.291,27,6605.0,2538.0,2537.0,2550.0,2597.0,100.473,102.365,-1.892,27,437.0,179.0,184.0,196.0,175.0,109.497,95.109,14.389,27,6168.0,2359.0,2353.0,2354.0,2422.0,99.788,102.932,-3.144,17.533,16.281,True
2006-07,2006,1610612766,CHA,39,19,4735.0,1826.0,1830.0,1874.0,1873.0,102.629,102.35,0.279,19,450.0,181.0,177.0,151.0,175.0,83.425,98.87,-15.445,19,4285.0,1645.0,1653.0,1723.0,1698.0,104.742,102.722,2.019,-17.464,-15.724,20,4950.0,1900.0,1903.0,2012.0,2018.0,105.895,106.043,-0.148,20,444.0,193.0,190.0,200.0,204.0,103.627,107.368,-3.741,20,4506.0,1707.0,1713.0,1812.0,1814.0,106.151,105.896,0.255,-3.997,-3.593,True
2006-07,2006,1610612741,CHI,43,21,5065.0,2019.0,2009.0,2024.0,1999.0,100.248,99.502,0.745,21,314.0,167.0,162.0,179.0,154.0,107.186,95.062,12.124,21,4751.0,1852.0,1847.0,1845.0,1845.0,99.622,99.892,-0.27,12.394,11.378,22,5355.0,2109.0,2106.0,2179.0,2171.0,103.319,103.086,0.233,22,390.0,175.0,173.0,156.0,146.0,89.143,84.393,4.75,22,4965.0,1934.0,1933.0,2023.0,2025.0,104.602,104.759,-0.158,4.907,4.517,True
2006-07,2006,1610612739,CLE,48,24,5810.0,2215.0,2211.0,2325.0,2307.0,104.966,104.342,0.624,24,404.0,191.0,183.0,204.0,168.0,106.806,91.803,15.003,24,5406.0,2024.0,2028.0,2121.0,2139.0,104.792,105.473,-0.681,15.684,14.379,24,5910.0,2245.0,2240.0,2292.0,2275.0,102.094,101.562,0.531,24,529.0,236.0,223.0,246.0,218.0,104.237,97.758,6.479,24,5381.0,2009.0,2017.0,2046.0,2057.0,101.842,101.983,-0.141,6.621,5.948,True
2006-07,2006,1610612742,DAL,38,19,4585.0,1747.0,1741.0,1893.0,1812.0,108.357,104.078,4.279,19,350.0,164.0,154.0,177.0,119.0,107.927,77.273,30.654,19,4235.0,1583.0,1587.0,1716.0,1693.0,108.402,106.679,1.722,28.932,26.375,19,4610.0,1738.0,1735.0,1856.0,1804.0,106.789,103.977,2.812,19,355.0,163.0,149.0,182.0,137.0,111.656,91.946,19.71,19,4255.0,1575.0,1586.0,1674.0,1667.0,106.286,105.107,1.179,18.532,16.898,True
2006-07,2006,1610612743,DEN,46,23,5545.0,2290.0,2292.0,2395.0,2401.0,104.585,104.756,-0.171,23,333.0,147.0,150.0,131.0,159.0,89.116,106.0,-16.884,23,5212.0,2143.0,2142.0,2264.0,2242.0,105.646,104.669,0.978,-17.862,-16.714,23,5595.0,2235.0,2235.0,2405.0,2346.0,107.606,104.966,2.64,23,402.0,194.0,184.0,194.0,176.0,100.0,95.652,4.348,23,5193.0,2041.0,2051.0,2211.0,2170.0,108.329,105.802,2.527,1.821,1.708,True
2006-07,2006,1610612765,DET,52,26,6340.0,2356.0,2364.0,2540.0,2522.0,107.81,106.684,1.126,26,460.0,194.0,188.0,213.0,198.0,109.794,105.319,4.475,26,5880.0,2162.0,2176.0,2327.0,2324.0,107.632,106.801,0.83,3.644,3.348,26,6340.0,2320.0,2318.0,2453.0,2393.0,105.733,103.236,2.497,26,511.0,224.0,225.0,263.0,220.0,117.411,97.778,19.633,26,5829.0,2096.0,2093.0,2190.0,2173.0,104.485,103.822,0.662,18.97,17.136,True
2006-07,2006,1610612744,GSW,39,19,4560.0,1890.0,1890.0,2079.0,2069.0,110.0,109.471,0.529,19,265.0,118.0,119.0,114.0,141.0,96.61,118.487,-21.877,19,4295.0,1772.0,1771.0,1965.0,1928.0,110.892,108.865,2.027,-23.904,-22.406,20,4875.0,2038.0,2038.0,2175.0,2162.0,106.722,106.084,0.638,20,354.0,164.0,163.0,163.0,155.0,99.39,95.092,4.298,20,4521.0,1874.0,1875.0,2012.0,2007.0,107.364,107.04,0.324,3.974,3.66,True
2006-07,2006,1610612745,HOU,48,24,5835.0,2245.0,2234.0,2263.0,2283.0,100.802,102.193,-1.392,24,327.0,163.0,152.0,170.0,158.0,104.294,103.947,0.347,24,5508.0,2082.0,2082.0,2093.0,2125.0,100.528,102.065,-1.537,1.884,1.739,24,5860.0,2239.0,2240.0,2336.0,2331.0,104.332,104.062,0.27,24,387.0,191.0,181.0,183.0,203.0,95.812,112.155,-16.343,24,5473.0,2048.0,2059.0,2153.0,2128.0,105.127,103.351,1.776,-18.119,-16.613,True
2006-07,2006,1610612754,IND,41,20,4850.0,1877.0,1876.0,1917.0,1902.0,102.131,101.386,0.745,20,371.0,172.0,174.0,177.0,158.0,102.907,90.805,12.102,20,4479.0,1705.0,1702.0,1740.0,1744.0,102.053,102.468,-0.415,12.517,11.357,21,5090.0,1983.0,1983.0,2054.0,2087.0,103.58,105.245,-1.664,21,308.0,140.0,146.0,144.0,166.0,102.857,113.699,-10.841,21,4782.0,1843.0,1837.0,1910.0,1921.0,103.635,104.573,-0.937,-9.904,-9.177,True
2006-07,2006,1610612746,LAC,39,19,4585.0,1788.0,1796.0,1845.0,1868.0,103.188,104.009,-0.821,19,231.0,106.0,109.0,109.0,121.0,102.83,111.009,-8.179,19,4354.0,1682.0,1687.0,1736.0,1747.0,103.21,103.557,-0.346,-7.833,-7.358,20,4825.0,1847.0,1846.0,1940.0,1926.0,105.035,104.334,0.701,20,362.0,174.0,168.0,187.0,178.0,107.471,105.952,1.519,20,4463.0,1673.0,1678.0,1753.0,1748.0,104.782,104.172,0.61,0.909,0.817,True
2006-07,2006,1610612747,LAL,48,24,6010.0,2372.0,2371.0,2560.0,2516.0,107.926,106.116,1.81,24,588.0,257.0,260.0,285.0,263.0,110.895,101.154,9.741,24,5422.0,2115.0,2111.0,2275.0,2253.0,107.565,106.727,0.838,8.903,7.931,24,5860.0,2313.0,2313.0,2440.0,2489.0,105.491,107.609,-2.118,24,456.0,205.0,213.0,200.0,239.0,97.561,112.207,-14.646,24,5404.0,2108.0,2100.0,2240.0,2250.0,106.262,107.143,-0.881,-13.765,-12.527,True
2006-07,2006,1610612763,MEM,42,21,5215.0,1986.0,1992.0,2137.0,2178.0,107.603,109.337,-1.734,21,484.0,208.0,220.0,213.0,242.0,102.404,110.0,-7.596,21,4731.0,1778.0,1772.0,1924.0,1936.0,108.211,109.255,-1.044,-6.553,-5.862,21,5165.0,2087.0,2089.0,2259.0,2264.0,108.241,108.377,-0.136,21,470.0,208.0,221.0,213.0,232.0,102.404,104.977,-2.574,21,4695.0,1879.0,1868.0,2046.0,2032.0,108.888,108.779,0.108,-2.682,-2.438,True
2006-07,2006,1610612748,MIA,38,19,4685.0,1778.0,1777.0,1861.0,1867.0,104.668,105.065,-0.397,19,458.0,201.0,205.0,218.0,195.0,108.458,95.122,13.336,19,4227.0,1577.0,1572.0,1643.0,1672.0,104.185,106.361,-2.176,15.512,13.732,19,4610.0,1704.0,1704.0,1747.0,1724.0,102.523,101.174,1.35,19,386.0,162.0,166.0,170.0,167.0,104.938,100.602,4.336,19,4224.0,1542.0,1538.0,1577.0,1557.0,102.27,101.235,1.034,3.301,2.986,True
2006-07,2006,1610612749,MIL,44,22,5305.0,2089.0,2097.0,2280.0,2303.0,109.143,109.824,-0.68,22,354.0,160.0,162.0,167.0,176.0,104.375,108.642,-4.267,22,4951.0,1929.0,1935.0,2113.0,2127.0,109.539,109.922,-0.384,-3.883,-3.587,22,5430.0,2079.0,2092.0,2224.0,2255.0,106.975,107.792,-0.817,22,470.0,200.0,206.0,190.0,223.0,95.0,108.252,-13.252,22,4960.0,1879.0,1886.0,2034.0,2032.0,108.249,107.741,0.508,-13.76,-12.435,True
2006-07,2006,1610612750,MIN,48,24,5935.0,2247.0,2243.0,2319.0,2309.0,103.204,102.942,0.262,24,596.0,242.0,238.0,247.0,229.0,102.066,96.218,5.848,24,5339.0,2005.0,2005.0,2072.0,2080.0,103.342,103.741,-0.399,6.247,5.586,24,5909.0,2248.0,2243.0,2386.0,2397.0,106.139,106.866,-0.727,24,496.0,214.0,227.0,201.0,242.0,93.925,106.608,-12.683,24,5413.0,2034.0,2016.0,2185.0,2155.0,107.424,106.895,0.529,-13.212,-11.956,True
2006-07,2006,1610612751,NJN,48,24,5835.0,2272.0,2274.0,2383.0,2403.0,104.886,105.673,-0.787,24,423.0,198.0,198.0,200.0,221.0,101.01,111.616,-10.606,24,5412.0,2074.0,2076.0,2183.0,2182.0,105.256,105.106,0.15,-10.756,-9.819,24,5885.0,2249.0,2242.0,2409.0,2397.0,107.114,106.913,0.201,24,466.0,225.0,217.0,230.0,237.0,102.222,109.217,-6.994,24,5419.0,2024.0,2025.0,2179.0,2160.0,107.658,106.667,0.991,-7.986,-7.195,True
2006-07,2006,1610612740,NOK,49,24,5810.0,2198.0,2200.0,2296.0,2279.0,104.459,103.591,0.868,24,437.0,183.0,185.0,179.0,175.0,97.814,94.595,3.22,24,5373.0,2015.0,2015.0,2117.0,2104.0,105.062,104.417,0.645,2.574,2.352,25,6150.0,2338.0,2332.0,2545.0,2512.0,108.854,107.719,1.135,25,521.0,222.0,224.0,231.0,220.0,104.054,98.214,5.84,25,5629.0,2116.0,2108.0,2314.0,2292.0,109.357,108.729,0.629,5.211,4.705,True
2006-07,2006,1610612752,NYK,49,24,5985.0,2337.0,2328.0,2493.0,2527.0,106.675,108.548,-1.873,24,535.0,234.0,242.0,243.0,245.0,103.846,101.24,2.606,24,5450.0,2103.0,2086.0,2250.0,2282.0,106.99,109.396,-2.406,5.012,4.479,25,6100.0,2290.0,2287.0,2427.0,2447.0,105.983,106.996,-1.014,25,486.0,212.0,214.0,236.0,224.0,111.321,104.673,6.648,25,5614.0,2078.0,2073.0,2191.0,2223.0,105.438,107.236,-1.798,8.446,7.661,True
2006-07,2006,1610612753,ORL,42,21,5065.0,1906.0,1906.0,1986.0,1997.0,104.197,104.774,-0.577,21,397.0,170.0,168.0,135.0,171.0,79.412,101.786,-22.374,21,4668.0,1736.0,1738.0,1851.0,1826.0,106.624,105.063,1.561,-23.935,-21.797,21,5115.0,1919.0,1917.0,2013.0,2054.0,104.898,107.147,-2.248,21,359.0,151.0,156.0,137.0,156.0,90.728,100.0,-9.272,21,4756.0,1768.0,1761.0,1876.0,1898.0,106.109,107.78,-1.671,-7.6,-7.023,True
2006-07,2006,1610612755,PHI,38,19,4685.0,1793.0,1792.0,1857.0,1892.0,103.569,105.58,-2.011,19,433.0,195.0,198.0,187.0,221.0,95.897,111.616,-15.719,19,4252.0,1598.0,1594.0,1670.0,1671.0,104.506,104.831,-0.325,-15.394,-13.708,19,4635.0,1768.0,1767.0,1833.0,1786.0,103.676,101.075,2.601,19,396.0,190.0,177.0,223.0,146.0,117.368,82.486,34.883,19,4239.0,1578.0,1590.0,1610.0,1640.0,102.028,103.145,-1.117,35.999,32.281,True
2006-07,2006,1610612756,PHX,45,22,5405.0,2205.0,2204.0,2435.0,2387.0,110.431,108.303,2.128,22,437.0,220.0,203.0,252.0,220.0,114.545,108.374,6.171,22,4968.0,1985.0,2001.0,2183.0,2167.0,109.975,108.296,1.679,4.492,4.043,23,5620.0,2224.0,2218.0,2460.0,2429.0,110.612,109.513,1.098,23,354.0,162.0,156.0,163.0,146.0,100.617,93.59,7.028,23,5266.0,2062.0,2062.0,2297.0,2283.0,111.397,110.718,0.679,6.349,5.929,True
2006-07,2006,1610612757,POR,42,21,5190.0,1900.0,1897.0,2022.0,2030.0,106.421,107.011,-0.59,21,493.0,208.0,215.0,238.0,232.0,114.423,107.907,6.516,21,4697.0,1692.0,1682.0,1784.0,1798.0,105.437,106.897,-1.459,7.975,7.106,21,5165.0,1934.0,1933.0,2073.0,2077.0,107.187,107.45,-0.262,21,434.0,203.0,201.0,228.0,236.0,112.315,117.413,-5.098,21,4731.0,1731.0,1732.0,1845.0,1841.0,106.586,106.293,0.292,-5.39,-4.835,True
2006-07,2006,1610612758,SAC,44,22,5380.0,2116.0,2118.0,2185.0,2232.0,103.261,105.382,-2.122,22,441.0,220.0,220.0,209.0,227.0,95.0,103.182,-8.182,22,4939.0,1896.0,1898.0,1976.0,2005.0,104.219,105.638,-1.418,-6.764,-6.06,22,5305.0,2114.0,2122.0,2233.0,2252.0,105.629,106.126,-0.497,22,314.0,146.0,148.0,134.0,174.0,91.781,117.568,-25.787,22,4991.0,1968.0,1974.0,2099.0,2078.0,106.657,105.268,1.388,-27.175,-25.29,True
2006-07,2006,1610612759,SAS,40,20,4875.0,1827.0,1827.0,1927.0,1910.0,105.473,104.543,0.93,20,328.0,140.0,148.0,135.0,140.0,96.429,94.595,1.834,20,4547.0,1687.0,1679.0,1792.0,1770.0,106.224,105.42,0.804,1.03,0.903,20,4825.0,1828.0,1824.0,1902.0,1907.0,104.048,104.55,-0.502,20,276.0,129.0,127.0,140.0,135.0,108.527,106.299,2.228,20,4549.0,1699.0,1697.0,1762.0,1772.0,103.708,104.42,-0.712,2.939,2.73,True
2006-07,2006,1610612760,SEA,47,23,5620.0,2189.0,2191.0,2384.0,2415.0,108.908,110.224,-1.315,23,450.0,190.0,194.0,204.0,215.0,107.368,110.825,-3.456,23,5170.0,1999.0,1997.0,2180.0,2200.0,109.055,110.165,-1.111,-2.346,-2.141,24,5810.0,2232.0,2236.0,2389.0,2416.0,107.034,108.05,-1.016,24,446.0,191.0,198.0,198.0,192.0,103.665,96.97,6.695,24,5364.0,2041.0,2038.0,2191.0,2224.0,107.349,109.127,-1.777,8.472,7.711,True
2006-07,2006,1610612761,TOR,39,19,4585.0,1805.0,1807.0,1911.0,1919.0,105.873,106.198,-0.326,19,317.0,143.0,143.0,136.0,133.0,95.105,93.007,2.098,19,4268.0,1662.0,1664.0,1775.0,1786.0,106.799,107.332,-0.533,2.631,2.423,20,4850.0,1895.0,1895.0,2006.0,1972.0,105.858,104.063,1.794,20,311.0,147.0,148.0,173.0,157.0,117.687,106.081,11.606,20,4539.0,1748.0,1747.0,1833.0,1815.0,104.863,103.892,0.97,10.636,9.812,True
2006-07,2006,1610612762,UTA,46,23,5595.0,2183.0,2187.0,2393.0,2357.0,109.62,107.773,1.847,23,433.0,197.0,190.0,225.0,204.0,114.213,107.368,6.845,23,5162.0,1986.0,1997.0,2168.0,2153.0,109.164,107.812,1.352,5.492,4.998,23,5570.0,2115.0,2117.0,2304.0,2315.0,108.936,109.353,-0.417,23,423.0,194.0,191.0,229.0,214.0,118.041,112.042,5.999,23,5147.0,1921.0,1926.0,2075.0,2101.0,108.017,109.086,-1.07,7.069,6.416,True
2006-07,2006,1610612764,WAS,47,23,5620.0,2234.0,2238.0,2491.0,2500.0,111.504,111.707,-0.203,23,453.0,212.0,213.0,239.0,227.0,112.736,106.573,6.163,23,5167.0,2022.0,2025.0,2252.0,2273.0,111.375,112.247,-0.872,7.035,6.366,24,5810.0,2305.0,2307.0,2403.0,2472.0,104.252,107.152,-2.901,24,465.0,225.0,237.0,208.0,289.0,92.444,121.941,-29.496,24,5345.0,2080.0,2070.0,2195.0,2183.0,105.529,105.459,0.07,-29.566,-26.596,True
2007-08,2007,1610612737,ATL,45,22,5405.0,2055.0,2049.0,2130.0,2138.0,103.65,104.344,-0.694,22,423.0,172.0,168.0,183.0,202.0,106.395,120.238,-13.843,22,4982.0,1883.0,1881.0,1947.0,1936.0,103.399,102.924,0.475,-14.318,-13.149,23,5570.0,2125.0,2132.0,2263.0,2275.0,106.494,106.707,-0.213,23,397.0,165.0,171.0,155.0,175.0,93.939,102.339,-8.4,23,5173.0,1960.0,1961.0,2108.0,2100.0,107.551,107.088,0.463,-8.863,-8.187,True
2007-08,2007,1610612738,BOS,37,18,4370.0,1624.0,1620.0,1701.0,1670.0,104.741,103.086,1.655,18,352.0,146.0,145.0,150.0,160.0,102.74,110.345,-7.605,18,4018.0,1478.0,1475.0,1551.0,1510.0,104.939,102.373,2.566,-10.171,-9.26,19,4585.0,1782.0,1780.0,1902.0,1858.0,106.734,104.382,2.352,19,316.0,141.0,141.0,141.0,125.0,100.0,88.652,11.348,19,4269.0,1641.0,1639.0,1761.0,1733.0,107.313,105.735,1.577,9.77,8.996,True
2007-08,2007,1610612766,CHA,38,19,4685.0,1796.0,1801.0,1878.0,1898.0,104.566,105.386,-0.82,19,410.0,191.0,193.0,186.0,181.0,97.382,93.782,3.6,19,4275.0,1605.0,1608.0,1692.0,1717.0,105.421,106.779,-1.358,4.958,4.42,19,4635.0,1818.0,1820.0,1989.0,1986.0,109.406,109.121,0.285,19,391.0,170.0,180.0,182.0,194.0,107.059,107.778,-0.719,19,4244.0,1648.0,1640.0,1807.0,1792.0,109.648,109.268,0.38,-1.099,-1.004,True
2007-08,2007,1610612741,CHI,38,19,4660.0,1785.0,1793.0,1817.0,1849.0,101.793,103.123,-1.331,19,372.0,157.0,158.0,147.0,177.0,93.631,112.025,-18.395,19,4288.0,1628.0,1635.0,1670.0,1672.0,102.58,102.263,0.317,-18.712,-17.064,19,4585.0,1824.0,1823.0,1917.0,1962.0,105.099,107.625,-2.526,19,300.0,143.0,142.0,123.0,171.0,86.014,120.423,-34.409,19,4285.0,1681.0,1681.0,1794.0,1791.0,106.722,106.544,0.178,-34.587,-31.882,True
2007-08,2007,1610612739,CLE,55,27,6655.0,2574.0,2568.0,2725.0,2681.0,105.866,104.4,1.466,27,620.0,292.0,275.0,334.0,246.0,114.384,89.455,24.929,27,6035.0,2282.0,2293.0,2391.0,2435.0,104.777,106.193,-1.416,26.345,23.463,28,6720.0,2522.0,2514.0,2712.0,2672.0,107.534,106.285,1.249,28,417.0,178.0,176.0,196.0,164.0,110.112,93.182,16.931,28,6303.0,2344.0,2338.0,2516.0,2508.0,107.338,107.271,0.067,16.864,15.682,True
2007-08,2007,1610612742,DAL,43,21,5065.0,1959.0,1966.0,2164.0,2132.0,110.465,108.444,2.021,21,300.0,147.0,142.0,180.0,146.0,122.449,102.817,19.632,21,4765.0,1812.0,1824.0,1984.0,1986.0,109.492,108.882,0.611,19.021,17.611,22,5305.0,2026.0,2018.0,2212.0,2200.0,109.181,109.019,0.162,22,306.0,144.0,135.0,153.0,153.0,106.25,113.333,-7.083,22,4999.0,1882.0,1883.0,2059.0,2047.0,109.405,108.71,0.695,-7.779,-7.245,True
2007-08,2007,1610612743,DEN,37,18,4370.0,1842.0,1834.0,1887.0,1868.0,102.443,101.854,0.589,18,367.0,174.0,176.0,170.0,155.0,97.701,88.068,9.633,18,4003.0,1668.0,1658.0,1717.0,1713.0,102.938,103.317,-0.38,10.013,9.044,19,4685.0,1954.0,1958.0,2117.0,2101.0,108.342,107.303,1.038,19,435.0,185.0,196.0,190.0,206.0,102.703,105.102,-2.399,19,4250.0,1769.0,1762.0,1927.0,1895.0,108.932,107.548,1.383,-3.783,-3.438,True
2007-08,2007,1610612765,DET,38,19,4585.0,1719.0,1721.0,1793.0,1828.0,104.305,106.217,-1.912,19,335.0,137.0,134.0,142.0,144.0,103.65,107.463,-3.813,19,4250.0,1582.0,1587.0,1651.0,1684.0,104.362,106.112,-1.751,-2.062,-1.901,19,4585.0,1689.0,1685.0,1804.0,1769.0,106.809,104.985,1.824,19,261.0,118.0,111.0,148.0,114.0,125.424,102.703,22.721,19,4324.0,1571.0,1574.0,1656.0,1655.0,105.411,105.146,0.264,22.457,20.897,True
2007-08,2007,1610612744,GSW,44,22,5355.0,2242.0,2235.0,2453.0,2398.0,109.411,107.293,2.118,22,423.0,192.0,192.0,224.0,192.0,116.667,100.0,16.667,22,4932.0,2050.0,2043.0,2229.0,2206.0,108.732,107.978,0.753,15.913,14.548,22,5305.0,2244.0,2237.0,2500.0,2499.0,111.408,111.712,-0.304,22,329.0,169.0,169.0,199.0,183.0,117.751,108.284,9.467,22,4976.0,2075.0,2068.0,2301.0,2316.0,110.892,111.992,-1.101,10.568,9.771,True
2007-08,2007,1610612745,HOU,35,17,4130.0,1602.0,1600.0,1608.0,1653.0,100.375,103.312,-2.938,17,285.0,122.0,126.0,107.0,140.0,87.705,111.111,-23.406,17,3845.0,1480.0,1474.0,1501.0,1513.0,101.419,102.646,-1.227,-22.179,-20.468,18,4320.0,1638.0,1638.0,1747.0,1681.0,106.654,102.625,4.029,18,266.0,128.0,116.0,141.0,113.0,110.156,97.414,12.742,18,4054.0,1510.0,1522.0,1606.0,1568.0,106.358,103.022,3.335,9.407,8.713,True
2007-08,2007,1610612754,IND,45,22,5355.0,2250.0,2255.0,2300.0,2310.0,102.222,102.439,-0.217,22,386.0,178.0,182.0,173.0,212.0,97.191,116.484,-19.293,22,4969.0,2072.0,2073.0,2127.0,2098.0,102.654,101.206,1.448,-20.741,-19.076,23,5520.0,2251.0,2254.0,2430.0,2491.0,107.952,110.515,-2.563,23,256.0,107.0,116.0,116.0,125.0,108.411,107.759,0.653,23,5264.0,2144.0,2138.0,2314.0,2366.0,107.929,110.664,-2.735,3.388,3.215,True
2007-08,2007,1610612746,LAC,35,17,4080.0,1590.0,1592.0,1584.0,1595.0,99.623,100.188,-0.566,17,225.0,98.0,107.0,94.0,130.0,95.918,121.495,-25.577,17,3855.0,1492.0,1485.0,1490.0,1465.0,99.866,98.653,1.213,-26.79,-25.011,18,4445.0,1703.0,1701.0,1821.0,1835.0,106.929,107.878,-0.949,18,361.0,140.0,148.0,168.0,183.0,120.0,123.649,-3.649,18,4084.0,1563.0,1553.0,1653.0,1652.0,105.758,106.375,-0.617,-3.032,-2.7,False
2007-08,2007,1610612747,LAL,40,20,4825.0,1948.0,1949.0,2080.0,2047.0,106.776,105.028,1.748,20,279.0,134.0,132.0,125.0,128.0,93.284,96.97,-3.686,20,4546.0,1814.0,1817.0,1955.0,1919.0,107.773,105.614,2.159,-5.845,-5.434,20,4875.0,1930.0,1928.0,2173.0,2137.0,112.591,110.84,1.75,20,360.0,169.0,157.0,192.0,167.0,113.609,106.369,7.24,20,4515.0,1761.0,1771.0,1981.0,1970.0,112.493,111.237,1.256,5.984,5.49,True
2007-08,2007,1610612763,MEM,36,18,4370.0,1766.0,1764.0,1902.0,1928.0,107.701,109.297,-1.596,18,303.0,133.0,134.0,151.0,152.0,113.534,113.433,0.101,18,4067.0,1633.0,1630.0,1751.0,1776.0,107.226,108.957,-1.731,1.832,1.697,18,4395.0,1776.0,1775.0,1918.0,1927.0,107.995,108.563,-0.568,18,383.0,179.0,174.0,179.0,207.0,100.0,118.966,-18.966,18,4012.0,1597.0,1601.0,1739.0,1720.0,108.892,107.433,1.459,-20.424,-18.398,True
2007-08,2007,1610612748,MIA,44,22,5355.0,2066.0,2070.0,2143.0,2186.0,103.727,105.604,-1.877,22,415.0,187.0,188.0,169.0,205.0,90.374,109.043,-18.668,22,4940.0,1879.0,1882.0,1974.0,1981.0,105.056,105.26,-0.204,-18.464,-16.791,22,5355.0,2016.0,2011.0,2024.0,2123.0,100.397,105.569,-5.173,22,401.0,164.0,173.0,130.0,197.0,79.268,113.873,-34.605,22,4954.0,1852.0,1838.0,1894.0,1926.0,102.268,104.788,-2.52,-32.085,-29.432,True
2007-08,2007,1610612749,MIL,51,25,6075.0,2308.0,2303.0,2448.0,2449.0,106.066,106.34,-0.274,25,413.0,189.0,177.0,213.0,209.0,112.698,118.079,-5.381,25,5662.0,2119.0,2126.0,2235.0,2240.0,105.474,105.362,0.112,-5.493,-5.107,26,6340.0,2473.0,2480.0,2631.0,2660.0,106.389,107.258,-0.869,26,453.0,208.0,222.0,221.0,236.0,106.25,106.306,-0.056,26,5887.0,2265.0,2258.0,2410.0,2424.0,106.402,107.352,-0.95,0.894,0.813,True
2007-08,2007,1610612750,MIN,39,19,4560.0,1784.0,1787.0,1797.0,1893.0,100.729,105.932,-5.203,19,236.0,98.0,109.0,91.0,147.0,92.857,134.862,-42.005,19,4324.0,1686.0,1678.0,1706.0,1746.0,101.186,104.052,-2.866,-39.139,-36.802,20,4850.0,1869.0,1868.0,1993.0,2022.0,106.635,108.244,-1.61,20,373.0,159.0,159.0,180.0,171.0,113.208,107.547,5.66,20,4477.0,1710.0,1709.0,1813.0,1851.0,106.023,108.309,-2.286,7.946,7.27,False
2007-08,2007,1610612751,NJN,42,21,5115.0,1969.0,1970.0,2027.0,2011.0,102.946,102.081,0.864,21,438.0,189.0,190.0,221.0,193.0,116.931,101.579,15.352,21,4677.0,1780.0,1780.0,1806.0,1818.0,101.461,102.135,-0.674,16.026,14.488,21,5115.0,2028.0,2031.0,2139.0,2177.0,105.473,107.189,-1.715,21,346.0,155.0,150.0,167.0,171.0,107.742,114.0,-6.258,21,4769.0,1873.0,1881.0,1972.0,2006.0,105.286,106.645,-1.36,-4.898,-4.543,True
2007-08,2007,1610612740,NOH,31,15,3675.0,1421.0,1420.0,1476.0,1465.0,103.871,103.169,0.701,15,308.0,132.0,127.0,133.0,131.0,100.758,103.15,-2.392,15,3367.0,1289.0,1293.0,1343.0,1334.0,104.189,103.171,1.018,-3.41,-3.094,16,3890.0,1468.0,1468.0,1633.0,1584.0,111.24,107.902,3.338,16,302.0,136.0,136.0,149.0,128.0,109.559,94.118,15.441,16,3588.0,1332.0,1332.0,1484.0,1456.0,111.411,109.309,2.102,13.339,12.103,True
2007-08,2007,1610612752,NYK,42,21,5090.0,1944.0,1941.0,2054.0,2038.0,105.658,104.997,0.661,21,365.0,160.0,167.0,164.0,148.0,102.5,88.623,13.877,21,4725.0,1784.0,1774.0,1890.0,1890.0,105.942,106.539,-0.597,14.474,13.216,21,5190.0,1971.0,1991.0,2099.0,2158.0,106.494,108.388,-1.894,21,444.0,185.0,192.0,146.0,200.0,78.919,104.167,-25.248,21,4746.0,1786.0,1799.0,1953.0,1958.0,109.351,108.838,0.512,-25.76,-23.354,True
2007-08,2007,1610612753,ORL,36,18,4420.0,1778.0,1770.0,1924.0,1862.0,108.211,105.198,3.014,18,343.0,164.0,157.0,196.0,156.0,119.512,99.363,20.149,18,4077.0,1614.0,1613.0,1728.0,1706.0,107.063,105.766,1.298,18.852,17.135,18,4320.0,1678.0,1676.0,1862.0,1861.0,110.965,111.038,-0.073,18,281.0,121.0,128.0,116.0,138.0,95.868,107.812,-11.945,18,4039.0,1557.0,1548.0,1746.0,1723.0,112.139,111.305,0.834,-12.779,-11.872,True
2007-08,2007,1610612755,PHI,42,21,5090.0,1951.0,1945.0,1992.0,1984.0,102.101,102.005,0.096,21,370.0,168.0,169.0,166.0,167.0,98.81,98.817,-0.007,21,4720.0,1783.0,1776.0,1826.0,1817.0,102.412,102.309,0.103,-0.11,-0.103,21,5065.0,1921.0,1922.0,2092.0,2065.0,108.902,107.44,1.461,21,339.0,151.0,146.0,160.0,122.0,105.96,83.562,22.399,21,4726.0,1770.0,1776.0,1932.0,1943.0,109.153,109.403,-0.251,22.649,20.937,True
2007-08,2007,1610612756,PHX,43,21,5065.0,2079.0,2076.0,2215.0,2194.0,106.542,105.684,0.858,21,303.0,138.0,136.0,145.0,119.0,105.072,87.5,17.572,21,4762.0,1941.0,1940.0,2070.0,2075.0,106.646,106.959,-0.313,17.885,16.715,22,5355.0,2162.0,2165.0,2457.0,2403.0,113.645,110.993,2.652,22,408.0,184.0,180.0,212.0,187.0,115.217,103.889,11.329,22,4947.0,1978.0,1985.0,2245.0,2216.0,113.498,111.637,1.861,9.467,8.677,True
2007-08,2007,1610612757,POR,43,21,5190.0,1938.0,1942.0,2102.0,2082.0,108.462,107.209,1.253,21,447.0,174.0,177.0,211.0,203.0,121.264,114.689,6.575,21,4743.0,1764.0,1765.0,1891.0,1879.0,107.2,106.459,0.741,5.834,5.322,22,5355.0,1987.0,1986.0,2128.0,2145.0,107.096,108.006,-0.91,22,378.0,155.0,160.0,153.0,160.0,98.71,100.0,-1.29,22,4977.0,1832.0,1826.0,1975.0,1985.0,107.806,108.708,-0.902,-0.388,-0.38,True
2007-08,2007,1610612758,SAC,44,22,5330.0,2121.0,2121.0,2267.0,2226.0,106.884,104.95,1.933,22,445.0,199.0,192.0,223.0,199.0,112.06,103.646,8.414,22,4885.0,1922.0,1929.0,2044.0,2027.0,106.348,105.08,1.267,7.147,6.481,22,5380.0,2177.0,2180.0,2320.0,2336.0,106.569,107.156,-0.587,22,457.0,213.0,208.0,228.0,228.0,107.042,109.615,-2.573,22,4923.0,1964.0,1972.0,2092.0,2108.0,106.517,106.897,-0.379,-2.194,-1.986,True
2007-08,2007,1610612759,SAS,38,19,4585.0,1719.0,1721.0,1801.0,1780.0,104.77,103.428,1.342,19,346.0,149.0,148.0,157.0,151.0,105.369,102.027,3.342,19,4239.0,1570.0,1573.0,1644.0,1629.0,104.713,103.56,1.153,2.189,2.0,19,4585.0,1695.0,1693.0,1808.0,1759.0,106.667,103.898,2.768,19,335.0,144.0,132.0,167.0,130.0,115.972,98.485,17.487,19,4250.0,1551.0,1561.0,1641.0,1629.0,105.803,104.356,1.447,16.041,14.719,True
2007-08,2007,1610612760,SEA,37,18,4395.0,1789.0,1798.0,1846.0,1910.0,103.186,106.229,-3.043,18,339.0,146.0,151.0,147.0,162.0,100.685,107.285,-6.6,18,4056.0,1643.0,1647.0,1699.0,1748.0,103.408,106.132,-2.724,-3.876,-3.557,19,4635.0,1856.0,1856.0,1971.0,1993.0,106.196,107.381,-1.185,19,355.0,157.0,162.0,173.0,169.0,110.191,104.321,5.87,19,4280.0,1699.0,1694.0,1798.0,1824.0,105.827,107.674,-1.847,7.717,7.055,True
2007-08,2007,1610612761,TOR,36,18,4395.0,1667.0,1673.0,1797.0,1796.0,107.798,107.352,0.446,18,326.0,139.0,140.0,181.0,171.0,130.216,122.143,8.073,18,4069.0,1528.0,1533.0,1616.0,1625.0,105.759,106.001,-0.242,8.315,7.627,18,4395.0,1698.0,1697.0,1811.0,1845.0,106.655,108.721,-2.066,18,315.0,138.0,148.0,139.0,176.0,100.725,118.919,-18.194,18,4080.0,1560.0,1549.0,1672.0,1669.0,107.179,107.747,-0.567,-17.627,-16.128,True
2007-08,2007,1610612762,UTA,34,17,4080.0,1612.0,1615.0,1714.0,1765.0,106.328,109.288,-2.96,17,251.0,123.0,134.0,108.0,164.0,87.805,122.388,-34.583,17,3829.0,1489.0,1481.0,1606.0,1601.0,107.858,108.103,-0.245,-34.338,-31.623,17,4105.0,1597.0,1588.0,1817.0,1741.0,113.776,109.635,4.141,17,267.0,129.0,115.0,185.0,130.0,143.411,113.043,30.367,17,3838.0,1468.0,1473.0,1632.0,1611.0,111.172,109.369,1.803,28.564,26.226,True
2007-08,2007,1610612764,WAS,40,20,4925.0,1872.0,1877.0,1975.0,1985.0,105.502,105.754,-0.252,20,380.0,169.0,170.0,190.0,180.0,112.426,105.882,6.544,20,4545.0,1703.0,1707.0,1785.0,1805.0,104.815,105.741,-0.926,7.47,6.795,20,4900.0,1870.0,1867.0,2043.0,2047.0,109.251,109.641,-0.39,20,381.0,184.0,177.0,200.0,197.0,108.696,111.299,-2.604,20,4519.0,1686.0,1690.0,1843.0,1850.0,109.312,109.467,-0.155,-2.448,-2.214,True
2008-09,2008,1610612737,ATL,51,25,6025.0,2250.0,2247.0,2418.0,2362.0,107.467,105.118,2.349,25,416.0,182.0,184.0,206.0,178.0,113.187,96.739,16.448,25,5609.0,2068.0,2063.0,2212.0,2184.0,106.963,105.865,1.098,15.35,14.099,26,6240.0,2370.0,2364.0,2567.0,2531.0,108.312,107.064,1.248,26,307.0,148.0,144.0,146.0,130.0,98.649,90.278,8.371,26,5933.0,2222.0,2220.0,2421.0,2401.0,108.956,108.153,0.803,7.568,7.123,True
2008-09,2008,1610612738,BOS,44,22,5380.0,2031.0,2026.0,2137.0,2112.0,105.219,104.245,0.974,22,423.0,182.0,177.0,222.0,177.0,121.978,100.0,21.978,22,4957.0,1849.0,1849.0,1915.0,1935.0,103.569,104.651,-1.082,23.06,21.004,22,5380.0,2040.0,2034.0,2193.0,2189.0,107.5,107.62,-0.12,22,456.0,184.0,176.0,194.0,181.0,105.435,102.841,2.594,22,4924.0,1856.0,1858.0,1999.0,2008.0,107.705,108.073,-0.368,2.962,2.714,True
2008-09,2008,1610612766,CHA,49,24,5860.0,2181.0,2187.0,2224.0,2259.0,101.972,103.292,-1.321,24,454.0,191.0,198.0,191.0,188.0,100.0,94.949,5.051,24,5406.0,1990.0,1989.0,2033.0,2071.0,102.161,104.123,-1.962,7.012,6.371,25,6150.0,2268.0,2268.0,2417.0,2441.0,106.57,107.628,-1.058,25,485.0,210.0,215.0,201.0,212.0,95.714,98.605,-2.89,25,5665.0,2058.0,2053.0,2216.0,2229.0,107.677,108.573,-0.895,-1.995,-1.832,True
2008-09,2008,1610612741,CHI,46,23,5645.0,2200.0,2205.0,2352.0,2378.0,106.909,107.846,-0.937,23,451.0,194.0,194.0,200.0,194.0,103.093,100.0,3.093,23,5194.0,2006.0,2011.0,2152.0,2184.0,107.278,108.603,-1.325,4.417,4.029,23,5645.0,2223.0,2222.0,2456.0,2448.0,110.481,110.171,0.31,23,469.0,206.0,209.0,229.0,227.0,111.165,108.612,2.553,23,5176.0,2017.0,2013.0,2227.0,2221.0,110.412,110.333,0.079,2.474,2.242,True
2008-09,2008,1610612739,CLE,32,16,3865.0,1445.0,1444.0,1539.0,1500.0,106.505,103.878,2.627,16,223.0,104.0,101.0,124.0,89.0,119.231,88.119,31.112,16,3642.0,1341.0,1343.0,1415.0,1411.0,105.518,105.063,0.455,30.657,28.485,16,3915.0,1475.0,1463.0,1617.0,1570.0,109.627,107.314,2.313,16,316.0,132.0,127.0,176.0,125.0,133.333,98.425,34.908,16,3599.0,1343.0,1336.0,1441.0,1445.0,107.297,108.159,-0.862,35.77,32.595,True
2008-09,2008,1610612742,DAL,43,21,5115.0,2003.0,1999.0,2159.0,2120.0,107.788,106.053,1.735,21,362.0,165.0,157.0,186.0,138.0,112.727,87.898,24.829,21,4753.0,1838.0,1842.0,1973.0,1982.0,107.345,107.6,-0.255,25.085,23.094,22,5330.0,2007.0,2002.0,2194.0,2191.0,109.317,109.441,-0.123,22,353.0,151.0,150.0,171.0,165.0,113.245,110.0,3.245,22,4977.0,1856.0,1852.0,2023.0,2026.0,108.998,109.395,-0.397,3.642,3.368,True
2008-09,2008,1610612743,DEN,34,17,4105.0,1638.0,1629.0,1734.0,1695.0,105.861,104.052,1.809,17,288.0,126.0,123.0,148.0,120.0,117.46,97.561,19.899,17,3817.0,1512.0,1506.0,1586.0,1575.0,104.894,104.582,0.313,19.587,18.09,17,4105.0,1614.0,1613.0,1820.0,1808.0,112.763,112.089,0.674,17,313.0,144.0,147.0,145.0,167.0,100.694,113.605,-12.911,17,3792.0,1470.0,1466.0,1675.0,1641.0,113.946,111.937,2.008,-14.919,-13.585,True
2008-09,2008,1610612765,DET,56,28,6795.0,2512.0,2512.0,2629.0,2608.0,104.658,103.822,0.836,28,449.0,192.0,190.0,199.0,190.0,103.646,100.0,3.646,28,6346.0,2320.0,2322.0,2430.0,2418.0,104.741,104.134,0.607,3.039,2.81,28,6870.0,2467.0,2464.0,2671.0,2694.0,108.269,109.334,-1.065,28,601.0,251.0,256.0,250.0,284.0,99.602,110.938,-11.336,28,6269.0,2216.0,2208.0,2421.0,2410.0,109.251,109.149,0.102,-11.438,-10.271,True
2008-09,2008,1610612744,GSW,47,23,5594.0,2286.0,2291.0,2474.0,2501.0,108.224,109.166,-0.942,23,338.0,166.0,168.0,144.0,182.0,86.747,108.333,-21.586,23,5256.0,2120.0,2123.0,2330.0,2319.0,109.906,109.232,0.673,-22.26,-20.644,24,5885.0,2442.0,2443.0,2727.0,2729.0,111.671,111.707,-0.036,24,421.0,215.0,200.0,213.0,227.0,99.07,113.5,-14.43,24,5464.0,2227.0,2243.0,2514.0,2502.0,112.887,111.547,1.34,-15.77,-14.394,True
2008-09,2008,1610612745,HOU,46,23,5595.0,2096.0,2087.0,2193.0,2170.0,104.628,103.977,0.651,23,420.0,181.0,170.0,159.0,159.0,87.845,93.529,-5.684,23,5175.0,1915.0,1917.0,2034.0,2011.0,106.214,104.903,1.311,-6.995,-6.335,23,5570.0,2140.0,2143.0,2256.0,2264.0,105.421,105.646,-0.226,23,336.0,147.0,144.0,147.0,167.0,100.0,115.972,-15.972,23,5234.0,1993.0,1999.0,2109.0,2097.0,105.82,104.902,0.918,-16.89,-15.746,True
2008-09,2008,1610612754,IND,56,28,6870.0,2806.0,2816.0,3003.0,3073.0,107.021,109.126,-2.106,28,641.0,277.0,299.0,274.0,334.0,98.917,111.706,-12.789,28,6229.0,2529.0,2517.0,2729.0,2739.0,107.908,108.82,-0.912,-11.877,-10.683,28,6720.0,2714.0,2719.0,2965.0,2956.0,109.248,108.716,0.532,28,428.0,213.0,208.0,229.0,206.0,107.512,99.038,8.473,28,6292.0,2501.0,2511.0,2736.0,2750.0,109.396,109.518,-0.122,8.595,7.941,True
2008-09,2008,1610612746,LAC,32,16,3990.0,1545.0,1542.0,1560.0,1603.0,100.971,103.956,-2.985,16,396.0,156.0,162.0,134.0,175.0,85.897,108.025,-22.127,16,3594.0,1389.0,1380.0,1426.0,1428.0,102.664,103.478,-0.814,-21.313,-19.142,16,3890.0,1518.0,1521.0,1646.0,1661.0,108.432,109.204,-0.772,16,283.0,126.0,122.0,128.0,148.0,101.587,121.311,-19.724,16,3607.0,1392.0,1399.0,1518.0,1513.0,109.052,108.149,0.903,-20.627,-18.952,True
2008-09,2008,1610612747,LAL,41,20,4800.0,1915.0,1921.0,2145.0,2063.0,112.01,107.392,4.618,20,291.0,143.0,132.0,173.0,139.0,120.979,105.303,15.676,20,4509.0,1772.0,1789.0,1972.0,1924.0,111.287,107.546,3.741,11.935,11.058,21,5140.0,2025.0,2021.0,2204.0,2143.0,108.84,106.037,2.803,21,371.0,165.0,143.0,205.0,148.0,124.242,103.497,20.746,21,4769.0,1860.0,1878.0,1999.0,1995.0,107.473,106.23,1.243,19.503,17.943,True
2008-09,2008,1610612763,MEM,38,19,4685.0,1775.0,1769.0,1811.0,1896.0,102.028,107.179,-5.151,19,413.0,168.0,173.0,153.0,194.0,91.071,112.139,-21.067,19,4272.0,1607.0,1596.0,1658.0,1702.0,103.174,106.642,-3.468,-17.599,-15.916,19,4560.0,1755.0,1755.0,1843.0,1860.0,105.014,105.983,-0.969,19,297.0,139.0,133.0,124.0,154.0,89.209,115.789,-26.581,19,4263.0,1616.0,1622.0,1719.0,1706.0,106.374,105.179,1.195,-27.776,-25.612,True
2008-09,2008,1610612748,MIA,48,24,5835.0,2259.0,2261.0,2416.0,2403.0,106.95,106.28,0.67,24,422.0,199.0,204.0,223.0,215.0,112.06,105.392,6.668,24,5413.0,2060.0,2057.0,2193.0,2188.0,106.456,106.368,0.088,6.58,5.999,24,5960.0,2227.0,2226.0,2413.0,2422.0,108.352,108.805,-0.453,24,547.0,242.0,239.0,280.0,282.0,115.702,117.992,-2.289,24,5413.0,1985.0,1987.0,2133.0,2140.0,107.456,107.7,-0.244,-2.045,-1.836,True
2008-09,2008,1610612749,MIL,47,23,5595.0,2139.0,2133.0,2223.0,2208.0,103.927,103.516,0.411,23,421.0,196.0,190.0,189.0,187.0,96.429,98.421,-1.992,23,5174.0,1943.0,1943.0,2034.0,2021.0,104.683,104.014,0.669,-2.662,-2.403,24,5785.0,2289.0,2292.0,2462.0,2509.0,107.558,109.468,-1.91,24,341.0,152.0,159.0,166.0,193.0,109.211,121.384,-12.173,24,5444.0,2137.0,2133.0,2296.0,2316.0,107.44,108.579,-1.139,-11.034,-10.263,True
2008-09,2008,1610612750,MIN,45,22,5380.0,2053.0,2059.0,2171.0,2194.0,105.748,106.557,-0.809,22,468.0,192.0,195.0,180.0,221.0,93.75,113.333,-19.583,22,4912.0,1861.0,1864.0,1991.0,1973.0,106.985,105.848,1.138,-20.721,-18.774,23,5545.0,2158.0,2162.0,2330.0,2383.0,107.97,110.222,-2.252,23,341.0,146.0,150.0,161.0,192.0,110.274,128.0,-17.726,23,5204.0,2012.0,2012.0,2169.0,2191.0,107.803,108.897,-1.093,-16.633,-15.474,True
2008-09,2008,1610612751,NJN,44,22,5405.0,2051.0,2048.0,2214.0,2210.0,107.947,107.91,0.037,22,414.0,185.0,181.0,204.0,206.0,110.27,113.812,-3.542,22,4991.0,1866.0,1867.0,2010.0,2004.0,107.717,107.338,0.379,-3.921,-3.579,22,5305.0,2016.0,2010.0,2165.0,2218.0,107.391,110.348,-2.957,22,361.0,157.0,175.0,156.0,179.0,99.363,102.286,-2.923,22,4944.0,1859.0,1835.0,2009.0,2039.0,108.069,111.117,-3.048,0.126,0.035,True
2008-09,2008,1610612740,NOH,47,23,5519.0,2045.0,2050.0,2214.0,2174.0,108.264,106.049,2.215,23,322.0,140.0,147.0,170.0,152.0,121.429,103.401,18.027,23,5197.0,1905.0,1903.0,2044.0,2022.0,107.297,106.253,1.043,16.984,15.812,24,5835.0,2169.0,2170.0,2328.0,2301.0,107.331,106.037,1.294,24,396.0,170.0,175.0,217.0,203.0,127.647,116.0,11.647,24,5439.0,1999.0,1995.0,2111.0,2098.0,105.603,105.163,0.44,11.207,10.353,True
2008-09,2008,1610612752,NYK,49,24,5785.0,2335.0,2338.0,2487.0,2515.0,106.51,107.571,-1.061,24,329.0,146.0,138.0,146.0,153.0,100.0,110.87,-10.87,24,5456.0,2189.0,2200.0,2341.0,2362.0,106.944,107.364,-0.42,-10.45,-9.809,25,6100.0,2469.0,2475.0,2712.0,2746.0,109.842,110.949,-1.107,25,448.0,215.0,219.0,231.0,264.0,107.442,120.548,-13.106,25,5652.0,2254.0,2256.0,2481.0,2482.0,110.071,110.018,0.053,-13.159,-11.999,True
2008-09,2008,1610612760,OKC,41,20,4825.0,1906.0,1904.0,1993.0,2017.0,104.565,105.935,-1.37,20,332.0,143.0,149.0,145.0,160.0,101.399,107.383,-5.984,20,4493.0,1763.0,1755.0,1848.0,1857.0,104.821,105.812,-0.991,-4.993,-4.614,21,5140.0,2011.0,2018.0,2129.0,2145.0,105.868,106.293,-0.426,21,363.0,162.0,165.0,160.0,159.0,98.765,96.364,2.402,21,4777.0,1849.0,1853.0,1969.0,1986.0,106.49,107.178,-0.688,3.089,2.827,True
2008-09,2008,1610612753,ORL,40,20,4825.0,1869.0,1871.0,1988.0,1948.0,106.367,104.115,2.252,20,310.0,151.0,144.0,167.0,129.0,110.596,89.583,21.013,20,4515.0,1718.0,1727.0,1821.0,1819.0,105.995,105.327,0.668,20.345,18.761,20,4825.0,1874.0,1873.0,1972.0,1938.0,105.229,103.47,1.759,20,358.0,167.0,162.0,171.0,142.0,102.395,87.654,14.741,20,4467.0,1707.0,1711.0,1801.0,1796.0,105.507,104.968,0.539,14.202,12.982,True
2008-09,2008,1610612755,PHI,46,23,5545.0,2128.0,2132.0,2251.0,2212.0,105.78,103.752,2.028,23,403.0,185.0,176.0,209.0,158.0,112.973,89.773,23.2,23,5142.0,1943.0,1956.0,2042.0,2054.0,105.095,105.01,0.085,23.115,21.173,23,5570.0,2064.0,2067.0,2264.0,2248.0,109.69,108.757,0.933,23,438.0,200.0,197.0,213.0,204.0,106.5,103.553,2.947,23,5132.0,1864.0,1870.0,2051.0,2044.0,110.032,109.305,0.727,2.219,2.013,True
2008-09,2008,1610612756,PHX,42,21,5090.0,2032.0,2036.0,2240.0,2215.0,110.236,108.792,1.444,21,436.0,181.0,186.0,194.0,194.0,107.182,104.301,2.881,21,4654.0,1851.0,1850.0,2046.0,2021.0,110.535,109.243,1.292,1.59,1.437,21,5065.0,2091.0,2090.0,2347.0,2364.0,112.243,113.11,-0.867,21,237.0,104.0,119.0,125.0,141.0,120.192,118.487,1.705,21,4828.0,1987.0,1971.0,2222.0,2223.0,111.827,112.785,-0.959,2.663,2.572,True
2008-09,2008,1610612757,POR,42,21,5115.0,1870.0,1870.0,2074.0,2054.0,110.909,109.84,1.07,21,445.0,190.0,187.0,189.0,180.0,99.474,96.257,3.217,21,4670.0,1680.0,1683.0,1885.0,1874.0,112.202,111.349,0.854,2.363,2.147,21,5115.0,1878.0,1877.0,2073.0,2047.0,110.383,109.057,1.326,21,376.0,158.0,173.0,173.0,172.0,109.494,99.422,10.072,21,4739.0,1720.0,1704.0,1900.0,1875.0,110.465,110.035,0.43,9.642,8.745,True
2008-09,2008,1610612758,SAC,37,18,4395.0,1708.0,1707.0,1781.0,1825.0,104.274,106.913,-2.639,18,365.0,164.0,164.0,141.0,169.0,85.976,103.049,-17.073,18,4030.0,1544.0,1543.0,1640.0,1656.0,106.218,107.323,-1.106,-15.967,-14.434,19,4710.0,1889.0,1889.0,2126.0,2144.0,112.546,113.499,-0.953,19,435.0,187.0,202.0,186.0,214.0,99.465,105.941,-6.475,19,4275.0,1702.0,1687.0,1940.0,1930.0,113.984,114.404,-0.421,-6.055,-5.522,True
2008-09,2008,1610612759,SAS,47,23,5670.0,2074.0,2080.0,2229.0,2208.0,107.473,106.154,1.32,23,570.0,242.0,238.0,252.0,232.0,104.132,97.479,6.653,23,5100.0,1832.0,1842.0,1977.0,1976.0,107.915,107.275,0.64,6.013,5.334,24,5835.0,2192.0,2192.0,2353.0,2306.0,107.345,105.201,2.144,24,446.0,219.0,196.0,229.0,184.0,104.566,93.878,10.689,24,5389.0,1973.0,1996.0,2124.0,2122.0,107.653,106.313,1.341,9.348,8.544,True
2008-09,2008,1610612761,TOR,43,21,5090.0,1915.0,1908.0,2068.0,2072.0,107.99,108.595,-0.606,21,332.0,143.0,137.0,155.0,155.0,108.392,113.139,-4.747,21,4758.0,1772.0,1771.0,1913.0,1917.0,107.957,108.244,-0.287,-4.46,-4.141,22,5355.0,2093.0,2096.0,2264.0,2272.0,108.17,108.397,-0.227,22,369.0,158.0,164.0,167.0,179.0,105.696,109.146,-3.45,22,4986.0,1935.0,1932.0,2097.0,2093.0,108.372,108.333,0.039,-3.489,-3.223,True
2008-09,2008,1610612762,UTA,41,20,4900.0,1927.0,1929.0,2026.0,2042.0,105.138,105.858,-0.72,20,375.0,169.0,181.0,184.0,182.0,108.876,100.552,8.323,20,4525.0,1758.0,1748.0,1842.0,1860.0,104.778,106.407,-1.629,9.952,9.044,21,5140.0,2031.0,2033.0,2223.0,2209.0,109.453,108.657,0.796,21,362.0,164.0,168.0,181.0,179.0,110.366,106.548,3.818,21,4778.0,1867.0,1865.0,2042.0,2030.0,109.373,108.847,0.526,3.292,3.022,True
2008-09,2008,1610612764,WAS,40,20,4825.0,1831.0,1834.0,1891.0,1969.0,103.277,107.361,-4.084,20,322.0,132.0,140.0,113.0,165.0,85.606,117.857,-32.251,20,4503.0,1699.0,1694.0,1778.0,1804.0,104.65,106.494,-1.844,-30.407,-28.167,20,4800.0,1853.0,1850.0,2041.0,2079.0,110.146,112.378,-2.233,20,299.0,132.0,127.0,147.0,152.0,111.364,119.685,-8.321,20,4501.0,1721.0,1723.0,1894.0,1927.0,110.052,111.84,-1.788,-6.534,-6.089,True
2009-10,2009,1610612737,ATL,38,19,4635.0,1721.0,1717.0,1858.0,1836.0,107.96,106.931,1.03,19,352.0,151.0,138.0,161.0,140.0,106.623,101.449,5.173,19,4283.0,1570.0,1579.0,1697.0,1696.0,108.089,107.41,0.679,4.494,4.143,19,4660.0,1738.0,1741.0,1910.0,1889.0,109.896,108.501,1.396,19,392.0,163.0,160.0,171.0,169.0,104.908,105.625,-0.717,19,4268.0,1575.0,1581.0,1739.0,1720.0,110.413,108.792,1.621,-2.338,-2.113,True
2009-10,2009,1610612738,BOS,48,24,5835.0,2240.0,2236.0,2348.0,2293.0,104.821,102.549,2.272,24,422.0,176.0,173.0,180.0,160.0,102.273,92.486,9.787,24,5413.0,2064.0,2063.0,2168.0,2133.0,105.039,103.393,1.646,8.142,7.515,24,5785.0,2211.0,2208.0,2338.0,2296.0,105.744,103.986,1.758,24,359.0,154.0,146.0,154.0,143.0,100.0,97.945,2.055,24,5426.0,2057.0,2062.0,2184.0,2153.0,106.174,104.413,1.761,0.294,0.296,True
2009-10,2009,1610612766,CHA,48,24,5885.0,2235.0,2254.0,2325.0,2318.0,104.027,102.839,1.187,24,520.0,220.0,227.0,236.0,234.0,107.273,103.084,4.189,24,5365.0,2015.0,2027.0,2089.0,2084.0,103.672,102.812,0.86,3.329,3.002,24,5835.0,2175.0,2175.0,2240.0,2239.0,102.989,102.943,0.046,24,451.0,178.0,186.0,155.0,174.0,87.079,93.548,-6.47,24,5384.0,1997.0,1989.0,2085.0,2065.0,104.407,103.821,0.586,-7.055,-6.516,True
2009-10,2009,1610612741,CHI,43,21,5140.0,2002.0,2008.0,2020.0,2012.0,100.899,100.199,0.7,21,397.0,175.0,170.0,168.0,173.0,96.0,101.765,-5.765,21,4743.0,1827.0,1838.0,1852.0,1839.0,101.368,100.054,1.314,-7.079,-6.465,22,5405.0,2103.0,2102.0,2211.0,2210.0,105.136,105.138,-0.002,22,396.0,188.0,176.0,185.0,166.0,98.404,94.318,4.086,22,5009.0,1915.0,1926.0,2026.0,2044.0,105.796,106.127,-0.33,4.416,4.089,True
2009-10,2009,1610612739,CLE,49,24,5810.0,2207.0,2200.0,2412.0,2318.0,109.289,105.364,3.925,24,337.0,148.0,144.0,177.0,129.0,119.595,89.583,30.011,24,5473.0,2059.0,2056.0,2235.0,2189.0,108.548,106.469,2.079,27.932,26.086,25,6050.0,2324.0,2319.0,2579.0,2502.0,110.972,107.891,3.081,25,429.0,198.0,181.0,224.0,174.0,113.131,96.133,16.999,25,5621.0,2126.0,2138.0,2355.0,2328.0,110.771,108.887,1.885,15.114,13.918,True
2009-10,2009,1610612742,DAL,46,23,5645.0,2176.0,2173.0,2273.0,2227.0,104.458,102.485,1.973,23,425.0,199.0,184.0,213.0,175.0,107.035,95.109,11.926,23,5220.0,1977.0,1989.0,2060.0,2052.0,104.198,103.167,1.031,10.896,9.954,23,5595.0,2170.0,2168.0,2396.0,2332.0,110.415,107.565,2.85,23,406.0,170.0,160.0,208.0,153.0,122.353,95.625,26.728,23,5189.0,2000.0,2008.0,2188.0,2179.0,109.4,108.516,0.884,25.844,23.878,True
2009-10,2009,1610612743,DEN,37,18,4320.0,1722.0,1730.0,1866.0,1894.0,108.362,109.48,-1.117,18,280.0,120.0,128.0,138.0,154.0,115.0,120.312,-5.313,18,4040.0,1602.0,1602.0,1728.0,1740.0,107.865,108.614,-0.749,-4.563,-4.195,19,4660.0,1829.0,1831.0,1997.0,1972.0,109.185,107.701,1.485,19,424.0,179.0,175.0,214.0,180.0,119.553,102.857,16.696,19,4236.0,1650.0,1656.0,1783.0,1792.0,108.061,108.213,-0.152,16.848,15.211,True
2009-10,2009,1610612765,DET,47,23,5570.0,2067.0,2061.0,2168.0,2178.0,104.886,105.677,-0.791,23,331.0,148.0,148.0,154.0,150.0,104.054,101.351,2.703,23,5239.0,1919.0,1913.0,2014.0,2028.0,104.95,106.012,-1.061,3.764,3.493,24,5810.0,2177.0,2175.0,2317.0,2374.0,106.431,109.149,-2.719,24,425.0,173.0,183.0,161.0,198.0,93.064,108.197,-15.133,24,5385.0,2004.0,1992.0,2156.0,2176.0,107.585,109.237,-1.652,-13.481,-12.415,True
2009-10,2009,1610612744,GSW,40,20,4850.0,2049.0,2051.0,2204.0,2257.0,107.565,110.044,-2.479,20,380.0,165.0,172.0,155.0,188.0,93.939,109.302,-15.363,20,4470.0,1884.0,1879.0,2049.0,2069.0,108.758,110.112,-1.354,-14.009,-12.884,20,4800.0,2016.0,2018.0,2198.0,2253.0,109.028,111.645,-2.617,20,284.0,138.0,150.0,131.0,177.0,94.928,118.0,-23.072,20,4516.0,1878.0,1868.0,2067.0,2076.0,110.064,111.135,-1.071,-22.001,-20.455,True
2009-10,2009,1610612745,HOU,47,23,5645.0,2178.0,2189.0,2339.0,2323.0,107.392,106.122,1.271,23,464.0,195.0,200.0,205.0,199.0,105.128,99.5,5.628,23,5181.0,1983.0,1989.0,2134.0,2124.0,107.615,106.787,0.827,4.801,4.358,24,5860.0,2318.0,2328.0,2476.0,2504.0,106.816,107.56,-0.744,24,422.0,181.0,190.0,184.0,180.0,101.657,94.737,6.921,24,5438.0,2137.0,2138.0,2292.0,2324.0,107.253,108.7,-1.447,8.367,7.665,True
2009-10,2009,1610612754,IND,35,17,4080.0,1655.0,1654.0,1660.0,1712.0,100.302,103.507,-3.205,17,190.0,86.0,87.0,57.0,99.0,66.279,113.793,-47.514,17,3890.0,1569.0,1567.0,1603.0,1613.0,102.167,102.936,-0.769,-46.745,-44.309,18,4345.0,1743.0,1749.0,1876.0,1874.0,107.631,107.147,0.484,18,266.0,108.0,119.0,106.0,115.0,98.148,96.639,1.509,18,4079.0,1635.0,1630.0,1770.0,1759.0,108.257,107.914,0.343,1.167,1.026,False
2009-10,2009,1610612746,LAC,34,17,4105.0,1581.0,1583.0,1628.0,1617.0,102.973,102.148,0.825,17,266.0,110.0,108.0,111.0,104.0,100.909,96.296,4.613,17,3839.0,1471.0,1475.0,1517.0,1513.0,103.127,102.576,0.551,4.062,3.788,17,4080.0,1597.0,1600.0,1680.0,1688.0,105.197,105.5,-0.303,17,230.0,108.0,110.0,120.0,95.0,111.111,86.364,24.747,17,3850.0,1489.0,1490.0,1560.0,1593.0,104.768,106.913,-2.144,26.892,25.05,True
2009-10,2009,1610612747,LAL,32,16,3965.0,1532.0,1525.0,1635.0,1596.0,106.723,104.656,2.067,16,403.0,176.0,169.0,183.0,169.0,103.977,100.0,3.977,16,3562.0,1356.0,1356.0,1452.0,1427.0,107.08,105.236,1.844,2.134,1.91,16,3865.0,1495.0,1494.0,1606.0,1578.0,107.425,105.622,1.802,16,269.0,125.0,121.0,117.0,109.0,93.6,90.083,3.517,16,3596.0,1370.0,1373.0,1489.0,1469.0,108.686,106.992,1.694,1.823,1.715,True
2009-10,2009,1610612763,MEM,45,22,5355.0,2103.0,2105.0,2288.0,2285.0,108.797,108.551,0.246,22,453.0,203.0,213.0,190.0,203.0,93.596,95.305,-1.709,22,4902.0,1900.0,1892.0,2098.0,2082.0,110.421,110.042,0.379,-2.088,-1.955,23,5670.0,2199.0,2199.0,2350.0,2319.0,106.867,105.457,1.41,23,462.0,186.0,185.0,192.0,191.0,103.226,103.243,-0.017,23,5208.0,2013.0,2014.0,2158.0,2128.0,107.203,105.66,1.543,-1.56,-1.427,True
2009-10,2009,1610612748,MIA,37,18,4345.0,1655.0,1657.0,1754.0,1773.0,105.982,107.001,-1.019,18,346.0,154.0,150.0,159.0,176.0,103.247,117.333,-14.087,18,3999.0,1501.0,1507.0,1595.0,1597.0,106.262,105.972,0.29,-14.377,-13.068,19,4735.0,1762.0,1754.0,1825.0,1811.0,103.575,103.25,0.326,19,454.0,196.0,199.0,201.0,179.0,102.551,89.95,12.601,19,4281.0,1566.0,1555.0,1624.0,1632.0,103.704,104.952,-1.248,13.849,12.276,True
2009-10,2009,1610612749,MIL,45,22,5430.0,2161.0,2163.0,2188.0,2206.0,101.249,101.988,-0.739,22,507.0,235.0,237.0,240.0,227.0,102.128,95.781,6.347,22,4923.0,1926.0,1926.0,1948.0,1979.0,101.142,102.752,-1.61,7.957,7.086,23,5670.0,2128.0,2135.0,2243.0,2207.0,105.404,103.372,2.032,23,526.0,233.0,232.0,226.0,219.0,96.996,94.397,2.599,23,5144.0,1895.0,1903.0,2017.0,1988.0,106.438,104.467,1.971,0.628,0.567,True
2009-10,2009,1610612750,MIN,36,18,4395.0,1757.0,1758.0,1814.0,1848.0,103.244,105.119,-1.875,18,315.0,128.0,138.0,122.0,139.0,95.312,100.725,-5.412,18,4080.0,1629.0,1620.0,1692.0,1709.0,103.867,105.494,-1.626,-3.786,-3.537,18,4345.0,1709.0,1711.0,1827.0,1840.0,106.905,107.539,-0.635,18,241.0,96.0,109.0,108.0,130.0,112.5,119.266,-6.766,18,4104.0,1613.0,1602.0,1719.0,1710.0,106.572,106.742,-0.17,-6.596,-6.131,False
2009-10,2009,1610612751,NJN,28,14,3360.0,1288.0,1288.0,1265.0,1304.0,98.214,101.242,-3.028,14,272.0,116.0,117.0,99.0,139.0,85.345,118.803,-33.459,14,3088.0,1172.0,1171.0,1166.0,1165.0,99.488,99.488,0.0,-33.459,-30.431,14,3460.0,1298.0,1301.0,1349.0,1382.0,103.929,106.226,-2.297,14,228.0,90.0,99.0,75.0,98.0,83.333,98.99,-15.657,14,3232.0,1208.0,1202.0,1274.0,1284.0,105.464,106.822,-1.358,-14.298,-13.36,False
2009-10,2009,1610612740,NOH,53,26,6315.0,2439.0,2441.0,2598.0,2572.0,106.519,105.367,1.152,26,473.0,210.0,206.0,234.0,185.0,111.429,89.806,21.623,26,5842.0,2229.0,2235.0,2364.0,2387.0,106.057,106.801,-0.744,22.367,20.47,27,6555.0,2566.0,2570.0,2759.0,2791.0,107.521,108.599,-1.078,27,431.0,181.0,184.0,192.0,202.0,106.077,109.783,-3.705,27,6124.0,2385.0,2386.0,2567.0,2589.0,107.631,108.508,-0.877,-2.828,-2.627,True
2009-10,2009,1610612752,NYK,44,22,5405.0,2114.0,2112.0,2197.0,2213.0,103.926,104.782,-0.856,22,451.0,195.0,196.0,220.0,198.0,112.821,101.02,11.8,22,4954.0,1919.0,1916.0,1977.0,2015.0,103.022,105.167,-2.145,13.945,12.656,22,5355.0,2128.0,2129.0,2318.0,2345.0,108.929,110.146,-1.217,22,412.0,180.0,188.0,154.0,176.0,85.556,93.617,-8.061,22,4943.0,1948.0,1941.0,2164.0,2169.0,111.088,111.747,-0.658,-7.403,-6.844,True
2009-10,2009,1610612760,OKC,45,22,5355.0,2064.0,2064.0,2095.0,2137.0,101.502,103.537,-2.035,22,445.0,187.0,187.0,165.0,179.0,88.235,95.722,-7.487,22,4910.0,1877.0,1877.0,1930.0,1958.0,102.824,104.315,-1.492,-5.995,-5.452,23,5570.0,2179.0,2173.0,2383.0,2363.0,109.362,108.744,0.618,23,396.0,189.0,171.0,182.0,172.0,96.296,100.585,-4.288,23,5174.0,1990.0,2002.0,2201.0,2191.0,110.603,109.441,1.162,-5.451,-4.907,True
2009-10,2009,1610612753,ORL,33,16,3865.0,1509.0,1506.0,1590.0,1580.0,105.368,104.914,0.454,16,242.0,111.0,111.0,115.0,100.0,103.604,90.09,13.514,16,3623.0,1398.0,1395.0,1475.0,1480.0,105.508,106.093,-0.585,14.099,13.059,17,4105.0,1553.0,1549.0,1654.0,1661.0,106.504,107.23,-0.727,17,272.0,114.0,111.0,127.0,122.0,111.404,109.91,1.494,17,3833.0,1439.0,1438.0,1527.0,1539.0,106.115,107.024,-0.908,2.402,2.221,True
2009-10,2009,1610612755,PHI,45,22,5330.0,2062.0,2065.0,2187.0,2218.0,106.062,107.409,-1.347,22,352.0,154.0,162.0,135.0,183.0,87.662,112.963,-25.301,22,4978.0,1908.0,1903.0,2052.0,2035.0,107.547,106.936,0.611,-25.911,-23.953,23,5595.0,2133.0,2132.0,2229.0,2284.0,104.501,107.129,-2.629,23,470.0,190.0,190.0,188.0,208.0,98.947,109.474,-10.526,23,5125.0,1943.0,1942.0,2041.0,2076.0,105.044,106.9,-1.856,-8.67,-7.898,True
2009-10,2009,1610612756,PHX,40,20,4800.0,1957.0,1954.0,2192.0,2176.0,112.008,111.361,0.647,20,364.0,162.0,155.0,191.0,178.0,117.901,114.839,3.063,20,4436.0,1795.0,1799.0,2001.0,1998.0,111.476,111.062,0.415,2.648,2.416,20,4850.0,1958.0,1947.0,2181.0,2174.0,111.389,111.659,-0.27,20,297.0,139.0,140.0,165.0,154.0,118.705,110.0,8.705,20,4553.0,1819.0,1807.0,2016.0,2020.0,110.83,111.787,-0.957,9.662,8.975,True
2009-10,2009,1610612757,POR,45,22,5355.0,1948.0,1948.0,2102.0,2070.0,107.906,106.263,1.643,22,394.0,173.0,171.0,176.0,171.0,101.734,100.0,1.734,22,4961.0,1775.0,1777.0,1926.0,1899.0,108.507,106.866,1.642,0.093,0.091,23,5620.0,2076.0,2073.0,2236.0,2195.0,107.707,105.885,1.822,23,416.0,180.0,172.0,180.0,159.0,100.0,92.442,7.558,23,5204.0,1896.0,1901.0,2056.0,2036.0,108.439,107.102,1.337,6.221,5.736,True
2009-10,2009,1610612758,SAC,49,24,5860.0,2309.0,2309.0,2480.0,2527.0,107.406,109.441,-2.036,24,472.0,203.0,201.0,193.0,227.0,95.074,112.935,-17.861,24,5388.0,2106.0,2108.0,2287.0,2300.0,108.594,109.108,-0.514,-17.348,-15.826,25,6100.0,2381.0,2376.0,2467.0,2579.0,103.612,108.544,-4.932,25,392.0,157.0,170.0,160.0,199.0,101.911,117.059,-15.148,25,5708.0,2224.0,2206.0,2307.0,2380.0,103.732,107.888,-4.156,-10.992,-10.216,True
2009-10,2009,1610612759,SAS,41,20,4850.0,1842.0,1833.0,1942.0,1947.0,105.429,106.219,-0.79,20,303.0,137.0,134.0,137.0,143.0,100.0,106.716,-6.716,20,4547.0,1705.0,1699.0,1805.0,1804.0,105.865,106.18,-0.315,-6.401,-5.926,21,5090.0,1961.0,1962.0,2101.0,2109.0,107.139,107.492,-0.353,21,330.0,144.0,145.0,142.0,170.0,98.611,117.241,-18.63,21,4760.0,1817.0,1817.0,1959.0,1939.0,107.815,106.714,1.101,-19.731,-18.277,True
2009-10,2009,1610612761,TOR,42,21,5065.0,1981.0,1979.0,2203.0,2178.0,111.206,110.056,1.151,21,320.0,142.0,144.0,165.0,148.0,116.197,102.778,13.419,21,4745.0,1839.0,1835.0,2038.0,2030.0,110.821,110.627,0.194,13.225,12.269,21,5115.0,1983.0,1983.0,2232.0,2214.0,112.557,111.649,0.908,21,393.0,175.0,166.0,198.0,168.0,113.143,101.205,11.938,21,4722.0,1808.0,1817.0,2034.0,2046.0,112.5,112.603,-0.103,12.041,11.03,True
2009-10,2009,1610612762,UTA,32,16,3865.0,1496.0,1496.0,1546.0,1558.0,103.342,104.144,-0.802,16,288.0,127.0,131.0,119.0,153.0,93.701,116.794,-23.093,16,3577.0,1369.0,1365.0,1427.0,1405.0,104.237,102.93,1.306,-24.399,-22.291,16,3890.0,1548.0,1553.0,1709.0,1658.0,110.401,106.761,3.639,16,249.0,109.0,105.0,131.0,108.0,120.183,102.857,17.326,16,3641.0,1439.0,1448.0,1578.0,1550.0,109.659,107.044,2.615,14.711,13.687,True
2009-10,2009,1610612764,WAS,46,23,5620.0,2212.0,2209.0,2358.0,2366.0,106.6,107.107,-0.507,23,454.0,207.0,206.0,210.0,232.0,101.449,112.621,-11.172,23,5166.0,2005.0,2003.0,2148.0,2134.0,107.132,106.54,0.592,-11.764,-10.665,23,5570.0,2111.0,2108.0,2160.0,2200.0,102.321,104.364,-2.043,23,408.0,173.0,178.0,148.0,164.0,85.549,92.135,-6.586,23,5162.0,1938.0,1930.0,2012.0,2036.0,103.818,105.492,-1.674,-4.912,-4.543,True
2010-11,2010,1610612737,ATL,41,20,4825.0,1814.0,1826.0,1926.0,1914.0,106.174,104.819,1.355,20,243.0,112.0,103.0,133.0,102.0,118.75,99.029,19.721,20,4582.0,1702.0,1723.0,1793.0,1812.0,105.347,105.165,0.181,19.54,18.366,21,5065.0,1888.0,1885.0,2038.0,2053.0,107.945,108.912,-0.968,21,302.0,134.0,125.0,144.0,134.0,107.463,107.2,0.263,21,4763.0,1754.0,1760.0,1894.0,1919.0,107.982,109.034,-1.052,1.315,1.23,True
2010-11,2010,1610612738,BOS,48,24,5835.0,2198.0,2197.0,2336.0,2289.0,106.278,104.188,2.091,24,448.0,199.0,191.0,228.0,192.0,114.573,100.524,14.049,24,5387.0,1999.0,2006.0,2108.0,2097.0,105.453,104.536,0.916,13.133,11.958,24,5785.0,2170.0,2174.0,2177.0,2172.0,100.323,99.908,0.415,24,429.0,178.0,179.0,144.0,173.0,80.899,96.648,-15.749,24,5356.0,1992.0,1995.0,2033.0,1999.0,102.058,100.201,1.858,-17.607,-16.164,True
2010-11,2010,1610612766,CHA,48,24,5810.0,2224.0,2217.0,2293.0,2299.0,103.103,103.699,-0.596,24,341.0,153.0,162.0,163.0,168.0,106.536,103.704,2.832,24,5469.0,2071.0,2055.0,2130.0,2131.0,102.849,103.698,-0.849,3.682,3.428,24,5835.0,2158.0,2169.0,2286.0,2273.0,105.931,104.795,1.137,24,435.0,193.0,196.0,203.0,183.0,105.181,93.367,11.814,24,5400.0,1965.0,1973.0,2083.0,2090.0,106.005,105.93,0.075,11.739,10.677,True
2010-11,2010,1610612741,CHI,44,22,5405.0,2108.0,2098.0,2141.0,2095.0,101.565,99.857,1.708,22,406.0,191.0,196.0,192.0,171.0,100.524,87.245,13.279,22,4999.0,1917.0,1902.0,1949.0,1924.0,101.669,101.157,0.513,12.766,11.57,22,5305.0,1974.0,1978.0,2099.0,2019.0,106.332,102.073,4.26,22,401.0,183.0,174.0,207.0,158.0,113.115,90.805,22.31,22,4904.0,1791.0,1804.0,1892.0,1861.0,105.639,103.16,2.48,19.83,18.051,True
2010-11,2010,1610612739,CLE,38,19,4585.0,1809.0,1803.0,1817.0,1869.0,100.442,103.661,-3.218,19,291.0,133.0,135.0,135.0,124.0,101.504,91.852,9.652,19,4294.0,1676.0,1668.0,1682.0,1745.0,100.358,104.616,-4.258,13.91,12.87,19,4610.0,1792.0,1795.0,1975.0,1977.0,110.212,110.139,0.073,19,318.0,143.0,144.0,171.0,161.0,119.58,111.806,7.775,19,4292.0,1649.0,1651.0,1804.0,1816.0,109.4,109.994,-0.594,8.369,7.702,True
2010-11,2010,1610612742,DAL,48,24,5760.0,2181.0,2186.0,2306.0,2272.0,105.731,103.934,1.797,24,375.0,164.0,161.0,197.0,146.0,120.122,90.683,29.439,24,5385.0,2017.0,2025.0,2109.0,2126.0,104.561,104.988,-0.426,29.865,27.642,24,5785.0,2257.0,2246.0,2460.0,2398.0,108.994,106.768,2.227,24,326.0,158.0,143.0,184.0,124.0,116.456,86.713,29.742,24,5459.0,2099.0,2103.0,2276.0,2274.0,108.433,108.131,0.301,29.441,27.516,True
2010-11,2010,1610612743,DEN,46,23,5520.0,2223.0,2228.0,2473.0,2459.0,111.246,110.368,0.878,23,322.0,155.0,158.0,154.0,165.0,99.355,104.43,-5.076,23,5198.0,2068.0,2070.0,2319.0,2294.0,112.137,110.821,1.316,-6.392,-5.954,23,5545.0,2195.0,2197.0,2354.0,2320.0,107.244,105.599,1.645,23,292.0,129.0,135.0,151.0,133.0,117.054,98.519,18.536,23,5253.0,2066.0,2062.0,2203.0,2187.0,106.631,106.062,0.569,17.967,16.891,True
2010-11,2010,1610612765,DET,43,21,5215.0,1963.0,1968.0,2109.0,2144.0,107.438,108.943,-1.505,21,461.0,201.0,198.0,203.0,208.0,100.995,105.051,-4.055,21,4754.0,1762.0,1770.0,1906.0,1936.0,108.173,109.379,-1.206,-2.849,-2.55,22,5305.0,1984.0,1990.0,2198.0,2215.0,110.786,111.307,-0.52,22,364.0,157.0,160.0,153.0,163.0,97.452,101.875,-4.423,22,4941.0,1827.0,1830.0,2045.0,2052.0,111.932,112.131,-0.199,-4.224,-3.903,True
2010-11,2010,1610612744,GSW,43,21,5065.0,2028.0,2029.0,2229.0,2234.0,109.911,110.103,-0.192,21,283.0,134.0,140.0,148.0,156.0,110.448,111.429,-0.981,21,4782.0,1894.0,1889.0,2081.0,2078.0,109.873,110.005,-0.132,-0.849,-0.789,22,5405.0,2166.0,2168.0,2381.0,2378.0,109.926,109.686,0.24,22,426.0,197.0,208.0,226.0,231.0,114.721,111.058,3.663,22,4979.0,1969.0,1960.0,2155.0,2147.0,109.446,109.541,-0.094,3.758,3.423,True
2010-11,2010,1610612745,HOU,52,26,6340.0,2528.0,2532.0,2722.0,2779.0,107.674,109.755,-2.081,26,422.0,189.0,198.0,184.0,229.0,97.354,115.657,-18.302,26,5918.0,2339.0,2334.0,2538.0,2550.0,108.508,109.254,-0.747,-17.555,-16.221,26,6340.0,2517.0,2518.0,2784.0,2791.0,110.608,110.842,-0.234,26,488.0,219.0,224.0,222.0,244.0,101.37,108.929,-7.559,26,5852.0,2298.0,2294.0,2562.0,2547.0,111.488,111.029,0.459,-8.018,-7.325,True
2010-11,2010,1610612754,IND,33,16,3865.0,1527.0,1527.0,1563.0,1588.0,102.358,103.995,-1.637,16,331.0,135.0,137.0,132.0,157.0,97.778,114.599,-16.821,16,3534.0,1392.0,1390.0,1431.0,1431.0,102.802,102.95,-0.148,-16.673,-15.184,17,4155.0,1647.0,1647.0,1813.0,1805.0,110.079,109.593,0.486,17,312.0,138.0,136.0,131.0,128.0,94.928,94.118,0.81,17,3843.0,1509.0,1511.0,1682.0,1677.0,111.465,110.986,0.478,0.331,0.324,True
2010-11,2010,1610612746,LAC,44,22,5355.0,2068.0,2071.0,2186.0,2230.0,105.706,107.677,-1.971,22,333.0,146.0,145.0,136.0,161.0,93.151,111.034,-17.884,22,5022.0,1922.0,1926.0,2050.0,2069.0,106.66,107.425,-0.765,-17.119,-15.912,22,5380.0,2120.0,2119.0,2264.0,2240.0,106.792,105.71,1.082,22,358.0,163.0,160.0,195.0,169.0,119.632,105.625,14.007,22,5022.0,1957.0,1959.0,2069.0,2071.0,105.723,105.717,0.006,14.001,12.925,True
2010-11,2010,1610612747,LAL,38,19,4560.0,1774.0,1775.0,1925.0,1917.0,108.512,108.0,0.512,19,296.0,131.0,132.0,139.0,146.0,106.107,110.606,-4.499,19,4264.0,1643.0,1643.0,1786.0,1771.0,108.704,107.791,0.913,-5.412,-5.011,19,4710.0,1789.0,1779.0,1909.0,1874.0,106.708,105.34,1.368,19,403.0,180.0,174.0,197.0,156.0,109.444,89.655,19.789,19,4307.0,1609.0,1605.0,1712.0,1718.0,106.401,107.04,-0.639,20.428,18.422,True
2010-11,2010,1610612763,MEM,44,22,5405.0,2092.0,2093.0,2206.0,2246.0,105.449,107.31,-1.861,22,466.0,206.0,210.0,203.0,250.0,98.544,119.048,-20.504,22,4939.0,1886.0,1883.0,2003.0,1996.0,106.204,106.001,0.203,-20.706,-18.643,22,5355.0,2028.0,2027.0,2181.0,2151.0,107.544,106.117,1.427,22,475.0,209.0,201.0,219.0,196.0,104.785,97.512,7.272,22,4880.0,1819.0,1826.0,1962.0,1955.0,107.861,107.065,0.797,6.475,5.845,True
2010-11,2010,1610612748,MIA,42,21,5140.0,1972.0,1964.0,2086.0,2085.0,105.781,106.161,-0.38,21,362.0,173.0,171.0,202.0,182.0,116.763,106.433,10.33,21,4778.0,1799.0,1793.0,1884.0,1903.0,104.725,106.135,-1.41,11.74,10.71,21,5040.0,1907.0,1901.0,2092.0,2053.0,109.701,107.996,1.705,21,299.0,131.0,119.0,143.0,116.0,109.16,97.479,11.681,21,4741.0,1776.0,1782.0,1949.0,1937.0,109.741,108.698,1.043,10.638,9.976,True
2010-11,2010,1610612749,MIL,47,23,5595.0,2130.0,2132.0,2120.0,2116.0,99.531,99.25,0.281,23,401.0,180.0,177.0,158.0,163.0,87.778,92.09,-4.313,23,5194.0,1950.0,1955.0,1962.0,1953.0,100.615,99.898,0.718,-5.03,-4.594,24,5835.0,2204.0,2202.0,2264.0,2267.0,102.722,102.952,-0.23,24,463.0,200.0,200.0,187.0,196.0,93.5,98.0,-4.5,24,5372.0,2004.0,2002.0,2077.0,2071.0,103.643,103.447,0.196,-4.696,-4.27,True
2010-11,2010,1610612750,MIN,41,20,4850.0,1996.0,1982.0,2135.0,2194.0,106.964,110.696,-3.732,20,339.0,156.0,160.0,131.0,210.0,83.974,131.25,-47.276,20,4511.0,1840.0,1822.0,2004.0,1984.0,108.913,108.891,0.022,-47.297,-43.543,21,5090.0,2061.0,2066.0,2183.0,2299.0,105.919,111.278,-5.358,21,330.0,137.0,155.0,136.0,199.0,99.27,128.387,-29.117,21,4760.0,1924.0,1911.0,2047.0,2100.0,106.393,109.89,-3.497,-25.62,-23.759,True
2010-11,2010,1610612751,NJN,52,26,6390.0,2406.0,2399.0,2454.0,2512.0,101.995,104.71,-2.715,26,501.0,212.0,219.0,202.0,231.0,95.283,105.479,-10.196,26,5889.0,2194.0,2180.0,2252.0,2281.0,102.644,104.633,-1.989,-8.207,-7.481,26,6415.0,2428.0,2426.0,2557.0,2595.0,105.313,106.966,-1.653,26,532.0,226.0,233.0,238.0,251.0,105.31,107.725,-2.416,26,5883.0,2202.0,2193.0,2319.0,2344.0,105.313,106.886,-1.572,-0.843,-0.762,True
2010-11,2010,1610612740,NOH,47,23,5545.0,2091.0,2091.0,2178.0,2118.0,104.161,101.291,2.869,23,419.0,187.0,178.0,184.0,174.0,98.396,97.753,0.643,23,5126.0,1904.0,1913.0,1994.0,1944.0,104.727,101.62,3.106,-2.463,-2.227,24,5885.0,2143.0,2144.0,2301.0,2290.0,107.373,106.81,0.563,24,530.0,230.0,230.0,237.0,195.0,103.043,84.783,18.261,24,5355.0,1913.0,1914.0,2064.0,2095.0,107.893,109.457,-1.563,19.824,17.698,True
2010-11,2010,1610612752,NYK,45,22,5355.0,2190.0,2197.0,2402.0,2411.0,109.68,109.741,-0.06,22,372.0,168.0,169.0,187.0,191.0,111.31,113.018,-1.708,22,4983.0,2022.0,2028.0,2215.0,2220.0,109.545,109.467,0.078,-1.786,-1.648,23,5545.0,2201.0,2202.0,2387.0,2427.0,108.451,110.218,-1.767,23,383.0,176.0,176.0,179.0,190.0,101.705,107.955,-6.25,23,5162.0,2025.0,2026.0,2208.0,2237.0,109.037,110.415,-1.378,-4.872,-4.483,True
2010-11,2010,1610612760,OKC,51,25,6125.0,2395.0,2399.0,2665.0,2586.0,111.273,107.795,3.479,25,517.0,235.0,229.0,273.0,206.0,116.17,89.956,26.214,25,5608.0,2160.0,2170.0,2392.0,2380.0,110.741,109.677,1.063,25.151,22.735,26,6440.0,2518.0,2511.0,2732.0,2710.0,108.499,107.925,0.574,26,593.0,278.0,268.0,270.0,251.0,97.122,93.657,3.466,26,5847.0,2240.0,2243.0,2462.0,2459.0,109.911,109.63,0.281,3.185,2.892,True
2010-11,2010,1610612753,ORL,43,21,5090.0,1940.0,1942.0,2035.0,2018.0,104.897,103.913,0.983,21,361.0,160.0,157.0,188.0,176.0,117.5,112.102,5.398,21,4729.0,1780.0,1785.0,1847.0,1842.0,103.764,103.193,0.571,4.827,4.415,22,5380.0,2030.0,2025.0,2164.0,2162.0,106.601,106.765,-0.164,22,422.0,194.0,188.0,191.0,193.0,98.454,102.66,-4.206,22,4958.0,1836.0,1837.0,1973.0,1969.0,107.462,107.186,0.276,-4.482,-4.042,True
2010-11,2010,1610612755,PHI,43,21,5115.0,1973.0,1965.0,2094.0,2091.0,106.133,106.412,-0.279,21,372.0,160.0,158.0,160.0,193.0,100.0,122.152,-22.152,21,4743.0,1813.0,1807.0,1934.0,1898.0,106.674,105.036,1.638,-23.79,-21.872,22,5455.0,2121.0,2129.0,2188.0,2192.0,103.159,102.959,0.2,22,525.0,240.0,235.0,229.0,230.0,95.417,97.872,-2.456,22,4930.0,1881.0,1894.0,1959.0,1962.0,104.147,103.59,0.556,-3.012,-2.655,True
2010-11,2010,1610612756,PHX,47,23,5670.0,2276.0,2276.0,2552.0,2542.0,112.127,111.687,0.439,23,468.0,220.0,201.0,251.0,209.0,114.091,103.98,10.111,23,5202.0,2056.0,2075.0,2301.0,2333.0,111.916,112.434,-0.517,10.628,9.671,24,5935.0,2327.0,2327.0,2538.0,2538.0,109.067,109.067,0.0,24,504.0,222.0,235.0,219.0,253.0,98.649,107.66,-9.011,24,5431.0,2105.0,2092.0,2319.0,2285.0,110.166,109.226,0.941,-9.952,-9.011,True
2010-11,2010,1610612757,POR,47,23,5570.0,2101.0,2103.0,2247.0,2241.0,106.949,106.562,0.387,23,417.0,184.0,180.0,182.0,184.0,98.913,102.222,-3.309,23,5153.0,1917.0,1923.0,2065.0,2057.0,107.72,106.968,0.752,-4.061,-3.696,24,5835.0,2130.0,2126.0,2346.0,2298.0,110.141,108.09,2.051,24,400.0,179.0,170.0,212.0,150.0,118.436,88.235,30.2,24,5435.0,1951.0,1956.0,2134.0,2148.0,109.38,109.816,-0.436,30.637,28.15,True
2010-11,2010,1610612758,SAC,51,25,6075.0,2375.0,2372.0,2466.0,2550.0,103.832,107.504,-3.673,25,439.0,187.0,200.0,158.0,221.0,84.492,110.5,-26.008,25,5636.0,2188.0,2172.0,2308.0,2329.0,105.484,107.228,-1.744,-24.264,-22.335,26,6340.0,2551.0,2556.0,2662.0,2686.0,104.351,105.086,-0.735,26,465.0,224.0,215.0,205.0,223.0,91.518,103.721,-12.203,26,5875.0,2327.0,2341.0,2457.0,2463.0,105.587,105.211,0.375,-12.578,-11.468,True
2010-11,2010,1610612759,SAS,38,19,4635.0,1805.0,1806.0,1962.0,1898.0,108.698,105.094,3.604,19,358.0,163.0,161.0,168.0,134.0,103.067,83.23,19.838,19,4277.0,1642.0,1645.0,1794.0,1764.0,109.257,107.234,2.023,17.815,16.234,19,4585.0,1758.0,1761.0,1903.0,1884.0,108.248,106.985,1.263,19,298.0,132.0,128.0,129.0,135.0,97.727,105.469,-7.741,19,4287.0,1626.0,1633.0,1774.0,1749.0,109.102,107.103,1.999,-9.74,-9.005,True
2010-11,2010,1610612761,TOR,42,21,5040.0,1980.0,1979.0,2116.0,2150.0,106.869,108.641,-1.772,21,325.0,145.0,154.0,140.0,167.0,96.552,108.442,-11.89,21,4715.0,1835.0,1825.0,1976.0,1983.0,107.684,108.658,-0.974,-10.916,-10.118,21,5140.0,1961.0,1967.0,2138.0,2167.0,109.026,110.168,-1.142,21,365.0,153.0,164.0,138.0,193.0,90.196,117.683,-27.487,21,4775.0,1808.0,1803.0,2000.0,1974.0,110.619,109.484,1.135,-28.622,-26.345,True
2010-11,2010,1610612762,UTA,41,20,4900.0,1852.0,1854.0,1992.0,1950.0,107.559,105.178,2.381,20,413.0,173.0,181.0,208.0,178.0,120.231,98.343,21.889,20,4487.0,1679.0,1673.0,1784.0,1772.0,106.254,105.918,0.336,21.552,19.507,21,5140.0,2001.0,2000.0,2143.0,2133.0,107.096,106.65,0.446,21,454.0,200.0,214.0,209.0,230.0,104.5,107.477,-2.977,21,4686.0,1801.0,1786.0,1934.0,1903.0,107.385,106.551,0.834,-3.81,-3.423,True
2010-11,2010,1610612764,WAS,39,19,4660.0,1836.0,1841.0,1881.0,1939.0,102.451,105.323,-2.872,19,359.0,157.0,162.0,149.0,189.0,94.904,116.667,-21.762,19,4301.0,1679.0,1679.0,1732.0,1750.0,103.157,104.229,-1.072,-20.69,-18.89,20,4950.0,1942.0,1936.0,2037.0,2068.0,104.892,106.818,-1.926,20,385.0,166.0,166.0,168.0,184.0,101.205,110.843,-9.639,20,4565.0,1776.0,1770.0,1869.0,1884.0,105.236,106.441,-1.204,-8.434,-7.712,True
2011-12,2011,1610612737,ATL,35,17,4230.0,1610.0,1606.0,1629.0,1569.0,101.18,97.696,3.484,17,384.0,179.0,169.0,196.0,161.0,109.497,95.266,14.231,17,3846.0,1431.0,1437.0,1433.0,1408.0,100.14,97.982,2.158,12.073,10.747,18,4495.0,1691.0,1694.0,1797.0,1762.0,106.268,104.014,2.254,18,448.0,184.0,179.0,193.0,149.0,104.891,83.24,21.651,18,4047.0,1507.0,1515.0,1604.0,1613.0,106.437,106.469,-0.032,21.683,19.397,True
2011-12,2011,1610612738,BOS,31,15,3625.0,1384.0,1385.0,1387.0,1381.0,100.217,99.711,0.506,15,234.0,101.0,96.0,101.0,101.0,100.0,105.208,-5.208,15,3391.0,1283.0,1289.0,1286.0,1280.0,100.234,99.302,0.932,-6.14,-5.714,16,3915.0,1497.0,1489.0,1503.0,1475.0,100.401,99.06,1.341,16,299.0,139.0,132.0,142.0,128.0,102.158,96.97,5.189,16,3616.0,1358.0,1357.0,1361.0,1347.0,100.221,99.263,0.958,4.231,3.848,True
2011-12,2011,1610612766,CHA,24,12,2905.0,1127.0,1121.0,1103.0,1154.0,97.87,102.944,-5.073,12,197.0,87.0,93.0,77.0,109.0,88.506,117.204,-28.699,12,2708.0,1040.0,1028.0,1026.0,1045.0,98.654,101.654,-3.0,-25.699,-23.625,12,2905.0,1092.0,1096.0,1059.0,1089.0,96.978,99.361,-2.383,12,158.0,70.0,74.0,53.0,85.0,75.714,114.865,-39.151,12,2747.0,1022.0,1022.0,1006.0,1004.0,98.434,98.239,0.196,-39.346,-36.767,False
2011-12,2011,1610612741,CHI,28,14,3360.0,1306.0,1304.0,1373.0,1343.0,105.13,102.991,2.139,14,195.0,97.0,96.0,100.0,94.0,103.093,97.917,5.176,14,3165.0,1209.0,1208.0,1273.0,1249.0,105.294,103.394,1.9,3.277,3.037,14,3460.0,1278.0,1278.0,1323.0,1275.0,103.521,99.765,3.756,14,227.0,103.0,92.0,115.0,83.0,111.65,90.217,21.433,14,3233.0,1175.0,1186.0,1208.0,1192.0,102.809,100.506,2.303,19.13,17.677,False
2011-12,2011,1610612739,CLE,30,15,3650.0,1402.0,1404.0,1429.0,1469.0,101.926,104.63,-2.704,15,232.0,93.0,109.0,91.0,112.0,97.849,102.752,-4.903,15,3418.0,1309.0,1295.0,1338.0,1357.0,102.215,104.788,-2.572,-2.331,-2.199,15,3675.0,1419.0,1417.0,1462.0,1486.0,103.03,104.869,-1.839,15,315.0,144.0,140.0,153.0,152.0,106.25,108.571,-2.321,15,3360.0,1275.0,1277.0,1309.0,1334.0,102.667,104.464,-1.797,-0.525,-0.482,False
2011-12,2011,1610612742,DAL,31,15,3675.0,1394.0,1403.0,1348.0,1371.0,96.7,97.719,-1.019,15,349.0,150.0,155.0,146.0,157.0,97.333,101.29,-3.957,15,3326.0,1244.0,1248.0,1202.0,1214.0,96.624,97.276,-0.652,-3.305,-2.938,16,3990.0,1505.0,1508.0,1580.0,1580.0,104.983,104.775,0.209,16,353.0,150.0,153.0,157.0,147.0,104.667,96.078,8.588,16,3637.0,1355.0,1355.0,1423.0,1433.0,105.018,105.756,-0.738,9.326,8.379,True
2011-12,2011,1610612743,DEN,34,17,4230.0,1693.0,1693.0,1745.0,1763.0,103.071,104.135,-1.063,17,466.0,209.0,204.0,181.0,205.0,86.603,100.49,-13.887,17,3764.0,1484.0,1489.0,1564.0,1558.0,105.391,104.634,0.757,-14.644,-12.824,17,4130.0,1611.0,1617.0,1773.0,1748.0,110.056,108.101,1.954,17,388.0,168.0,165.0,188.0,164.0,111.905,99.394,12.511,17,3742.0,1443.0,1452.0,1585.0,1584.0,109.841,109.091,0.75,11.761,10.556,True
2011-12,2011,1610612765,DET,30,15,3650.0,1349.0,1350.0,1415.0,1408.0,104.893,104.296,0.596,15,262.0,117.0,108.0,120.0,113.0,102.564,104.63,-2.066,15,3388.0,1232.0,1242.0,1295.0,1295.0,105.114,104.267,0.846,-2.912,-2.662,15,3675.0,1390.0,1391.0,1380.0,1416.0,99.281,101.797,-2.517,15,288.0,124.0,127.0,111.0,133.0,89.516,104.724,-15.208,15,3387.0,1266.0,1264.0,1269.0,1283.0,100.237,101.503,-1.266,-13.942,-12.692,True
2011-12,2011,1610612744,GSW,38,19,4610.0,1786.0,1788.0,1891.0,1908.0,105.879,106.711,-0.832,19,365.0,163.0,163.0,159.0,182.0,97.546,111.656,-14.11,19,4245.0,1623.0,1625.0,1732.0,1726.0,106.716,106.215,0.501,-14.611,-13.278,19,4585.0,1775.0,1780.0,1826.0,1874.0,102.873,105.281,-2.408,19,359.0,155.0,171.0,124.0,174.0,80.0,101.754,-21.754,19,4226.0,1620.0,1609.0,1702.0,1700.0,105.062,105.656,-0.594,-21.16,-19.347,True
2011-12,2011,1610612745,HOU,42,21,5115.0,1968.0,1966.0,2029.0,2012.0,103.1,102.34,0.76,21,329.0,138.0,134.0,144.0,126.0,104.348,94.03,10.318,21,4786.0,1830.0,1832.0,1885.0,1886.0,103.005,102.948,0.058,10.26,9.558,21,5190.0,1982.0,1981.0,2120.0,2126.0,106.963,107.32,-0.357,21,446.0,199.0,198.0,208.0,199.0,104.523,100.505,4.018,21,4744.0,1783.0,1783.0,1912.0,1927.0,107.235,108.076,-0.841,4.859,4.374,True
2011-12,2011,1610612754,IND,30,15,3650.0,1410.0,1411.0,1456.0,1426.0,103.262,101.063,2.199,15,320.0,148.0,155.0,143.0,133.0,96.622,85.806,10.815,15,3330.0,1262.0,1256.0,1313.0,1293.0,104.041,102.946,1.095,9.72,8.616,15,3700.0,1402.0,1396.0,1527.0,1481.0,108.916,106.089,2.827,15,316.0,143.0,134.0,167.0,113.0,116.783,84.328,32.455,15,3384.0,1259.0,1262.0,1360.0,1368.0,108.022,108.399,-0.377,32.832,29.628,True
2011-12,2011,1610612746,LAC,40,20,4875.0,1831.0,1833.0,1893.0,1874.0,103.386,102.237,1.149,20,441.0,198.0,203.0,182.0,194.0,91.919,95.567,-3.647,20,4434.0,1633.0,1630.0,1711.0,1680.0,104.776,103.067,1.709,-5.356,-4.797,20,4850.0,1799.0,1800.0,1936.0,1944.0,107.615,108.0,-0.385,20,411.0,189.0,189.0,199.0,196.0,105.291,103.704,1.587,20,4439.0,1610.0,1611.0,1737.0,1748.0,107.888,108.504,-0.616,2.203,1.972,True
2011-12,2011,1610612747,LAL,42,21,5090.0,1955.0,1949.0,1962.0,1923.0,100.358,98.666,1.692,21,344.0,147.0,138.0,151.0,125.0,102.721,90.58,12.141,21,4746.0,1808.0,1811.0,1811.0,1798.0,100.166,99.282,0.884,11.258,10.449,21,5215.0,2004.0,1998.0,2155.0,2098.0,107.535,105.005,2.53,21,548.0,227.0,225.0,265.0,210.0,116.74,93.333,23.407,21,4667.0,1777.0,1773.0,1890.0,1888.0,106.359,106.486,-0.127,23.534,20.877,True
2011-12,2011,1610612763,MEM,41,20,4825.0,1843.0,1837.0,1868.0,1873.0,101.356,101.96,-0.603,20,307.0,136.0,136.0,153.0,141.0,112.5,103.676,8.824,20,4518.0,1707.0,1701.0,1715.0,1732.0,100.469,101.822,-1.354,10.177,9.427,21,5115.0,1948.0,1952.0,2043.0,1993.0,104.877,102.1,2.776,21,348.0,175.0,172.0,179.0,148.0,102.286,86.047,16.239,21,4767.0,1773.0,1780.0,1864.0,1845.0,105.133,103.652,1.481,14.758,13.463,True
2011-12,2011,1610612748,MIA,29,14,3485.0,1358.0,1360.0,1381.0,1362.0,101.694,100.147,1.547,14,322.0,145.0,142.0,140.0,133.0,96.552,93.662,2.89,14,3163.0,1213.0,1218.0,1241.0,1229.0,102.308,100.903,1.405,1.485,1.343,15,3675.0,1395.0,1385.0,1396.0,1392.0,100.072,100.505,-0.434,15,275.0,119.0,118.0,126.0,102.0,105.882,86.441,19.442,15,3400.0,1276.0,1267.0,1270.0,1290.0,99.53,101.815,-2.286,21.727,19.875,True
2011-12,2011,1610612749,MIL,40,20,4825.0,1868.0,1867.0,1924.0,1923.0,102.998,102.999,-0.002,20,266.0,116.0,110.0,103.0,127.0,88.793,115.455,-26.661,20,4559.0,1752.0,1757.0,1821.0,1796.0,103.938,102.22,1.719,-28.38,-26.66,20,4800.0,1922.0,1933.0,2017.0,2028.0,104.943,104.915,0.028,20,296.0,142.0,142.0,145.0,143.0,102.113,100.704,1.408,20,4504.0,1780.0,1791.0,1872.0,1885.0,105.169,105.248,-0.08,1.488,1.38,True
2011-12,2011,1610612750,MIN,40,20,4800.0,1880.0,1883.0,1890.0,1890.0,100.532,100.372,0.16,20,300.0,137.0,138.0,143.0,144.0,104.38,104.348,0.032,20,4500.0,1743.0,1745.0,1747.0,1746.0,100.229,100.057,0.172,-0.14,-0.128,20,4900.0,1903.0,1904.0,1994.0,2049.0,104.782,107.616,-2.834,20,351.0,161.0,169.0,158.0,176.0,98.137,104.142,-6.005,20,4549.0,1742.0,1735.0,1836.0,1873.0,105.396,107.954,-2.558,-3.448,-3.172,True
2011-12,2011,1610612751,NJN,32,16,3865.0,1440.0,1442.0,1553.0,1583.0,107.847,109.778,-1.931,16,219.0,95.0,101.0,95.0,112.0,100.0,110.891,-10.891,16,3646.0,1345.0,1341.0,1458.0,1471.0,108.401,109.694,-1.293,-9.598,-8.96,16,3865.0,1491.0,1495.0,1551.0,1589.0,104.024,106.288,-2.263,16,288.0,126.0,128.0,131.0,162.0,103.968,126.562,-22.594,16,3577.0,1365.0,1367.0,1420.0,1427.0,104.029,104.389,-0.36,-22.234,-20.331,False
2011-12,2011,1610612740,NOH,40,20,4850.0,1807.0,1807.0,1804.0,1877.0,99.834,103.874,-4.04,20,369.0,158.0,160.0,147.0,179.0,93.038,111.875,-18.837,20,4481.0,1649.0,1647.0,1657.0,1698.0,100.485,103.097,-2.611,-16.226,-14.797,20,4850.0,1791.0,1802.0,1848.0,1814.0,103.183,100.666,2.517,20,396.0,163.0,156.0,153.0,154.0,93.865,98.718,-4.853,20,4454.0,1628.0,1646.0,1695.0,1660.0,104.115,100.851,3.265,-8.118,-7.37,True
2011-12,2011,1610612752,NYK,30,15,3650.0,1439.0,1438.0,1422.0,1425.0,98.819,99.096,-0.277,15,253.0,109.0,116.0,122.0,113.0,111.927,97.414,14.513,15,3397.0,1330.0,1322.0,1300.0,1312.0,97.744,99.244,-1.499,16.012,14.79,15,3650.0,1419.0,1422.0,1471.0,1494.0,103.665,105.063,-1.399,15,276.0,116.0,124.0,114.0,124.0,98.276,100.0,-1.724,15,3374.0,1303.0,1298.0,1357.0,1370.0,104.144,105.547,-1.403,-0.321,-0.325,True
2011-12,2011,1610612760,OKC,32,16,3890.0,1538.0,1536.0,1642.0,1582.0,106.762,102.995,3.767,16,362.0,163.0,162.0,179.0,140.0,109.816,86.42,23.396,16,3528.0,1375.0,1374.0,1463.0,1442.0,106.4,104.949,1.451,21.945,19.629,16,3940.0,1538.0,1543.0,1644.0,1676.0,106.892,108.62,-1.728,16,358.0,159.0,166.0,154.0,181.0,96.855,109.036,-12.181,16,3582.0,1379.0,1377.0,1490.0,1495.0,108.049,108.569,-0.52,-11.661,-10.453,True
2011-12,2011,1610612753,ORL,33,16,3915.0,1468.0,1462.0,1525.0,1495.0,103.883,102.257,1.626,16,276.0,126.0,114.0,157.0,101.0,124.603,88.596,36.007,16,3639.0,1342.0,1348.0,1368.0,1394.0,101.937,103.412,-1.475,37.482,34.381,17,4130.0,1545.0,1541.0,1631.0,1660.0,105.566,107.722,-2.156,17,300.0,123.0,132.0,117.0,133.0,95.122,100.758,-5.636,17,3830.0,1422.0,1409.0,1514.0,1527.0,106.47,108.375,-1.905,-3.731,-3.48,True
2011-12,2011,1610612755,PHI,27,13,3170.0,1194.0,1190.0,1176.0,1192.0,98.492,100.168,-1.676,13,215.0,97.0,93.0,94.0,88.0,96.907,94.624,2.284,13,2955.0,1097.0,1097.0,1082.0,1104.0,98.633,100.638,-2.005,4.289,3.959,14,3385.0,1288.0,1289.0,1251.0,1298.0,97.127,100.698,-3.571,14,226.0,99.0,113.0,82.0,127.0,82.828,112.389,-29.561,14,3159.0,1189.0,1176.0,1169.0,1171.0,98.318,99.575,-1.257,-28.304,-25.99,False
2011-12,2011,1610612756,PHX,33,16,3840.0,1473.0,1482.0,1504.0,1539.0,102.105,103.846,-1.742,16,194.0,84.0,91.0,82.0,99.0,97.619,108.791,-11.172,16,3646.0,1389.0,1391.0,1422.0,1440.0,102.376,103.523,-1.147,-10.025,-9.431,17,4080.0,1576.0,1575.0,1723.0,1722.0,109.327,109.333,-0.006,17,238.0,104.0,103.0,106.0,123.0,101.923,119.417,-17.494,17,3842.0,1472.0,1472.0,1617.0,1599.0,109.851,108.628,1.223,-18.717,-17.488,False
2011-12,2011,1610612757,POR,32,16,3940.0,1524.0,1516.0,1558.0,1572.0,102.231,103.694,-1.463,16,337.0,147.0,153.0,123.0,143.0,83.673,93.464,-9.791,16,3603.0,1377.0,1363.0,1435.0,1429.0,104.212,104.842,-0.63,-9.16,-8.328,16,3865.0,1440.0,1440.0,1534.0,1518.0,106.528,105.417,1.111,16,282.0,113.0,119.0,115.0,116.0,101.77,97.479,4.291,16,3583.0,1327.0,1321.0,1419.0,1402.0,106.933,106.132,0.801,3.49,3.18,True
2011-12,2011,1610612758,SAC,32,16,3865.0,1512.0,1515.0,1575.0,1554.0,104.167,102.574,1.592,16,295.0,130.0,132.0,141.0,106.0,108.462,80.303,28.159,16,3570.0,1382.0,1383.0,1434.0,1448.0,103.763,104.7,-0.937,29.096,26.566,16,3890.0,1544.0,1542.0,1663.0,1696.0,107.707,109.987,-2.28,16,326.0,138.0,147.0,127.0,152.0,92.029,103.401,-11.372,16,3564.0,1406.0,1395.0,1536.0,1544.0,109.246,110.681,-1.435,-9.937,-9.093,True
2011-12,2011,1610612759,SAS,31,15,3675.0,1397.0,1403.0,1471.0,1430.0,105.297,101.924,3.373,15,339.0,152.0,148.0,156.0,126.0,102.632,85.135,17.496,15,3336.0,1245.0,1255.0,1315.0,1304.0,105.622,103.904,1.718,15.778,14.124,16,3865.0,1527.0,1525.0,1657.0,1618.0,108.513,106.098,2.415,16,276.0,124.0,115.0,132.0,107.0,106.452,93.043,13.408,16,3589.0,1403.0,1410.0,1525.0,1511.0,108.696,107.163,1.533,11.876,10.993,True
2011-12,2011,1610612761,TOR,34,17,4155.0,1588.0,1585.0,1619.0,1654.0,101.952,104.353,-2.401,17,318.0,135.0,133.0,124.0,148.0,91.852,111.278,-19.426,17,3837.0,1453.0,1452.0,1495.0,1506.0,102.891,103.719,-0.828,-18.598,-17.025,17,4130.0,1565.0,1552.0,1584.0,1574.0,101.214,101.418,-0.203,17,292.0,146.0,146.0,125.0,172.0,85.616,117.808,-32.192,17,3838.0,1419.0,1406.0,1459.0,1402.0,102.819,99.716,3.103,-35.295,-31.988,True
2011-12,2011,1610612762,UTA,41,20,4875.0,1853.0,1857.0,1934.0,1934.0,104.371,104.146,0.225,20,400.0,176.0,176.0,160.0,176.0,90.909,100.0,-9.091,20,4475.0,1677.0,1681.0,1774.0,1758.0,105.784,104.581,1.204,-10.294,-9.316,21,5290.0,2044.0,2035.0,2191.0,2138.0,107.192,105.061,2.13,21,506.0,233.0,217.0,235.0,210.0,100.858,96.774,4.084,21,4784.0,1811.0,1818.0,1956.0,1928.0,108.007,106.051,1.956,2.128,1.954,True
2011-12,2011,1610612764,WAS,26,13,3145.0,1253.0,1256.0,1317.0,1365.0,105.108,108.678,-3.571,13,209.0,94.0,96.0,77.0,106.0,81.915,110.417,-28.502,13,2936.0,1159.0,1160.0,1240.0,1259.0,106.989,108.534,-1.546,-26.956,-24.931,13,3120.0,1199.0,1201.0,1213.0,1211.0,101.168,100.833,0.335,13,207.0,96.0,89.0,94.0,98.0,97.917,110.112,-12.196,13,2913.0,1103.0,1112.0,1119.0,1113.0,101.451,100.09,1.361,-13.556,-12.531,False
2012-13,2012,1610612737,ATL,40,20,4900.0,1888.0,1884.0,1999.0,1949.0,105.879,103.45,2.429,20,394.0,173.0,173.0,178.0,151.0,102.89,87.283,15.607,20,4506.0,1715.0,1711.0,1821.0,1798.0,106.181,105.085,1.096,14.511,13.178,20,4875.0,1931.0,1933.0,1982.0,2000.0,102.641,103.466,-0.825,20,330.0,149.0,164.0,151.0,144.0,101.342,87.805,13.537,20,4545.0,1782.0,1769.0,1831.0,1856.0,102.75,104.918,-2.168,15.706,14.362,True
2012-13,2012,1610612751,BKN,40,20,4925.0,1834.0,1829.0,1959.0,1918.0,106.816,104.866,1.95,20,409.0,176.0,164.0,174.0,158.0,98.864,96.341,2.522,20,4516.0,1658.0,1665.0,1785.0,1760.0,107.66,105.706,1.954,0.568,0.573,20,4850.0,1834.0,1840.0,1911.0,1896.0,104.198,103.043,1.155,20,377.0,163.0,163.0,161.0,168.0,98.773,103.067,-4.294,20,4473.0,1671.0,1677.0,1750.0,1728.0,104.728,103.041,1.687,-5.981,-5.449,True
2012-13,2012,1610612738,BOS,39,19,4735.0,1839.0,1831.0,1865.0,1871.0,101.414,102.185,-0.771,19,519.0,220.0,224.0,203.0,210.0,92.273,93.75,-1.477,19,4216.0,1619.0,1607.0,1662.0,1661.0,102.656,103.36,-0.704,-0.773,-0.706,20,5025.0,1931.0,1937.0,1952.0,1965.0,101.088,101.446,-0.358,20,516.0,204.0,207.0,189.0,200.0,92.647,96.618,-3.971,20,4509.0,1727.0,1730.0,1763.0,1765.0,102.085,102.023,0.061,-4.033,-3.613,True
2012-13,2012,1610612766,CHA,40,20,4925.0,1900.0,1901.0,1974.0,2026.0,103.895,106.575,-2.681,20,394.0,164.0,168.0,146.0,161.0,89.024,95.833,-6.809,20,4531.0,1736.0,1733.0,1828.0,1865.0,105.3,107.617,-2.317,-4.492,-4.128,20,4800.0,1861.0,1857.0,1951.0,1978.0,104.836,106.516,-1.68,20,344.0,151.0,146.0,156.0,155.0,103.311,106.164,-2.853,20,4456.0,1710.0,1711.0,1795.0,1823.0,104.971,106.546,-1.575,-1.278,-1.173,True
2012-13,2012,1610612741,CHI,48,24,5785.0,2196.0,2197.0,2221.0,2199.0,101.138,100.091,1.047,24,353.0,160.0,147.0,164.0,129.0,102.5,87.755,14.745,24,5432.0,2036.0,2050.0,2057.0,2070.0,101.031,100.976,0.056,14.689,13.697,24,5885.0,2184.0,2184.0,2284.0,2273.0,104.579,104.075,0.504,24,480.0,209.0,209.0,210.0,208.0,100.478,99.522,0.957,24,5405.0,1975.0,1975.0,2074.0,2065.0,105.013,104.557,0.456,0.501,0.453,True
2012-13,2012,1610612739,CLE,49,24,5810.0,2256.0,2261.0,2374.0,2415.0,105.23,106.811,-1.581,24,467.0,209.0,215.0,210.0,243.0,100.478,113.023,-12.545,24,5343.0,2047.0,2046.0,2164.0,2172.0,105.716,106.158,-0.443,-12.102,-10.964,25,6000.0,2343.0,2334.0,2506.0,2487.0,106.957,106.555,0.402,25,399.0,200.0,193.0,207.0,202.0,103.5,104.663,-1.163,25,5601.0,2143.0,2141.0,2299.0,2285.0,107.28,106.726,0.554,-1.717,-1.565,True
2012-13,2012,1610612742,DAL,47,23,5770.0,2284.0,2288.0,2403.0,2418.0,105.21,105.682,-0.472,23,551.0,246.0,240.0,251.0,256.0,102.033,106.667,-4.634,23,5219.0,2038.0,2048.0,2152.0,2162.0,105.594,105.566,0.027,-4.661,-4.162,24,5810.0,2291.0,2292.0,2424.0,2399.0,105.805,104.668,1.137,24,392.0,172.0,177.0,171.0,170.0,99.419,96.045,3.373,24,5418.0,2119.0,2115.0,2253.0,2229.0,106.324,105.39,0.934,2.44,2.236,True
2012-13,2012,1610612743,DEN,47,23,5570.0,2195.0,2196.0,2304.0,2310.0,104.966,105.191,-0.225,23,414.0,196.0,195.0,206.0,191.0,105.102,97.949,7.153,23,5156.0,1999.0,2001.0,2098.0,2119.0,104.952,105.897,-0.945,8.098,7.379,24,5935.0,2415.0,2408.0,2569.0,2500.0,106.377,103.821,2.556,24,551.0,250.0,243.0,272.0,228.0,108.8,93.827,14.973,24,5384.0,2165.0,2165.0,2297.0,2272.0,106.097,104.942,1.155,13.818,12.417,True
2012-13,2012,1610612765,DET,37,18,4445.0,1667.0,1671.0,1771.0,1821.0,106.239,108.977,-2.738,18,357.0,144.0,153.0,136.0,172.0,94.444,112.418,-17.974,18,4088.0,1523.0,1518.0,1635.0,1649.0,107.354,108.63,-1.276,-16.698,-15.236,19,4560.0,1749.0,1749.0,1855.0,1857.0,106.061,106.175,-0.114,19,324.0,141.0,142.0,153.0,137.0,108.511,96.479,12.032,19,4236.0,1608.0,1607.0,1702.0,1720.0,105.846,107.032,-1.186,13.218,12.146,True
2012-13,2012,1610612744,GSW,40,20,4900.0,1938.0,1939.0,2029.0,1984.0,104.696,102.321,2.375,20,381.0,179.0,174.0,193.0,167.0,107.821,95.977,11.844,20,4519.0,1759.0,1765.0,1836.0,1817.0,104.377,102.946,1.431,10.413,9.469,20,4825.0,1931.0,1934.0,2039.0,2055.0,105.593,106.256,-0.664,20,354.0,163.0,164.0,155.0,150.0,95.092,91.463,3.629,20,4471.0,1768.0,1770.0,1884.0,1905.0,106.561,107.627,-1.066,4.695,4.292,True
2012-13,2012,1610612745,HOU,42,21,5115.0,2069.0,2065.0,2155.0,2149.0,104.157,104.068,0.089,21,383.0,168.0,161.0,178.0,177.0,105.952,109.938,-3.986,21,4732.0,1901.0,1904.0,1977.0,1972.0,103.998,103.571,0.426,-4.412,-4.074,21,5065.0,2039.0,2039.0,2214.0,2182.0,108.583,107.013,1.569,21,303.0,130.0,139.0,136.0,133.0,104.615,95.683,8.932,21,4762.0,1909.0,1900.0,2078.0,2049.0,108.853,107.842,1.011,7.921,7.363,True
2012-13,2012,1610612754,IND,43,21,5115.0,1914.0,1911.0,1937.0,1911.0,101.202,100.0,1.202,21,419.0,186.0,174.0,179.0,130.0,96.237,74.713,21.524,21,4696.0,1728.0,1737.0,1758.0,1781.0,101.736,102.533,-0.797,22.321,20.322,22,5355.0,2015.0,2019.0,2092.0,2085.0,103.821,103.269,0.552,22,350.0,152.0,161.0,151.0,158.0,99.342,98.137,1.205,22,5005.0,1863.0,1858.0,1941.0,1927.0,104.187,103.714,0.473,0.732,0.653,True
2012-13,2012,1610612746,LAC,32,16,3865.0,1505.0,1504.0,1615.0,1582.0,107.309,105.186,2.123,16,288.0,122.0,120.0,150.0,134.0,122.951,111.667,11.284,16,3577.0,1383.0,1384.0,1465.0,1448.0,105.929,104.624,1.305,9.979,9.161,16,3865.0,1476.0,1476.0,1591.0,1614.0,107.791,109.35,-1.558,16,308.0,136.0,141.0,146.0,166.0,107.353,117.73,-10.378,16,3557.0,1340.0,1335.0,1445.0,1448.0,107.836,108.464,-0.629,-9.749,-8.819,True
2012-13,2012,1610612747,LAL,44,22,5305.0,2119.0,2120.0,2198.0,2256.0,103.728,106.415,-2.687,22,298.0,127.0,139.0,128.0,149.0,100.787,107.194,-6.407,22,5007.0,1992.0,1981.0,2070.0,2107.0,103.916,106.36,-2.445,-3.962,-3.72,22,5330.0,2112.0,2105.0,2228.0,2169.0,105.492,103.04,2.452,22,436.0,199.0,196.0,212.0,158.0,106.533,80.612,25.92,22,4894.0,1913.0,1909.0,2016.0,2011.0,105.384,105.343,0.041,25.879,23.468,True
2012-13,2012,1610612763,MEM,45,22,5380.0,1994.0,1991.0,1988.0,1937.0,99.699,97.288,2.411,22,437.0,177.0,171.0,165.0,150.0,93.22,87.719,5.501,22,4943.0,1817.0,1820.0,1823.0,1787.0,100.33,98.187,2.143,3.358,3.09,23,5545.0,2075.0,2073.0,2079.0,2071.0,100.193,99.904,0.289,23,343.0,157.0,141.0,162.0,132.0,103.185,93.617,9.568,23,5202.0,1918.0,1932.0,1917.0,1939.0,99.948,100.362,-0.414,9.982,9.278,True
2012-13,2012,1610612748,MIA,40,20,4900.0,1892.0,1879.0,2103.0,2025.0,111.152,107.77,3.382,20,423.0,184.0,181.0,220.0,156.0,119.565,86.188,33.377,20,4477.0,1708.0,1698.0,1883.0,1869.0,110.246,110.071,0.175,33.202,29.995,20,4900.0,1841.0,1833.0,2057.0,1966.0,111.733,107.256,4.477,20,368.0,167.0,149.0,193.0,123.0,115.569,82.55,33.019,20,4532.0,1674.0,1684.0,1864.0,1843.0,111.35,109.442,1.908,31.11,28.542,True
2012-13,2012,1610612749,MIL,44,22,5330.0,2144.0,2141.0,2230.0,2176.0,104.011,101.635,2.376,22,376.0,168.0,156.0,166.0,140.0,98.81,89.744,9.066,22,4954.0,1976.0,1985.0,2064.0,2036.0,104.453,102.569,1.884,7.182,6.689,22,5380.0,2199.0,2194.0,2304.0,2316.0,104.775,105.561,-0.786,22,422.0,200.0,196.0,208.0,209.0,104.0,106.633,-2.633,22,4958.0,1999.0,1998.0,2096.0,2107.0,104.852,105.455,-0.603,-2.03,-1.847,True
2012-13,2012,1610612750,MIN,41,20,4825.0,1879.0,1883.0,1937.0,1935.0,103.087,102.762,0.325,20,302.0,133.0,135.0,135.0,151.0,101.504,111.852,-10.348,20,4523.0,1746.0,1748.0,1802.0,1784.0,103.207,102.059,1.148,-11.496,-10.673,21,5065.0,1977.0,1977.0,2025.0,2059.0,102.428,104.148,-1.72,21,321.0,147.0,147.0,135.0,142.0,91.837,96.599,-4.762,21,4744.0,1830.0,1830.0,1890.0,1917.0,103.279,104.754,-1.475,-3.286,-3.042,True
2012-13,2012,1610612740,NOH,42,21,5140.0,1905.0,1899.0,1978.0,2040.0,103.832,107.425,-3.593,21,409.0,161.0,179.0,156.0,195.0,96.894,108.939,-12.044,21,4731.0,1744.0,1720.0,1822.0,1845.0,104.472,107.267,-2.795,-9.249,-8.451,21,5040.0,1900.0,1904.0,2056.0,2072.0,108.211,108.824,-0.613,21,297.0,136.0,140.0,122.0,178.0,89.706,127.143,-37.437,21,4743.0,1764.0,1764.0,1934.0,1894.0,109.637,107.37,2.268,-39.705,-36.824,True
2012-13,2012,1610612752,NYK,38,19,4585.0,1744.0,1743.0,1895.0,1911.0,108.658,109.639,-0.98,19,295.0,117.0,121.0,125.0,122.0,106.838,100.826,6.011,19,4290.0,1627.0,1622.0,1770.0,1789.0,108.789,110.296,-1.507,7.518,6.991,19,4585.0,1722.0,1712.0,1890.0,1853.0,109.756,108.236,1.52,19,332.0,148.0,147.0,126.0,116.0,85.135,78.912,6.224,19,4253.0,1574.0,1565.0,1764.0,1737.0,112.071,110.99,1.081,5.143,4.703,True
2012-13,2012,1610612760,OKC,37,18,4395.0,1687.0,1695.0,1828.0,1785.0,108.358,105.31,3.048,18,326.0,141.0,136.0,161.0,126.0,114.184,92.647,21.537,18,4069.0,1546.0,1559.0,1667.0,1659.0,107.827,106.414,1.412,20.125,18.489,19,4635.0,1866.0,1871.0,1991.0,1975.0,106.699,105.559,1.14,19,353.0,157.0,160.0,163.0,166.0,103.822,103.75,0.072,19,4282.0,1709.0,1711.0,1828.0,1809.0,106.963,105.728,1.235,-1.164,-1.069,True
2012-13,2012,1610612753,ORL,43,21,5115.0,1972.0,1967.0,2065.0,2091.0,104.716,106.304,-1.588,21,389.0,174.0,173.0,164.0,195.0,94.253,112.717,-18.464,21,4726.0,1798.0,1794.0,1901.0,1896.0,105.729,105.686,0.043,-18.507,-16.876,22,5305.0,2077.0,2078.0,2190.0,2273.0,105.441,109.384,-3.943,22,344.0,155.0,163.0,141.0,175.0,90.968,107.362,-16.394,22,4961.0,1922.0,1915.0,2049.0,2098.0,106.608,109.556,-2.948,-13.446,-12.451,True
2012-13,2012,1610612755,PHI,42,21,5090.0,1952.0,1950.0,2007.0,2016.0,102.818,103.385,-0.567,21,274.0,125.0,122.0,122.0,122.0,97.6,100.0,-2.4,21,4816.0,1827.0,1828.0,1885.0,1894.0,103.175,103.611,-0.436,-1.964,-1.833,21,5065.0,1967.0,1965.0,2001.0,2011.0,101.729,102.341,-0.612,21,305.0,135.0,134.0,123.0,134.0,91.111,100.0,-8.889,21,4760.0,1832.0,1831.0,1878.0,1877.0,102.511,102.512,-0.001,-8.888,-8.276,True
2012-13,2012,1610612756,PHX,45,22,5355.0,2069.0,2075.0,2142.0,2178.0,103.528,104.964,-1.436,22,391.0,165.0,173.0,148.0,175.0,89.697,101.156,-11.459,22,4964.0,1904.0,1902.0,1994.0,2003.0,104.727,105.31,-0.583,-10.876,-10.024,23,5570.0,2206.0,2206.0,2243.0,2278.0,101.677,103.264,-1.587,23,318.0,140.0,144.0,141.0,143.0,100.714,99.306,1.409,23,5252.0,2066.0,2062.0,2102.0,2135.0,101.742,103.54,-1.798,3.206,2.995,True
2012-13,2012,1610612757,POR,46,23,5695.0,2186.0,2180.0,2290.0,2258.0,104.758,103.578,1.18,23,499.0,229.0,213.0,251.0,200.0,109.607,93.897,15.71,23,5196.0,1957.0,1967.0,2039.0,2058.0,104.19,104.626,-0.436,16.147,14.531,23,5520.0,2160.0,2161.0,2292.0,2345.0,106.111,108.515,-2.403,23,316.0,141.0,146.0,138.0,183.0,97.872,125.342,-27.47,23,5204.0,2019.0,2015.0,2154.0,2162.0,106.686,107.295,-0.609,-26.861,-25.067,True
2012-13,2012,1610612758,SAC,38,19,4635.0,1814.0,1824.0,1880.0,1920.0,103.638,105.263,-1.625,19,348.0,154.0,162.0,143.0,169.0,92.857,104.321,-11.464,19,4287.0,1660.0,1662.0,1737.0,1751.0,104.639,105.355,-0.716,-10.747,-9.839,19,4635.0,1834.0,1843.0,1980.0,1985.0,107.961,107.705,0.256,19,328.0,138.0,147.0,152.0,147.0,110.145,100.0,10.145,19,4307.0,1696.0,1696.0,1828.0,1838.0,107.783,108.373,-0.59,10.735,9.889,True
2012-13,2012,1610612759,SAS,43,21,5165.0,2055.0,2054.0,2132.0,2088.0,103.747,101.655,2.092,21,438.0,192.0,187.0,183.0,180.0,95.312,96.257,-0.944,21,4727.0,1863.0,1867.0,1949.0,1908.0,104.616,102.196,2.42,-3.364,-3.036,22,5355.0,2107.0,2113.0,2170.0,2145.0,102.99,101.514,1.476,22,380.0,189.0,167.0,179.0,151.0,94.709,90.419,4.29,22,4975.0,1918.0,1946.0,1991.0,1994.0,103.806,102.467,1.339,2.95,2.814,True
2012-13,2012,1610612761,TOR,47,23,5720.0,2173.0,2178.0,2299.0,2333.0,105.798,107.117,-1.318,23,482.0,205.0,204.0,171.0,229.0,83.415,112.255,-28.84,23,5238.0,1968.0,1974.0,2128.0,2104.0,108.13,106.586,1.544,-30.385,-27.522,24,5860.0,2235.0,2240.0,2360.0,2413.0,105.593,107.723,-2.13,24,472.0,206.0,216.0,190.0,245.0,92.233,113.426,-21.193,24,5388.0,2029.0,2024.0,2170.0,2168.0,106.949,107.115,-0.165,-21.028,-19.063,True
2012-13,2012,1610612762,UTA,43,21,5115.0,1939.0,1943.0,2117.0,2106.0,109.18,108.389,0.791,21,380.0,158.0,170.0,174.0,176.0,110.127,103.529,6.597,21,4735.0,1781.0,1773.0,1943.0,1930.0,109.096,108.855,0.241,6.356,5.806,22,5405.0,2054.0,2047.0,2147.0,2131.0,104.528,104.104,0.424,22,409.0,171.0,165.0,176.0,163.0,102.924,98.788,4.136,22,4996.0,1883.0,1882.0,1971.0,1968.0,104.673,104.57,0.104,4.032,3.712,True
2012-13,2012,1610612764,WAS,52,26,6415.0,2487.0,2494.0,2410.0,2508.0,96.904,100.561,-3.657,26,579.0,241.0,253.0,177.0,250.0,73.444,98.814,-25.37,26,5836.0,2246.0,2241.0,2233.0,2258.0,99.421,100.759,-1.337,-24.033,-21.713,26,6240.0,2427.0,2438.0,2451.0,2470.0,100.989,101.313,-0.324,26,339.0,149.0,159.0,137.0,165.0,91.946,103.774,-11.827,26,5901.0,2278.0,2279.0,2314.0,2305.0,101.58,101.141,0.439,-12.267,-11.504,True
2013-14,2013,1610612737,ATL,49,24,5885.0,2360.0,2351.0,2397.0,2408.0,101.568,102.425,-0.857,24,483.0,222.0,221.0,219.0,227.0,98.649,102.715,-4.066,24,5402.0,2138.0,2130.0,2178.0,2181.0,101.871,102.394,-0.523,-3.543,-3.21,25,6025.0,2393.0,2386.0,2572.0,2600.0,107.48,108.969,-1.489,25,428.0,189.0,193.0,215.0,188.0,113.757,97.409,16.347,25,5597.0,2204.0,2193.0,2357.0,2412.0,106.942,109.986,-3.044,19.392,17.836,True
2013-14,2013,1610612751,BKN,38,19,4685.0,1795.0,1792.0,1910.0,1928.0,106.407,107.589,-1.183,19,383.0,172.0,175.0,148.0,172.0,86.047,98.286,-12.239,19,4302.0,1623.0,1617.0,1762.0,1756.0,108.564,108.596,-0.032,-12.207,-11.057,19,4635.0,1777.0,1774.0,1907.0,1891.0,107.316,106.595,0.72,19,403.0,191.0,175.0,209.0,180.0,109.424,102.857,6.567,19,4232.0,1586.0,1599.0,1698.0,1711.0,107.062,107.004,0.057,6.51,5.847,True
2013-14,2013,1610612738,BOS,49,24,5760.0,2243.0,2243.0,2281.0,2331.0,101.694,103.923,-2.229,24,372.0,172.0,173.0,154.0,184.0,89.535,106.358,-16.823,24,5388.0,2071.0,2070.0,2127.0,2147.0,102.704,103.72,-1.016,-15.808,-14.594,25,6050.0,2388.0,2388.0,2488.0,2554.0,104.188,106.951,-2.764,25,431.0,186.0,199.0,163.0,236.0,87.634,118.593,-30.959,25,5619.0,2202.0,2189.0,2325.0,2318.0,105.586,105.893,-0.307,-30.651,-28.195,True
2013-14,2013,1610612766,CHA,48,24,5835.0,2271.0,2275.0,2290.0,2307.0,100.837,101.407,-0.57,24,417.0,197.0,192.0,179.0,190.0,90.863,98.958,-8.095,24,5418.0,2074.0,2083.0,2111.0,2117.0,101.784,101.632,0.152,-8.247,-7.525,24,5910.0,2269.0,2266.0,2347.0,2307.0,103.438,101.809,1.628,24,533.0,231.0,226.0,226.0,197.0,97.835,87.168,10.667,24,5377.0,2038.0,2040.0,2121.0,2110.0,104.073,103.431,0.641,10.026,9.039,True
2013-14,2013,1610612741,CHI,36,18,4420.0,1655.0,1650.0,1633.0,1615.0,98.671,97.879,0.792,18,379.0,163.0,157.0,140.0,138.0,85.89,87.898,-2.009,18,4041.0,1492.0,1493.0,1493.0,1477.0,100.067,98.928,1.139,-3.147,-2.8,18,4470.0,1720.0,1713.0,1757.0,1699.0,102.151,99.183,2.968,18,366.0,166.0,150.0,161.0,118.0,96.988,78.667,18.321,18,4104.0,1554.0,1563.0,1596.0,1581.0,102.703,101.152,1.551,16.77,15.353,True
2013-14,2013,1610612739,CLE,42,21,5240.0,2056.0,2046.0,2126.0,2142.0,103.405,104.692,-1.287,21,464.0,215.0,209.0,196.0,207.0,91.163,99.043,-7.88,21,4776.0,1841.0,1837.0,1930.0,1935.0,104.834,105.335,-0.5,-7.38,-6.593,21,5090.0,1968.0,1966.0,2079.0,2119.0,105.64,107.782,-2.142,21,339.0,156.0,151.0,158.0,161.0,101.282,106.623,-5.34,21,4751.0,1812.0,1815.0,1921.0,1958.0,106.015,107.879,-1.863,-3.477,-3.198,True
2013-14,2013,1610612742,DAL,48,24,5785.0,2322.0,2324.0,2486.0,2473.0,107.063,106.411,0.652,24,375.0,166.0,161.0,176.0,146.0,106.024,90.683,15.341,24,5410.0,2156.0,2163.0,2310.0,2327.0,107.143,107.582,-0.439,15.78,14.689,24,5885.0,2290.0,2285.0,2515.0,2489.0,109.825,108.928,0.898,24,449.0,212.0,209.0,242.0,217.0,114.151,103.828,10.323,24,5436.0,2078.0,2076.0,2273.0,2272.0,109.384,109.441,-0.057,10.38,9.426,True
2013-14,2013,1610612743,DEN,43,21,5040.0,2048.0,2050.0,2174.0,2169.0,106.152,105.805,0.347,21,346.0,164.0,164.0,160.0,165.0,97.561,100.61,-3.049,21,4694.0,1884.0,1886.0,2014.0,2004.0,106.9,106.257,0.644,-3.692,-3.396,22,5355.0,2247.0,2246.0,2380.0,2369.0,105.919,105.476,0.443,22,320.0,160.0,159.0,160.0,176.0,100.0,110.692,-10.692,22,5035.0,2087.0,2087.0,2220.0,2193.0,106.373,105.079,1.294,-11.986,-11.134,True
2013-14,2013,1610612765,DET,38,19,4635.0,1821.0,1817.0,1919.0,1929.0,105.382,106.164,-0.782,19,293.0,131.0,121.0,110.0,138.0,83.969,114.05,-30.08,19,4342.0,1690.0,1696.0,1809.0,1791.0,107.041,105.601,1.44,-31.52,-29.298,19,4585.0,1834.0,1836.0,1978.0,2000.0,107.852,108.932,-1.081,19,308.0,138.0,130.0,120.0,138.0,86.957,106.154,-19.197,19,4277.0,1696.0,1706.0,1858.0,1862.0,109.552,109.144,0.408,-19.605,-18.117,True
2013-14,2013,1610612744,GSW,43,21,5115.0,2074.0,2078.0,2172.0,2170.0,104.725,104.427,0.298,21,470.0,207.0,215.0,183.0,198.0,88.406,92.093,-3.687,21,4645.0,1867.0,1863.0,1989.0,1972.0,106.535,105.851,0.684,-4.371,-3.985,22,5355.0,2139.0,2140.0,2303.0,2273.0,107.667,106.215,1.452,22,448.0,200.0,201.0,229.0,195.0,114.5,97.015,17.485,22,4907.0,1939.0,1939.0,2074.0,2078.0,106.962,107.169,-0.206,17.691,16.033,True
2013-14,2013,1610612745,HOU,41,20,4875.0,1956.0,1954.0,2103.0,2071.0,107.515,105.988,1.528,20,390.0,186.0,177.0,203.0,170.0,109.14,96.045,13.095,20,4485.0,1770.0,1777.0,1900.0,1901.0,107.345,106.978,0.367,12.728,11.567,21,5115.0,2059.0,2056.0,2233.0,2220.0,108.451,107.977,0.474,21,347.0,161.0,154.0,183.0,148.0,113.665,96.104,17.561,21,4768.0,1898.0,1902.0,2050.0,2072.0,108.008,108.938,-0.93,18.49,17.087,True
2013-14,2013,1610612754,IND,36,18,4370.0,1716.0,1712.0,1747.0,1709.0,101.807,99.825,1.982,18,309.0,149.0,140.0,163.0,135.0,109.396,96.429,12.967,18,4061.0,1567.0,1572.0,1584.0,1574.0,101.085,100.127,0.958,12.01,10.986,18,4370.0,1675.0,1686.0,1747.0,1715.0,104.299,101.72,2.578,18,328.0,139.0,138.0,165.0,128.0,118.705,92.754,25.951,18,4042.0,1536.0,1548.0,1582.0,1587.0,102.995,102.519,0.475,25.476,23.373,True
2013-14,2013,1610612746,LAC,42,21,5115.0,2038.0,2040.0,2199.0,2165.0,107.9,106.127,1.772,21,392.0,187.0,183.0,208.0,177.0,111.23,96.721,14.509,21,4723.0,1851.0,1857.0,1991.0,1988.0,107.563,107.054,0.509,14.0,12.736,21,5040.0,2028.0,2032.0,2274.0,2223.0,112.13,109.4,2.731,21,285.0,134.0,128.0,151.0,134.0,112.687,104.688,7.999,21,4755.0,1894.0,1904.0,2123.0,2089.0,112.091,109.716,2.374,5.625,5.268,True
2013-14,2013,1610612747,LAL,38,19,4560.0,1835.0,1838.0,1892.0,1907.0,103.106,103.754,-0.648,19,315.0,144.0,148.0,144.0,137.0,100.0,92.568,7.432,19,4245.0,1691.0,1690.0,1748.0,1770.0,103.371,104.734,-1.363,8.795,8.08,19,4585.0,1884.0,1885.0,2033.0,2058.0,107.909,109.178,-1.269,19,219.0,104.0,110.0,106.0,121.0,101.923,110.0,-8.077,19,4366.0,1780.0,1775.0,1927.0,1937.0,108.258,109.127,-0.868,-7.209,-6.808,True
2013-14,2013,1610612763,MEM,49,24,5835.0,2199.0,2198.0,2300.0,2265.0,104.593,103.048,1.545,24,358.0,157.0,155.0,172.0,127.0,109.554,81.935,27.619,24,5477.0,2042.0,2043.0,2128.0,2138.0,104.212,104.65,-0.438,28.057,26.074,25,6050.0,2261.0,2264.0,2378.0,2326.0,105.175,102.739,2.436,25,400.0,178.0,173.0,192.0,142.0,107.865,82.081,25.784,25,5650.0,2083.0,2091.0,2186.0,2184.0,104.945,104.448,0.497,25.287,23.348,True
2013-14,2013,1610612748,MIA,43,21,5165.0,1999.0,2006.0,2159.0,2148.0,108.004,107.079,0.925,21,422.0,174.0,187.0,180.0,185.0,103.448,98.93,4.518,21,4743.0,1825.0,1819.0,1979.0,1963.0,108.438,107.916,0.522,3.996,3.593,22,5355.0,2023.0,2019.0,2206.0,2182.0,109.046,108.073,0.973,22,424.0,182.0,182.0,192.0,175.0,105.495,96.154,9.341,22,4931.0,1841.0,1837.0,2014.0,2007.0,109.397,109.254,0.143,9.198,8.368,True
2013-14,2013,1610612749,MIL,40,20,4975.0,1908.0,1911.0,1897.0,1964.0,99.423,102.773,-3.35,20,493.0,206.0,219.0,167.0,208.0,81.068,94.977,-13.909,20,4482.0,1702.0,1692.0,1730.0,1756.0,101.645,103.783,-2.137,-11.772,-10.559,20,4825.0,1891.0,1897.0,2058.0,2130.0,108.831,112.283,-3.451,20,282.0,125.0,139.0,122.0,181.0,97.6,130.216,-32.616,20,4543.0,1766.0,1758.0,1936.0,1949.0,109.626,110.865,-1.238,-31.377,-29.165,True
2013-14,2013,1610612750,MIN,41,20,4850.0,1999.0,1995.0,2130.0,2133.0,106.553,106.917,-0.364,20,329.0,160.0,157.0,151.0,166.0,94.375,105.732,-11.357,20,4521.0,1839.0,1838.0,1979.0,1967.0,107.613,107.018,0.594,-11.952,-10.993,21,5165.0,2123.0,2119.0,2297.0,2331.0,108.196,110.005,-1.809,21,400.0,185.0,199.0,193.0,248.0,104.324,124.623,-20.299,21,4765.0,1938.0,1920.0,2104.0,2083.0,108.566,108.49,0.076,-20.375,-18.49,True
2013-14,2013,1610612740,NOP,50,25,6100.0,2356.0,2356.0,2539.0,2544.0,107.767,107.98,-0.212,25,512.0,218.0,231.0,224.0,245.0,102.752,106.061,-3.308,25,5588.0,2138.0,2125.0,2315.0,2299.0,108.279,108.188,0.091,-3.399,-3.096,25,6075.0,2347.0,2345.0,2549.0,2539.0,108.607,108.273,0.334,25,422.0,197.0,180.0,206.0,188.0,104.569,104.444,0.124,25,5653.0,2150.0,2165.0,2343.0,2351.0,108.977,108.591,0.386,-0.261,-0.21,True
2013-14,2013,1610612752,NYK,39,19,4635.0,1758.0,1756.0,1811.0,1837.0,103.015,104.613,-1.598,19,351.0,152.0,155.0,136.0,151.0,89.474,97.419,-7.946,19,4284.0,1606.0,1601.0,1675.0,1686.0,104.296,105.309,-1.013,-6.933,-6.348,20,4900.0,1848.0,1846.0,1985.0,1974.0,107.413,106.934,0.48,20,426.0,185.0,180.0,175.0,186.0,94.595,103.333,-8.739,20,4474.0,1663.0,1666.0,1810.0,1788.0,108.839,107.323,1.517,-10.255,-9.218,True
2013-14,2013,1610612760,OKC,43,21,5090.0,2062.0,2068.0,2153.0,2132.0,104.413,103.095,1.318,21,344.0,166.0,166.0,163.0,163.0,98.193,98.193,0.0,21,4746.0,1896.0,1902.0,1990.0,1969.0,104.958,103.523,1.435,-1.435,-1.318,22,5355.0,2147.0,2143.0,2359.0,2364.0,109.874,110.313,-0.438,22,428.0,185.0,185.0,201.0,187.0,108.649,101.081,7.568,22,4927.0,1962.0,1958.0,2158.0,2177.0,109.99,111.185,-1.195,8.763,8.006,True
2013-14,2013,1610612753,ORL,42,21,5215.0,2061.0,2063.0,2068.0,2109.0,100.34,102.23,-1.89,21,430.0,193.0,197.0,155.0,192.0,80.311,97.462,-17.151,21,4785.0,1868.0,1866.0,1913.0,1917.0,102.409,102.733,-0.324,-16.827,-15.261,21,5140.0,1995.0,1992.0,2071.0,2110.0,103.81,105.924,-2.114,21,412.0,179.0,190.0,172.0,215.0,96.089,113.158,-17.069,21,4728.0,1816.0,1802.0,1899.0,1895.0,104.57,105.161,-0.59,-16.478,-14.954,True
2013-14,2013,1610612755,PHI,34,17,4255.0,1765.0,1773.0,1833.0,1854.0,103.853,104.569,-0.716,17,390.0,183.0,196.0,197.0,185.0,107.65,94.388,13.263,17,3865.0,1582.0,1577.0,1636.0,1669.0,103.413,105.834,-2.42,15.683,13.978,17,4080.0,1655.0,1663.0,1678.0,1739.0,101.39,104.57,-3.18,17,232.0,95.0,113.0,95.0,121.0,100.0,107.08,-7.08,17,3848.0,1560.0,1550.0,1583.0,1618.0,101.474,104.387,-2.913,-4.167,-3.899,False
2013-14,2013,1610612756,PHX,50,25,6050.0,2441.0,2435.0,2561.0,2523.0,104.916,103.614,1.302,25,393.0,174.0,175.0,155.0,159.0,89.08,90.857,-1.777,25,5657.0,2267.0,2260.0,2406.0,2364.0,106.131,104.602,1.53,-3.306,-3.079,25,6025.0,2434.0,2441.0,2607.0,2595.0,107.108,106.309,0.799,25,444.0,195.0,206.0,200.0,211.0,102.564,102.427,0.137,25,5581.0,2239.0,2235.0,2407.0,2384.0,107.503,106.667,0.837,-0.7,-0.662,True
2013-14,2013,1610612757,POR,47,23,5595.0,2254.0,2263.0,2478.0,2422.0,109.938,107.026,2.912,23,404.0,204.0,186.0,247.0,184.0,121.078,98.925,22.154,23,5191.0,2050.0,2077.0,2231.0,2238.0,108.829,107.752,1.078,21.076,19.242,24,5860.0,2353.0,2355.0,2554.0,2515.0,108.542,106.794,1.748,24,497.0,235.0,222.0,252.0,228.0,107.234,102.703,4.531,24,5363.0,2118.0,2133.0,2302.0,2287.0,108.687,107.22,1.468,3.064,2.783,True
2013-14,2013,1610612758,SAC,42,21,5140.0,2041.0,2045.0,2190.0,2231.0,107.3,109.095,-1.795,21,394.0,178.0,182.0,174.0,193.0,97.753,106.044,-8.291,21,4746.0,1863.0,1863.0,2016.0,2038.0,108.213,109.393,-1.181,-7.11,-6.496,21,5090.0,1999.0,2007.0,2149.0,2184.0,107.504,108.819,-1.315,21,319.0,154.0,160.0,162.0,179.0,105.195,111.875,-6.68,21,4771.0,1845.0,1847.0,1987.0,2005.0,107.696,108.554,-0.858,-5.822,-5.365,True
2013-14,2013,1610612759,SAS,30,15,3625.0,1463.0,1465.0,1547.0,1512.0,105.742,103.208,2.533,15,259.0,116.0,115.0,140.0,124.0,120.69,107.826,12.864,15,3366.0,1347.0,1350.0,1407.0,1388.0,104.454,102.815,1.64,11.224,10.33,15,3650.0,1447.0,1449.0,1564.0,1531.0,108.086,105.659,2.427,15,258.0,119.0,115.0,133.0,113.0,111.765,98.261,13.504,15,3392.0,1328.0,1334.0,1431.0,1418.0,107.756,106.297,1.459,12.045,11.077,True
2013-14,2013,1610612761,TOR,53,26,6365.0,2472.0,2468.0,2540.0,2539.0,102.751,102.877,-0.126,26,442.0,191.0,193.0,182.0,185.0,95.288,95.855,-0.567,26,5923.0,2281.0,2275.0,2358.0,2354.0,103.376,103.473,-0.097,-0.47,-0.441,27,6630.0,2522.0,2517.0,2780.0,2741.0,110.23,108.899,1.33,27,520.0,225.0,224.0,246.0,211.0,109.333,94.196,15.137,27,6110.0,2297.0,2293.0,2534.0,2530.0,110.318,110.336,-0.018,15.155,13.806,True
2013-14,2013,1610612762,UTA,40,20,4850.0,1856.0,1855.0,1952.0,1955.0,105.172,105.391,-0.218,20,328.0,148.0,149.0,160.0,151.0,108.108,101.342,6.766,20,4522.0,1708.0,1706.0,1792.0,1804.0,104.918,105.744,-0.826,7.592,6.984,20,4850.0,1870.0,1869.0,1951.0,1991.0,104.332,106.528,-2.196,20,327.0,147.0,154.0,161.0,216.0,109.524,140.26,-30.736,20,4523.0,1723.0,1715.0,1790.0,1775.0,103.889,103.499,0.39,-31.126,-28.54,True
2013-14,2013,1610612764,WAS,46,23,5695.0,2252.0,2249.0,2325.0,2314.0,103.242,102.89,0.351,23,587.0,259.0,253.0,243.0,242.0,93.822,95.652,-1.83,23,5108.0,1993.0,1996.0,2082.0,2072.0,104.466,103.808,0.658,-2.488,-2.181,23,5720.0,2238.0,2239.0,2326.0,2362.0,103.932,105.494,-1.561,23,523.0,226.0,236.0,205.0,242.0,90.708,102.542,-11.834,23,5197.0,2012.0,2003.0,2121.0,2120.0,105.417,105.841,-0.424,-11.411,-10.273,True
2014-15,2014,1610612737,ATL,41,20,4850.0,1907.0,1915.0,2040.0,1990.0,106.974,103.916,3.058,20,275.0,143.0,125.0,161.0,113.0,112.587,90.4,22.187,20,4575.0,1764.0,1790.0,1879.0,1877.0,106.519,104.86,1.659,20.528,19.13,21,5040.0,2012.0,2016.0,2110.0,2041.0,104.871,101.24,3.631,21,276.0,129.0,116.0,144.0,107.0,111.628,92.241,19.387,21,4764.0,1883.0,1900.0,1966.0,1934.0,104.408,101.789,2.618,16.768,15.756,True
2014-15,2014,1610612751,BKN,41,20,4925.0,1904.0,1898.0,1932.0,1959.0,101.471,103.214,-1.743,20,373.0,166.0,160.0,141.0,158.0,84.94,98.75,-13.81,20,4552.0,1738.0,1738.0,1791.0,1801.0,103.049,103.625,-0.575,-13.235,-12.067,21,5165.0,2046.0,2048.0,2199.0,2165.0,107.478,105.713,1.765,21,392.0,168.0,164.0,166.0,174.0,98.81,106.098,-7.288,21,4773.0,1878.0,1884.0,2033.0,1991.0,108.253,105.679,2.574,-9.862,-9.053,True
2014-15,2014,1610612738,BOS,45,22,5405.0,2201.0,2197.0,2281.0,2319.0,103.635,105.553,-1.918,22,417.0,194.0,206.0,190.0,219.0,97.938,106.311,-8.373,22,4988.0,2007.0,1991.0,2091.0,2100.0,104.185,105.475,-1.289,-7.083,-6.454,23,5595.0,2252.0,2257.0,2297.0,2299.0,101.998,101.861,0.137,23,371.0,178.0,166.0,193.0,167.0,108.427,100.602,7.825,23,5224.0,2074.0,2091.0,2104.0,2132.0,101.446,101.961,-0.514,8.339,7.687,True
2014-15,2014,1610612766,CHA,41,20,4950.0,1924.0,1922.0,1961.0,1984.0,101.923,103.226,-1.303,20,426.0,183.0,182.0,157.0,189.0,85.792,103.846,-18.054,20,4524.0,1741.0,1740.0,1804.0,1795.0,103.619,103.161,0.458,-18.511,-16.751,21,5115.0,1999.0,2000.0,1988.0,1999.0,99.45,99.95,-0.5,21,399.0,178.0,176.0,167.0,167.0,93.82,94.886,-1.066,21,4716.0,1821.0,1824.0,1821.0,1832.0,100.0,100.439,-0.439,-0.628,-0.566,True
2014-15,2014,1610612741,CHI,47,23,5620.0,2233.0,2227.0,2430.0,2342.0,108.822,105.164,3.658,23,399.0,198.0,186.0,221.0,174.0,111.616,93.548,18.068,23,5221.0,2035.0,2041.0,2209.0,2168.0,108.55,106.222,2.328,15.74,14.409,24,5860.0,2306.0,2311.0,2417.0,2412.0,104.814,104.37,0.443,24,408.0,185.0,192.0,161.0,168.0,87.027,87.5,-0.473,24,5452.0,2121.0,2119.0,2256.0,2244.0,106.365,105.899,0.466,-0.939,-0.916,True
2014-15,2014,1610612739,CLE,33,16,3865.0,1492.0,1500.0,1624.0,1624.0,108.847,108.267,0.581,16,229.0,103.0,103.0,125.0,102.0,121.359,99.029,22.33,16,3636.0,1389.0,1397.0,1499.0,1522.0,107.919,108.948,-1.028,23.358,21.75,17,4155.0,1594.0,1592.0,1755.0,1726.0,110.1,108.417,1.683,17,312.0,133.0,133.0,141.0,141.0,106.015,106.015,0.0,17,3843.0,1461.0,1459.0,1614.0,1585.0,110.472,108.636,1.836,-1.836,-1.683,True
2014-15,2014,1610612742,DAL,39,19,4685.0,1881.0,1879.0,2031.0,1986.0,107.974,105.695,2.28,19,384.0,180.0,173.0,216.0,151.0,120.0,87.283,32.717,19,4301.0,1701.0,1706.0,1815.0,1835.0,106.702,107.562,-0.86,33.576,30.437,20,4875.0,1971.0,1982.0,2129.0,2126.0,108.016,107.265,0.751,20,366.0,170.0,164.0,180.0,170.0,105.882,103.659,2.224,20,4509.0,1801.0,1818.0,1949.0,1956.0,108.218,107.591,0.627,1.597,1.473,True
2014-15,2014,1610612743,DEN,38,19,4635.0,1858.0,1876.0,1920.0,1923.0,103.337,102.505,0.832,19,348.0,158.0,166.0,169.0,171.0,106.962,103.012,3.95,19,4287.0,1700.0,1710.0,1751.0,1752.0,103.0,102.456,0.544,3.406,3.118,19,4685.0,1876.0,1880.0,1982.0,2042.0,105.65,108.617,-2.967,19,395.0,158.0,166.0,161.0,202.0,101.899,121.687,-19.788,19,4290.0,1718.0,1714.0,1821.0,1840.0,105.995,107.351,-1.356,-18.432,-16.821,True
2014-15,2014,1610612765,DET,39,19,4635.0,1812.0,1811.0,1818.0,1889.0,100.331,104.307,-3.976,19,293.0,137.0,141.0,107.0,148.0,78.102,104.965,-26.862,19,4342.0,1675.0,1670.0,1711.0,1741.0,102.149,104.251,-2.102,-24.76,-22.886,20,4875.0,1883.0,1879.0,2006.0,2016.0,106.532,107.291,-0.759,20,384.0,180.0,183.0,179.0,177.0,99.444,96.721,2.723,20,4491.0,1703.0,1696.0,1827.0,1839.0,107.281,108.432,-1.15,3.873,3.482,True
2014-15,2014,1610612744,GSW,30,15,3650.0,1510.0,1507.0,1619.0,1561.0,107.219,103.583,3.635,15,196.0,102.0,96.0,109.0,74.0,106.863,77.083,29.779,15,3454.0,1408.0,1411.0,1510.0,1487.0,107.244,105.386,1.858,27.921,26.144,15,3600.0,1487.0,1488.0,1607.0,1570.0,108.07,105.511,2.559,15,231.0,116.0,106.0,133.0,112.0,114.655,105.66,8.995,15,3369.0,1371.0,1382.0,1474.0,1458.0,107.513,105.499,2.013,6.981,6.436,True
2014-15,2014,1610612745,HOU,40,20,4900.0,1983.0,1983.0,2033.0,2026.0,102.521,102.168,0.353,20,411.0,194.0,192.0,189.0,208.0,97.423,108.333,-10.911,20,4489.0,1789.0,1791.0,1844.0,1818.0,103.074,101.508,1.567,-12.477,-11.264,20,4825.0,1968.0,1964.0,2113.0,2100.0,107.368,106.925,0.443,20,275.0,124.0,124.0,124.0,109.0,100.0,87.903,12.097,20,4550.0,1844.0,1840.0,1989.0,1991.0,107.863,108.207,-0.343,12.44,11.654,True
2014-15,2014,1610612754,IND,48,24,5835.0,2254.0,2251.0,2258.0,2246.0,100.177,99.778,0.4,24,411.0,181.0,182.0,162.0,178.0,89.503,97.802,-8.299,24,5424.0,2073.0,2069.0,2096.0,2068.0,101.11,99.952,1.158,-9.457,-8.699,24,5860.0,2294.0,2282.0,2400.0,2388.0,104.621,104.645,-0.024,24,491.0,219.0,217.0,228.0,200.0,104.11,92.166,11.944,24,5369.0,2075.0,2065.0,2172.0,2188.0,104.675,105.956,-1.282,13.225,11.968,True
2014-15,2014,1610612746,LAC,38,19,4585.0,1834.0,1826.0,2010.0,1984.0,109.597,108.653,0.944,19,309.0,149.0,146.0,137.0,129.0,91.946,88.356,3.59,19,4276.0,1685.0,1680.0,1873.0,1855.0,111.157,110.417,0.741,2.85,2.646,19,4585.0,1817.0,1819.0,1956.0,1907.0,107.65,104.838,2.812,19,271.0,140.0,131.0,146.0,123.0,104.286,93.893,10.393,19,4314.0,1677.0,1688.0,1810.0,1784.0,107.931,105.687,2.244,8.149,7.58,True
2014-15,2014,1610612747,LAL,46,23,5595.0,2236.0,2231.0,2356.0,2404.0,105.367,107.754,-2.388,23,429.0,192.0,188.0,189.0,202.0,98.438,107.447,-9.009,23,5166.0,2044.0,2043.0,2167.0,2202.0,106.018,107.783,-1.765,-7.244,-6.622,23,5695.0,2230.0,2229.0,2253.0,2323.0,101.031,104.217,-3.186,23,506.0,229.0,231.0,213.0,258.0,93.013,111.688,-18.675,23,5189.0,2001.0,1998.0,2040.0,2065.0,101.949,103.353,-1.404,-17.271,-15.489,True
2014-15,2014,1610612763,MEM,44,22,5455.0,2094.0,2098.0,2225.0,2190.0,106.256,104.385,1.871,22,514.0,217.0,216.0,237.0,219.0,109.217,101.389,7.828,22,4941.0,1877.0,1882.0,1988.0,1971.0,105.914,104.729,1.185,6.643,5.957,22,5330.0,2078.0,2078.0,2141.0,2090.0,103.032,100.577,2.454,22,368.0,172.0,162.0,186.0,141.0,108.14,87.037,21.102,22,4962.0,1906.0,1916.0,1955.0,1949.0,102.571,101.722,0.848,20.254,18.648,True
2014-15,2014,1610612748,MIA,40,20,4800.0,1798.0,1792.0,1908.0,1877.0,106.118,104.743,1.375,20,265.0,116.0,111.0,118.0,105.0,101.724,94.595,7.13,20,4535.0,1682.0,1681.0,1790.0,1772.0,106.421,105.413,1.007,6.122,5.755,20,4850.0,1883.0,1880.0,1941.0,1911.0,103.08,101.649,1.431,20,363.0,163.0,153.0,169.0,136.0,103.681,88.889,14.792,20,4487.0,1720.0,1727.0,1772.0,1775.0,103.023,102.779,0.244,14.548,13.361,True
2014-15,2014,1610612749,MIL,43,21,5165.0,2026.0,2033.0,2092.0,2072.0,103.258,101.918,1.339,21,373.0,170.0,169.0,163.0,169.0,95.882,100.0,-4.118,21,4792.0,1856.0,1864.0,1929.0,1903.0,103.933,102.092,1.841,-5.959,-5.457,22,5405.0,2115.0,2117.0,2131.0,2153.0,100.757,101.701,-0.944,22,504.0,210.0,221.0,195.0,206.0,92.857,93.213,-0.356,22,4901.0,1905.0,1896.0,1936.0,1947.0,101.627,102.69,-1.063,0.707,0.588,True
2014-15,2014,1610612750,MIN,39,19,4610.0,1856.0,1857.0,1896.0,1953.0,102.155,105.17,-3.014,19,376.0,168.0,170.0,180.0,194.0,107.143,114.118,-6.975,19,4234.0,1688.0,1687.0,1716.0,1759.0,101.659,104.268,-2.609,-4.366,-3.96,20,4875.0,1928.0,1934.0,2003.0,2063.0,103.89,106.67,-2.78,20,376.0,155.0,171.0,155.0,173.0,100.0,101.17,-1.17,20,4499.0,1773.0,1763.0,1848.0,1890.0,104.23,107.204,-2.974,1.804,1.61,True
2014-15,2014,1610612740,NOP,44,22,5330.0,2049.0,2051.0,2213.0,2242.0,108.004,109.313,-1.309,22,353.0,148.0,146.0,154.0,159.0,104.054,108.904,-4.85,22,4977.0,1901.0,1905.0,2059.0,2083.0,108.311,109.344,-1.032,-3.818,-3.541,22,5330.0,2057.0,2051.0,2175.0,2171.0,105.737,105.851,-0.114,22,401.0,176.0,174.0,190.0,178.0,107.955,102.299,5.656,22,4929.0,1881.0,1877.0,1985.0,1993.0,105.529,106.18,-0.651,6.307,5.77,True
2014-15,2014,1610612752,NYK,40,20,4875.0,1840.0,1840.0,1930.0,1998.0,104.891,108.587,-3.696,20,375.0,156.0,175.0,133.0,198.0,85.256,113.143,-27.886,20,4500.0,1684.0,1665.0,1797.0,1800.0,106.71,108.108,-1.398,-26.489,-24.191,20,4900.0,1869.0,1863.0,1916.0,1899.0,102.515,101.932,0.582,20,391.0,166.0,169.0,163.0,151.0,98.193,89.349,8.844,20,4509.0,1703.0,1694.0,1753.0,1748.0,102.936,103.188,-0.252,9.095,8.261,True
2014-15,2014,1610612760,OKC,42,21,5115.0,2000.0,1991.0,2085.0,2077.0,104.25,104.319,-0.069,21,373.0,173.0,167.0,150.0,147.0,86.705,88.024,-1.319,21,4742.0,1827.0,1824.0,1935.0,1930.0,105.911,105.811,0.1,-1.419,-1.249,21,5115.0,2102.0,2102.0,2273.0,2267.0,108.135,107.85,0.285,21,357.0,181.0,182.0,178.0,181.0,98.343,99.451,-1.108,21,4758.0,1921.0,1920.0,2095.0,2086.0,109.058,108.646,0.412,-1.52,-1.393,True
2014-15,2014,1610612753,ORL,50,25,6025.0,2335.0,2343.0,2405.0,2441.0,102.998,104.183,-1.185,25,318.0,147.0,158.0,143.0,147.0,97.279,93.038,4.241,25,5707.0,2188.0,2185.0,2262.0,2294.0,103.382,104.989,-1.606,5.847,5.426,25,6050.0,2396.0,2398.0,2486.0,2522.0,103.756,105.171,-1.415,25,448.0,196.0,203.0,200.0,214.0,102.041,105.419,-3.378,25,5602.0,2200.0,2195.0,2286.0,2308.0,103.909,105.148,-1.239,-2.139,-1.963,True
2014-15,2014,1610612755,PHI,35,17,4130.0,1638.0,1640.0,1618.0,1639.0,98.779,99.939,-1.16,17,312.0,135.0,148.0,118.0,142.0,87.407,95.946,-8.539,17,3818.0,1503.0,1492.0,1500.0,1497.0,99.8,100.335,-0.535,-8.004,-7.379,18,4395.0,1783.0,1783.0,1758.0,1784.0,98.598,100.056,-1.458,18,328.0,146.0,159.0,120.0,140.0,82.192,88.05,-5.859,18,4067.0,1637.0,1624.0,1638.0,1644.0,100.061,101.232,-1.17,-4.688,-4.4,True
2014-15,2014,1610612756,PHX,47,23,5620.0,2272.0,2264.0,2413.0,2390.0,106.206,105.565,0.641,23,498.0,233.0,240.0,239.0,241.0,102.575,100.417,2.158,23,5122.0,2039.0,2024.0,2174.0,2149.0,106.621,106.176,0.445,1.713,1.518,24,5860.0,2391.0,2385.0,2462.0,2460.0,102.969,103.145,-0.175,24,454.0,207.0,219.0,192.0,202.0,92.754,92.237,0.516,24,5406.0,2184.0,2166.0,2270.0,2258.0,103.938,104.247,-0.31,0.826,0.691,True
2014-15,2014,1610612757,POR,44,22,5405.0,2146.0,2147.0,2218.0,2189.0,103.355,101.956,1.399,22,427.0,200.0,197.0,220.0,177.0,110.0,89.848,20.152,22,4978.0,1946.0,1950.0,1998.0,2012.0,102.672,103.179,-0.507,20.66,18.753,22,5330.0,2100.0,2098.0,2277.0,2285.0,108.429,108.913,-0.485,22,303.0,138.0,141.0,166.0,161.0,120.29,114.184,6.105,22,5027.0,1962.0,1957.0,2111.0,2124.0,107.594,108.533,-0.939,7.045,6.59,True
2014-15,2014,1610612758,SAC,40,20,4925.0,1941.0,1941.0,2086.0,2089.0,107.47,107.625,-0.155,20,370.0,152.0,161.0,151.0,169.0,99.342,104.969,-5.627,20,4555.0,1789.0,1780.0,1935.0,1920.0,108.161,107.865,0.296,-5.923,-5.472,20,4850.0,1971.0,1979.0,2078.0,2102.0,105.429,106.215,-0.787,20,281.0,126.0,129.0,126.0,146.0,100.0,113.178,-13.178,20,4569.0,1845.0,1850.0,1952.0,1956.0,105.799,105.73,0.07,-13.248,-12.392,True
2014-15,2014,1610612759,SAS,38,19,4760.0,1840.0,1837.0,1934.0,1934.0,105.109,105.28,-0.172,19,446.0,189.0,188.0,176.0,185.0,93.122,98.404,-5.283,19,4314.0,1651.0,1649.0,1758.0,1749.0,106.481,106.064,0.417,-5.699,-5.111,19,4635.0,1835.0,1841.0,1933.0,1928.0,105.341,104.726,0.615,19,341.0,167.0,154.0,164.0,147.0,98.204,95.455,2.749,19,4294.0,1668.0,1687.0,1769.0,1781.0,106.055,105.572,0.483,2.266,2.134,True
2014-15,2014,1610612761,TOR,43,21,5140.0,2015.0,2017.0,2209.0,2196.0,109.628,108.875,0.753,21,381.0,164.0,165.0,167.0,181.0,101.829,109.697,-7.868,21,4759.0,1851.0,1852.0,2042.0,2015.0,110.319,108.801,1.517,-9.385,-8.621,22,5355.0,2060.0,2066.0,2235.0,2250.0,108.495,108.906,-0.411,22,463.0,202.0,204.0,215.0,220.0,106.436,107.843,-1.407,22,4892.0,1858.0,1862.0,2020.0,2030.0,108.719,109.023,-0.304,-1.104,-0.997,True
2014-15,2014,1610612762,UTA,41,20,4800.0,1822.0,1822.0,1947.0,1987.0,106.861,109.056,-2.195,20,286.0,143.0,136.0,137.0,130.0,95.804,95.588,0.216,20,4514.0,1679.0,1686.0,1810.0,1857.0,107.802,110.142,-2.34,2.556,2.411,21,5065.0,1905.0,1889.0,1933.0,1917.0,101.47,101.482,-0.012,21,355.0,166.0,165.0,158.0,163.0,95.181,98.788,-3.607,21,4710.0,1739.0,1724.0,1775.0,1754.0,102.07,101.74,0.33,-3.937,-3.595,True
2014-15,2014,1610612764,WAS,42,21,5115.0,1989.0,1990.0,2099.0,2076.0,105.53,104.322,1.209,21,361.0,164.0,163.0,161.0,169.0,98.171,103.681,-5.51,21,4754.0,1825.0,1827.0,1938.0,1907.0,106.192,104.379,1.813,-7.323,-6.719,21,5240.0,2070.0,2071.0,2066.0,2108.0,99.807,101.787,-1.98,21,556.0,239.0,241.0,200.0,251.0,83.682,104.149,-20.467,21,4684.0,1831.0,1830.0,1866.0,1857.0,101.912,101.475,0.436,-20.903,-18.488,True
2015-16,2015,1610612737,ATL,44,22,5280.0,2124.0,2133.0,2239.0,2191.0,105.414,102.719,2.695,22,281.0,138.0,141.0,162.0,139.0,117.391,98.582,18.81,22,4999.0,1986.0,1992.0,2077.0,2052.0,104.582,103.012,1.57,17.24,16.115,22,5430.0,2226.0,2225.0,2221.0,2215.0,99.775,99.551,0.225,22,459.0,217.0,210.0,209.0,205.0,96.313,97.619,-1.306,22,4971.0,2009.0,2015.0,2012.0,2010.0,100.149,99.752,0.397,-1.703,-1.531,True
2015-16,2015,1610612751,BKN,41,20,4850.0,1944.0,1950.0,2010.0,2023.0,103.395,103.744,-0.349,20,327.0,159.0,153.0,152.0,146.0,95.597,95.425,0.173,20,4523.0,1785.0,1797.0,1858.0,1877.0,104.09,104.452,-0.362,0.535,0.521,21,5065.0,2005.0,2008.0,2113.0,2181.0,105.387,108.616,-3.229,21,314.0,132.0,147.0,130.0,166.0,98.485,112.925,-14.44,21,4751.0,1873.0,1861.0,1983.0,2015.0,105.873,108.275,-2.402,-12.038,-11.211,True
2015-16,2015,1610612738,BOS,46,23,5595.0,2304.0,2311.0,2370.0,2361.0,102.865,102.164,0.701,23,440.0,217.0,218.0,228.0,246.0,105.069,112.844,-7.775,23,5155.0,2087.0,2093.0,2142.0,2115.0,102.635,101.051,1.584,-9.359,-8.476,23,5545.0,2305.0,2299.0,2485.0,2426.0,107.809,105.524,2.285,23,288.0,140.0,133.0,172.0,125.0,122.857,93.985,28.872,23,5257.0,2165.0,2166.0,2313.0,2301.0,106.836,106.233,0.603,28.269,26.587,True
2015-16,2015,1610612766,CHA,42,21,5090.0,2045.0,2045.0,2106.0,2120.0,102.983,103.667,-0.685,21,337.0,156.0,152.0,151.0,134.0,96.795,88.158,8.637,21,4753.0,1889.0,1893.0,1955.0,1986.0,103.494,104.913,-1.419,10.056,9.322,21,5165.0,2056.0,2053.0,2175.0,2164.0,105.788,105.407,0.381,21,373.0,175.0,166.0,200.0,169.0,114.286,101.807,12.478,21,4792.0,1881.0,1887.0,1975.0,1995.0,104.997,105.723,-0.726,13.205,12.097,True
2015-16,2015,1610612741,CHI,46,23,5695.0,2280.0,2282.0,2312.0,2315.0,101.404,101.446,-0.043,23,561.0,249.0,257.0,237.0,252.0,95.181,98.054,-2.874,23,5134.0,2031.0,2025.0,2075.0,2063.0,102.166,101.877,0.29,-3.164,-2.831,23,5570.0,2218.0,2226.0,2389.0,2365.0,107.71,106.244,1.465,23,401.0,176.0,171.0,169.0,176.0,96.023,102.924,-6.901,23,5169.0,2042.0,2055.0,2220.0,2189.0,108.717,106.521,2.196,-9.098,-8.367,True
2015-16,2015,1610612739,CLE,33,16,3915.0,1517.0,1524.0,1580.0,1555.0,104.153,102.034,2.119,16,311.0,144.0,146.0,144.0,120.0,100.0,82.192,17.808,16,3604.0,1373.0,1378.0,1436.0,1435.0,104.588,104.136,0.452,17.356,15.689,17,4180.0,1640.0,1639.0,1790.0,1774.0,109.146,108.237,0.91,17,335.0,154.0,149.0,164.0,169.0,106.494,113.423,-6.929,17,3845.0,1486.0,1490.0,1626.0,1605.0,109.421,107.718,1.703,-8.632,-7.839,True
2015-16,2015,1610612742,DAL,49,24,5910.0,2333.0,2341.0,2467.0,2428.0,105.744,103.716,2.027,24,535.0,242.0,235.0,297.0,240.0,122.727,102.128,20.6,24,5375.0,2091.0,2106.0,2170.0,2188.0,103.778,103.894,-0.116,20.715,18.572,25,6175.0,2423.0,2418.0,2588.0,2584.0,106.81,106.865,-0.055,25,475.0,196.0,207.0,200.0,198.0,102.041,95.652,6.389,25,5700.0,2227.0,2211.0,2388.0,2386.0,107.229,107.915,-0.686,7.074,6.444,True
2015-16,2015,1610612743,DEN,50,25,6050.0,2392.0,2390.0,2588.0,2635.0,108.194,110.251,-2.057,25,391.0,175.0,176.0,155.0,183.0,88.571,103.977,-15.406,25,5659.0,2217.0,2214.0,2433.0,2452.0,109.743,110.75,-1.007,-14.399,-13.349,25,6100.0,2467.0,2470.0,2647.0,2651.0,107.296,107.328,-0.032,25,480.0,224.0,222.0,203.0,199.0,90.625,89.64,0.985,25,5620.0,2243.0,2248.0,2444.0,2452.0,108.961,109.075,-0.114,1.099,1.017,True
2015-16,2015,1610612765,DET,42,21,5215.0,2090.0,2079.0,2134.0,2104.0,102.105,101.203,0.903,21,467.0,231.0,210.0,243.0,196.0,105.195,93.333,11.861,21,4748.0,1859.0,1869.0,1891.0,1908.0,101.721,102.087,-0.365,12.227,10.959,21,5065.0,2023.0,2018.0,2162.0,2135.0,106.871,105.798,1.073,21,308.0,132.0,135.0,136.0,128.0,103.03,94.815,8.215,21,4757.0,1891.0,1883.0,2026.0,2007.0,107.139,106.585,0.554,7.662,7.142,True
2015-16,2015,1610612744,GSW,34,17,4180.0,1722.0,1725.0,1906.0,1807.0,110.685,104.754,5.932,17,363.0,170.0,168.0,189.0,131.0,111.176,77.976,33.2,17,3817.0,1552.0,1557.0,1717.0,1676.0,110.631,107.643,2.989,30.212,27.269,17,4180.0,1725.0,1729.0,1892.0,1811.0,109.681,104.743,4.939,17,309.0,135.0,133.0,168.0,113.0,124.444,84.962,39.482,17,3871.0,1590.0,1596.0,1724.0,1698.0,108.428,106.391,2.037,37.445,34.544,True
2015-16,2015,1610612745,HOU,48,24,5860.0,2363.0,2361.0,2562.0,2522.0,108.421,106.819,1.602,24,501.0,223.0,228.0,230.0,195.0,103.139,85.526,17.613,24,5359.0,2140.0,2133.0,2332.0,2327.0,108.972,109.095,-0.123,17.736,16.01,24,5810.0,2382.0,2375.0,2611.0,2597.0,109.614,109.347,0.266,24,390.0,173.0,170.0,195.0,187.0,112.717,110.0,2.717,24,5420.0,2209.0,2205.0,2416.0,2410.0,109.371,109.297,0.074,2.643,2.45,True
2015-16,2015,1610612754,IND,52,26,6340.0,2575.0,2567.0,2641.0,2625.0,102.563,102.259,0.304,26,474.0,222.0,209.0,224.0,231.0,100.901,110.526,-9.625,26,5866.0,2353.0,2358.0,2417.0,2394.0,102.72,101.527,1.193,-10.819,-9.929,26,6340.0,2570.0,2571.0,2650.0,2595.0,103.113,100.933,2.179,26,507.0,229.0,219.0,214.0,213.0,93.45,97.26,-3.81,26,5833.0,2341.0,2352.0,2436.0,2382.0,104.058,101.276,2.783,-6.593,-5.99,True
2015-16,2015,1610612746,LAC,42,21,5065.0,2048.0,2054.0,2189.0,2193.0,106.885,106.767,0.117,21,360.0,170.0,176.0,198.0,200.0,116.471,113.636,2.834,21,4705.0,1878.0,1878.0,1991.0,1993.0,106.017,106.124,-0.106,2.941,2.717,21,5165.0,2093.0,2095.0,2188.0,2168.0,104.539,103.484,1.054,21,380.0,185.0,186.0,198.0,172.0,107.027,92.473,14.554,21,4785.0,1908.0,1909.0,1990.0,1996.0,104.298,104.557,-0.26,14.814,13.499,True
2015-16,2015,1610612747,LAL,33,16,3865.0,1575.0,1578.0,1642.0,1700.0,104.254,107.731,-3.477,16,232.0,105.0,112.0,110.0,130.0,104.762,116.071,-11.31,16,3633.0,1470.0,1466.0,1532.0,1570.0,104.218,107.094,-2.876,-8.433,-7.832,17,4105.0,1621.0,1629.0,1734.0,1757.0,106.971,107.858,-0.887,17,285.0,130.0,134.0,146.0,157.0,112.308,117.164,-4.856,17,3820.0,1491.0,1495.0,1588.0,1600.0,106.506,107.023,-0.518,-4.339,-3.97,True
2015-16,2015,1610612763,MEM,44,22,5330.0,2054.0,2047.0,2191.0,2159.0,106.67,105.471,1.198,22,380.0,172.0,163.0,189.0,153.0,109.884,93.865,16.019,22,4950.0,1882.0,1884.0,2002.0,2006.0,106.376,106.476,-0.099,16.118,14.82,22,5380.0,2115.0,2115.0,2281.0,2276.0,107.849,107.612,0.236,22,385.0,184.0,185.0,188.0,176.0,102.174,95.135,7.039,22,4995.0,1931.0,1930.0,2093.0,2100.0,108.389,108.808,-0.419,7.458,6.802,True
2015-16,2015,1610612748,MIA,43,21,5115.0,1972.0,1975.0,2082.0,2089.0,105.578,105.772,-0.194,21,349.0,148.0,151.0,160.0,130.0,108.108,86.093,22.015,21,4766.0,1824.0,1824.0,1922.0,1959.0,105.373,107.401,-2.029,24.044,22.209,22,5355.0,2131.0,2123.0,2256.0,2249.0,105.866,105.935,-0.069,22,462.0,211.0,204.0,239.0,208.0,113.27,101.961,11.309,22,4893.0,1920.0,1919.0,2017.0,2041.0,105.052,106.357,-1.305,12.615,11.379,True
2015-16,2015,1610612749,MIL,40,20,4875.0,1926.0,1917.0,2008.0,2008.0,104.258,104.747,-0.489,20,373.0,168.0,177.0,171.0,168.0,101.786,94.915,6.87,20,4502.0,1758.0,1740.0,1837.0,1840.0,104.494,105.747,-1.253,8.124,7.36,20,4875.0,1970.0,1973.0,2064.0,2067.0,104.772,104.764,0.007,20,353.0,158.0,166.0,159.0,158.0,100.633,95.181,5.452,20,4522.0,1812.0,1807.0,1905.0,1909.0,105.132,105.645,-0.512,5.964,5.445,True
2015-16,2015,1610612750,MIN,50,25,6100.0,2439.0,2439.0,2507.0,2567.0,102.788,105.248,-2.46,25,456.0,206.0,216.0,185.0,207.0,89.806,95.833,-6.028,25,5644.0,2233.0,2223.0,2322.0,2360.0,103.986,106.163,-2.177,-3.85,-3.567,25,6100.0,2477.0,2475.0,2738.0,2755.0,110.537,111.313,-0.776,25,474.0,230.0,237.0,245.0,256.0,106.522,108.017,-1.495,25,5626.0,2247.0,2238.0,2493.0,2499.0,110.948,111.662,-0.714,-0.781,-0.719,True
2015-16,2015,1610612740,NOP,45,22,5355.0,2171.0,2175.0,2274.0,2316.0,104.744,106.483,-1.738,22,420.0,177.0,187.0,188.0,195.0,106.215,104.278,1.937,22,4935.0,1994.0,1988.0,2086.0,2121.0,104.614,106.69,-2.076,4.013,3.675,23,5545.0,2264.0,2268.0,2421.0,2453.0,106.935,108.157,-1.222,23,384.0,175.0,185.0,188.0,221.0,107.429,119.459,-12.031,23,5161.0,2089.0,2083.0,2233.0,2232.0,106.893,107.153,-0.26,-11.771,-10.809,True
2015-16,2015,1610612752,NYK,41,20,4825.0,1883.0,1883.0,1984.0,1997.0,105.364,106.054,-0.69,20,305.0,138.0,130.0,137.0,133.0,99.275,102.308,-3.032,20,4520.0,1745.0,1753.0,1847.0,1864.0,105.845,106.332,-0.487,-2.546,-2.342,21,5140.0,2032.0,2032.0,2118.0,2170.0,104.232,106.791,-2.559,21,447.0,201.0,211.0,205.0,249.0,101.99,118.009,-16.019,21,4693.0,1831.0,1821.0,1913.0,1921.0,104.478,105.491,-1.013,-15.006,-13.46,True
2015-16,2015,1610612760,OKC,43,21,5115.0,2050.0,2048.0,2234.0,2222.0,108.976,108.496,0.48,21,402.0,186.0,192.0,204.0,208.0,109.677,108.333,1.344,21,4713.0,1864.0,1856.0,2030.0,2014.0,108.906,108.513,0.393,0.951,0.865,22,5355.0,2193.0,2193.0,2402.0,2429.0,109.53,110.762,-1.231,22,391.0,183.0,181.0,173.0,205.0,94.536,113.26,-18.724,22,4964.0,2010.0,2012.0,2229.0,2224.0,110.896,110.537,0.359,-19.083,-17.493,True
2015-16,2015,1610612753,ORL,43,21,5140.0,2039.0,2039.0,2115.0,2094.0,103.727,102.697,1.03,21,458.0,206.0,199.0,209.0,200.0,101.456,100.503,0.954,21,4682.0,1833.0,1840.0,1906.0,1894.0,103.983,102.935,1.048,-0.094,-0.076,22,5405.0,2190.0,2184.0,2306.0,2334.0,105.297,106.868,-1.571,22,462.0,206.0,207.0,179.0,195.0,86.893,94.203,-7.31,22,4943.0,1984.0,1977.0,2127.0,2139.0,107.208,108.194,-0.987,-6.323,-5.738,True
2015-16,2015,1610612755,PHI,35,17,4155.0,1681.0,1680.0,1643.0,1696.0,97.739,100.952,-3.213,17,343.0,145.0,148.0,110.0,184.0,75.862,124.324,-48.462,17,3812.0,1536.0,1532.0,1533.0,1512.0,99.805,98.695,1.11,-49.572,-45.249,18,4370.0,1797.0,1800.0,1825.0,1922.0,101.558,106.778,-5.22,18,268.0,117.0,124.0,96.0,152.0,82.051,122.581,-40.529,18,4102.0,1680.0,1676.0,1729.0,1770.0,102.917,105.609,-2.692,-37.837,-35.31,True
2015-16,2015,1610612756,PHX,38,19,4585.0,1862.0,1868.0,1961.0,1995.0,105.317,106.799,-1.482,19,331.0,151.0,161.0,137.0,188.0,90.728,116.77,-26.042,19,4254.0,1711.0,1707.0,1824.0,1807.0,106.604,105.858,0.746,-26.788,-24.56,19,4560.0,1887.0,1889.0,1955.0,2017.0,103.604,106.776,-3.172,19,243.0,114.0,123.0,98.0,142.0,85.965,115.447,-29.482,19,4317.0,1773.0,1766.0,1857.0,1875.0,104.738,106.172,-1.434,-28.048,-26.31,True
2015-16,2015,1610612757,POR,42,21,5090.0,2040.0,2034.0,2153.0,2155.0,105.539,105.949,-0.41,21,281.0,145.0,138.0,134.0,148.0,92.414,107.246,-14.833,21,4809.0,1895.0,1896.0,2019.0,2007.0,106.544,105.854,0.689,-15.522,-14.423,21,5115.0,2093.0,2095.0,2310.0,2273.0,110.368,108.496,1.871,21,357.0,163.0,157.0,193.0,171.0,118.405,108.917,9.488,21,4758.0,1930.0,1938.0,2117.0,2102.0,109.689,108.462,1.227,8.261,7.616,True
2015-16,2015,1610612758,SAC,43,21,5115.0,2137.0,2137.0,2220.0,2259.0,103.884,105.709,-1.825,21,360.0,170.0,171.0,157.0,193.0,92.353,112.865,-20.513,21,4755.0,1967.0,1966.0,2063.0,2066.0,104.881,105.086,-0.206,-20.307,-18.688,22,5330.0,2234.0,2238.0,2403.0,2428.0,107.565,108.49,-0.925,22,322.0,160.0,165.0,150.0,164.0,93.75,99.394,-5.644,22,5008.0,2074.0,2073.0,2253.0,2264.0,108.631,109.214,-0.583,-5.061,-4.719,True
2015-16,2015,1610612759,SAS,30,15,3600.0,1431.0,1429.0,1469.0,1427.0,102.655,99.86,2.795,15,216.0,108.0,97.0,114.0,102.0,105.556,105.155,0.401,15,3384.0,1323.0,1332.0,1355.0,1325.0,102.419,99.474,2.944,-2.543,-2.395,15,3625.0,1400.0,1398.0,1470.0,1428.0,105.0,102.146,2.854,15,253.0,109.0,101.0,127.0,81.0,116.514,80.198,36.316,15,3372.0,1291.0,1297.0,1343.0,1347.0,104.028,103.855,0.173,36.143,33.462,True
2015-16,2015,1610612761,TOR,51,25,6050.0,2384.0,2367.0,2516.0,2477.0,105.537,104.647,0.89,25,382.0,193.0,184.0,196.0,191.0,101.554,103.804,-2.25,25,5668.0,2191.0,2183.0,2320.0,2286.0,105.888,104.718,1.169,-3.419,-3.14,26,6290.0,2430.0,2426.0,2699.0,2634.0,111.07,108.574,2.496,26,398.0,170.0,157.0,198.0,151.0,116.471,96.178,20.292,26,5892.0,2260.0,2269.0,2501.0,2483.0,110.664,109.431,1.232,19.06,17.796,True
2015-16,2015,1610612762,UTA,42,21,5165.0,1967.0,1971.0,2058.0,2096.0,104.626,106.342,-1.716,21,441.0,195.0,209.0,192.0,245.0,98.462,117.225,-18.763,21,4724.0,1772.0,1762.0,1866.0,1851.0,105.305,105.051,0.254,-19.017,-17.048,21,5190.0,1995.0,1993.0,2045.0,2087.0,102.506,104.717,-2.21,21,476.0,208.0,214.0,209.0,258.0,100.481,120.561,-20.08,21,4714.0,1787.0,1779.0,1836.0,1829.0,102.742,102.811,-0.069,-20.011,-17.87,True
2015-16,2015,1610612764,WAS,34,17,4080.0,1687.0,1691.0,1740.0,1748.0,103.142,103.371,-0.229,17,292.0,151.0,144.0,150.0,144.0,99.338,100.0,-0.662,17,3788.0,1536.0,1547.0,1590.0,1604.0,103.516,103.685,-0.169,-0.493,-0.433,17,4155.0,1717.0,1717.0,1832.0,1842.0,106.698,107.28,-0.582,17,300.0,144.0,144.0,149.0,157.0,103.472,109.028,-5.556,17,3855.0,1573.0,1573.0,1683.0,1685.0,106.993,107.12,-0.127,-5.428,-4.973,True
2016-17,2016,1610612737,ATL,44,22,5330.0,2172.0,2176.0,2305.0,2295.0,106.123,105.469,0.655,22,381.0,174.0,173.0,192.0,170.0,110.345,98.266,12.079,22,4949.0,1998.0,2003.0,2113.0,2125.0,105.756,106.091,-0.335,12.414,11.424,22,5430.0,2228.0,2239.0,2380.0,2350.0,106.822,104.958,1.865,22,406.0,195.0,199.0,213.0,186.0,109.231,93.467,15.763,22,5024.0,2033.0,2040.0,2167.0,2164.0,106.591,106.078,0.513,15.251,13.899,True
2016-17,2016,1610612751,BKN,40,20,4850.0,2069.0,2074.0,2188.0,2208.0,105.752,106.461,-0.709,20,316.0,149.0,151.0,149.0,166.0,100.0,109.934,-9.934,20,4534.0,1920.0,1923.0,2039.0,2042.0,106.198,106.188,0.01,-9.943,-9.224,20,4825.0,2021.0,2022.0,2063.0,2111.0,102.078,104.402,-2.323,20,312.0,139.0,154.0,138.0,188.0,99.281,122.078,-22.797,20,4513.0,1882.0,1868.0,1925.0,1923.0,102.285,102.944,-0.66,-22.138,-20.474,True
2016-17,2016,1610612738,BOS,48,24,5785.0,2326.0,2325.0,2553.0,2514.0,109.759,108.129,1.63,24,398.0,196.0,185.0,224.0,201.0,114.286,108.649,5.637,24,5387.0,2130.0,2140.0,2329.0,2313.0,109.343,108.084,1.259,4.378,4.007,24,5810.0,2356.0,2358.0,2630.0,2580.0,111.63,109.415,2.215,24,448.0,207.0,199.0,251.0,213.0,121.256,107.035,14.221,24,5362.0,2149.0,2159.0,2379.0,2367.0,110.703,109.634,1.069,13.152,12.006,True
2016-17,2016,1610612766,CHA,50,25,6075.0,2477.0,2472.0,2675.0,2645.0,107.994,106.998,0.995,25,418.0,198.0,192.0,236.0,217.0,119.192,113.021,6.171,25,5657.0,2279.0,2280.0,2439.0,2428.0,107.021,106.491,0.529,5.642,5.176,25,6075.0,2431.0,2423.0,2692.0,2723.0,110.736,112.381,-1.645,25,416.0,189.0,185.0,211.0,234.0,111.64,126.486,-14.846,25,5659.0,2242.0,2238.0,2481.0,2489.0,110.66,111.215,-0.555,-14.291,-13.201,True
2016-17,2016,1610612741,CHI,42,21,5065.0,2045.0,2041.0,2149.0,2150.0,105.086,105.341,-0.255,21,371.0,163.0,158.0,165.0,146.0,101.227,92.405,8.822,21,4694.0,1882.0,1883.0,1984.0,2004.0,105.42,106.426,-1.006,9.828,9.077,21,5115.0,2041.0,2041.0,2222.0,2195.0,108.868,107.545,1.323,21,349.0,165.0,161.0,187.0,167.0,113.333,103.727,9.607,21,4766.0,1876.0,1880.0,2035.0,2028.0,108.475,107.872,0.603,9.003,8.284,True
2016-17,2016,1610612739,CLE,36,18,4370.0,1766.0,1767.0,2002.0,1944.0,113.364,110.017,3.347,18,276.0,131.0,122.0,157.0,114.0,119.847,93.443,26.405,18,4094.0,1635.0,1645.0,1845.0,1830.0,112.844,111.246,1.598,24.807,23.058,18,4470.0,1792.0,1784.0,2037.0,2025.0,113.672,113.509,0.163,18,358.0,168.0,166.0,193.0,184.0,114.881,110.843,4.038,18,4112.0,1624.0,1618.0,1844.0,1841.0,113.547,113.782,-0.236,4.273,3.875,True
2016-17,2016,1610612742,DAL,41,20,4850.0,1865.0,1876.0,1930.0,1962.0,103.485,104.584,-1.099,20,319.0,133.0,139.0,118.0,155.0,88.722,111.511,-22.789,20,4531.0,1732.0,1737.0,1812.0,1807.0,104.619,104.03,0.589,-23.378,-21.69,21,5090.0,1968.0,1968.0,2135.0,2130.0,108.486,108.232,0.254,21,345.0,160.0,154.0,180.0,161.0,112.5,104.545,7.955,21,4745.0,1808.0,1814.0,1955.0,1969.0,108.131,108.545,-0.414,8.369,7.7,True
2016-17,2016,1610612743,DEN,40,20,4875.0,2018.0,2012.0,2139.0,2157.0,105.996,107.207,-1.211,20,340.0,162.0,158.0,146.0,151.0,90.123,95.57,-5.446,20,4535.0,1856.0,1854.0,1993.0,2006.0,107.381,108.198,-0.817,-4.629,-4.235,20,4800.0,1994.0,1995.0,2281.0,2298.0,114.393,115.188,-0.795,20,251.0,128.0,126.0,136.0,148.0,106.25,117.46,-11.21,20,4549.0,1866.0,1869.0,2145.0,2150.0,114.952,115.035,-0.083,-11.127,-10.416,True
2016-17,2016,1610612765,DET,37,18,4370.0,1726.0,1719.0,1831.0,1861.0,106.083,108.261,-2.177,18,247.0,101.0,102.0,97.0,126.0,96.04,123.529,-27.49,18,4123.0,1625.0,1617.0,1734.0,1735.0,106.708,107.297,-0.59,-26.9,-25.313,19,4635.0,1867.0,1871.0,1972.0,1977.0,105.624,105.665,-0.041,19,411.0,192.0,195.0,197.0,208.0,102.604,106.667,-4.062,19,4224.0,1675.0,1676.0,1775.0,1769.0,105.97,105.549,0.421,-4.484,-4.021,True
2016-17,2016,1610612744,GSW,25,12,2955.0,1252.0,1251.0,1418.0,1370.0,113.259,109.512,3.746,12,231.0,105.0,100.0,113.0,99.0,107.619,99.0,8.619,12,2724.0,1147.0,1151.0,1305.0,1271.0,113.775,110.426,3.349,5.27,4.873,13,3145.0,1300.0,1299.0,1388.0,1366.0,106.769,105.158,1.611,13,226.0,101.0,91.0,113.0,92.0,111.881,101.099,10.782,13,2919.0,1199.0,1208.0,1275.0,1274.0,106.339,105.464,0.875,9.907,9.171,True
2016-17,2016,1610612745,HOU,40,20,4875.0,1997.0,1996.0,2196.0,2164.0,109.965,108.417,1.548,20,366.0,170.0,168.0,175.0,167.0,102.941,99.405,3.536,20,4509.0,1827.0,1828.0,2021.0,1997.0,110.619,109.245,1.373,2.163,1.988,20,4825.0,2048.0,2051.0,2250.0,2286.0,109.863,111.458,-1.595,20,269.0,129.0,129.0,124.0,147.0,96.124,113.953,-17.829,20,4556.0,1919.0,1922.0,2126.0,2139.0,110.787,111.29,-0.503,-17.326,-16.235,True
2016-17,2016,1610612754,IND,38,19,4660.0,1918.0,1923.0,2060.0,2017.0,107.404,104.888,2.515,19,360.0,157.0,162.0,161.0,174.0,102.548,107.407,-4.86,19,4300.0,1761.0,1761.0,1899.0,1843.0,107.836,104.656,3.18,-8.04,-7.375,19,4635.0,1837.0,1835.0,2005.0,1979.0,109.145,107.847,1.298,19,381.0,162.0,164.0,168.0,166.0,103.704,101.22,2.484,19,4254.0,1675.0,1671.0,1837.0,1813.0,109.672,108.498,1.174,1.31,1.186,True
2016-17,2016,1610612746,LAC,34,17,4130.0,1679.0,1677.0,1824.0,1815.0,108.636,108.229,0.407,17,283.0,141.0,140.0,126.0,142.0,89.362,101.429,-12.067,17,3847.0,1538.0,1537.0,1698.0,1673.0,110.403,108.848,1.555,-13.622,-12.474,17,4105.0,1642.0,1641.0,1883.0,1816.0,114.677,110.664,4.013,17,236.0,114.0,106.0,122.0,93.0,107.018,87.736,19.282,17,3869.0,1528.0,1535.0,1761.0,1723.0,115.249,112.248,3.001,16.281,15.269,True
2016-17,2016,1610612747,LAL,43,21,5040.0,2082.0,2083.0,2255.0,2318.0,108.309,111.282,-2.972,21,220.0,98.0,110.0,95.0,123.0,96.939,111.818,-14.879,21,4820.0,1984.0,1973.0,2160.0,2195.0,108.871,111.252,-2.381,-12.498,-11.907,22,5305.0,2160.0,2164.0,2369.0,2419.0,109.676,111.784,-2.108,22,352.0,150.0,166.0,170.0,217.0,113.333,130.723,-17.39,22,4953.0,2010.0,1998.0,2199.0,2202.0,109.403,110.21,-0.807,-16.582,-15.282,False
2016-17,2016,1610612763,MEM,46,23,5720.0,2226.0,2222.0,2350.0,2342.0,105.571,105.401,0.17,23,536.0,234.0,233.0,244.0,204.0,104.274,87.554,16.72,23,5184.0,1992.0,1989.0,2106.0,2138.0,105.723,107.491,-1.768,18.488,16.55,23,5545.0,2116.0,2110.0,2290.0,2308.0,108.223,109.384,-1.161,23,327.0,145.0,145.0,139.0,155.0,95.862,106.897,-11.034,23,5218.0,1971.0,1965.0,2151.0,2153.0,109.132,109.567,-0.435,-10.599,-9.874,True
2016-17,2016,1610612748,MIA,43,21,5115.0,2032.0,2028.0,2111.0,2140.0,103.888,105.523,-1.635,21,374.0,164.0,165.0,146.0,182.0,89.024,110.303,-21.279,21,4741.0,1868.0,1863.0,1965.0,1958.0,105.193,105.099,0.093,-21.372,-19.644,22,5305.0,2132.0,2131.0,2334.0,2314.0,109.475,108.588,0.887,22,377.0,172.0,164.0,178.0,171.0,103.488,104.268,-0.78,22,4928.0,1960.0,1967.0,2156.0,2143.0,110.0,108.948,1.052,-1.832,-1.667,True
2016-17,2016,1610612749,MIL,39,19,4610.0,1872.0,1870.0,1982.0,1986.0,105.876,106.203,-0.327,19,343.0,148.0,153.0,127.0,159.0,85.811,103.922,-18.111,19,4267.0,1724.0,1717.0,1855.0,1827.0,107.599,106.407,1.192,-19.303,-17.784,20,4850.0,1934.0,1937.0,2136.0,2125.0,110.445,109.706,0.739,20,333.0,158.0,161.0,145.0,155.0,91.772,96.273,-4.501,20,4517.0,1776.0,1776.0,1991.0,1970.0,112.106,110.923,1.182,-5.684,-5.24,True
2016-17,2016,1610612750,MIN,45,22,5330.0,2119.0,2132.0,2267.0,2286.0,106.984,107.223,-0.239,22,400.0,181.0,187.0,173.0,180.0,95.58,96.257,-0.677,22,4930.0,1938.0,1945.0,2094.0,2106.0,108.05,108.278,-0.228,-0.448,-0.438,23,5595.0,2216.0,2217.0,2460.0,2511.0,111.011,113.261,-2.25,23,389.0,159.0,172.0,150.0,196.0,94.34,113.953,-19.614,23,5206.0,2057.0,2045.0,2310.0,2315.0,112.299,113.203,-0.903,-18.71,-17.364,True
2016-17,2016,1610612740,NOP,43,21,5190.0,2117.0,2118.0,2116.0,2166.0,99.953,102.266,-2.314,21,431.0,191.0,195.0,175.0,180.0,91.623,92.308,-0.685,21,4759.0,1926.0,1923.0,1941.0,1986.0,100.779,103.276,-2.497,1.813,1.629,22,5355.0,2201.0,2204.0,2321.0,2363.0,105.452,107.214,-1.762,22,425.0,189.0,192.0,173.0,190.0,91.534,98.958,-7.424,22,4930.0,2012.0,2012.0,2148.0,2173.0,106.759,108.002,-1.243,-6.181,-5.662,True
2016-17,2016,1610612752,NYK,41,20,4875.0,1989.0,1982.0,2164.0,2180.0,108.798,109.99,-1.192,20,330.0,144.0,145.0,144.0,155.0,100.0,106.897,-6.897,20,4545.0,1845.0,1837.0,2020.0,2025.0,109.485,110.234,-0.749,-6.148,-5.705,21,5140.0,2042.0,2047.0,2206.0,2214.0,108.031,108.158,-0.127,21,465.0,197.0,197.0,213.0,210.0,108.122,106.599,1.523,21,4675.0,1845.0,1850.0,1993.0,2004.0,108.022,108.324,-0.303,1.825,1.65,True
2016-17,2016,1610612760,OKC,41,20,4900.0,2023.0,2026.0,2156.0,2112.0,106.574,104.245,2.33,20,410.0,197.0,192.0,217.0,158.0,110.152,82.292,27.861,20,4490.0,1826.0,1834.0,1939.0,1954.0,106.188,106.543,-0.355,28.215,25.531,21,5065.0,2071.0,2076.0,2260.0,2237.0,109.126,107.755,1.371,21,301.0,144.0,144.0,177.0,153.0,122.917,106.25,16.667,21,4764.0,1927.0,1932.0,2083.0,2084.0,108.095,107.867,0.228,16.439,15.296,True
2016-17,2016,1610612753,ORL,39,19,4610.0,1807.0,1812.0,1892.0,1904.0,104.704,105.077,-0.373,19,322.0,128.0,137.0,132.0,151.0,103.125,110.219,-7.094,19,4288.0,1679.0,1675.0,1760.0,1753.0,104.824,104.657,0.168,-7.262,-6.721,20,4875.0,2019.0,2012.0,2157.0,2169.0,106.835,107.803,-0.968,20,373.0,171.0,165.0,171.0,194.0,100.0,117.576,-17.576,20,4502.0,1848.0,1847.0,1986.0,1975.0,107.468,106.93,0.537,-18.113,-16.608,True
2016-17,2016,1610612755,PHI,44,22,5380.0,2196.0,2194.0,2298.0,2314.0,104.645,105.469,-0.825,22,401.0,182.0,189.0,172.0,213.0,94.505,112.698,-18.193,22,4979.0,2014.0,2005.0,2126.0,2101.0,105.561,104.788,0.773,-18.966,-17.368,22,5330.0,2246.0,2249.0,2375.0,2375.0,105.744,105.602,0.141,22,377.0,183.0,184.0,186.0,194.0,101.639,105.435,-3.795,22,4953.0,2063.0,2065.0,2189.0,2181.0,106.108,105.617,0.49,-4.286,-3.936,True
2016-17,2016,1610612756,PHX,50,25,6125.0,2563.0,2572.0,2685.0,2756.0,104.76,107.154,-2.394,25,463.0,208.0,215.0,214.0,239.0,102.885,111.163,-8.278,25,5662.0,2355.0,2357.0,2471.0,2517.0,104.926,106.788,-1.863,-6.416,-5.884,25,6025.0,2533.0,2537.0,2721.0,2801.0,107.422,110.406,-2.984,25,359.0,163.0,186.0,168.0,240.0,103.067,129.032,-25.965,25,5666.0,2370.0,2351.0,2553.0,2561.0,107.722,108.932,-1.211,-24.754,-22.981,True
2016-17,2016,1610612757,POR,47,23,5645.0,2304.0,2304.0,2490.0,2488.0,108.073,107.986,0.087,23,503.0,227.0,229.0,248.0,239.0,109.251,104.367,4.884,23,5142.0,2077.0,2075.0,2242.0,2249.0,107.944,108.386,-0.441,5.326,4.797,24,5885.0,2375.0,2376.0,2636.0,2612.0,110.989,109.933,1.057,24,565.0,267.0,266.0,270.0,268.0,101.124,100.752,0.372,24,5320.0,2108.0,2110.0,2366.0,2344.0,112.239,111.09,1.149,-0.777,-0.685,True
2016-17,2016,1610612758,SAC,49,24,5835.0,2296.0,2291.0,2453.0,2491.0,106.838,108.73,-1.892,24,446.0,187.0,196.0,175.0,199.0,93.583,101.531,-7.948,24,5389.0,2109.0,2095.0,2278.0,2292.0,108.013,109.403,-1.39,-6.558,-6.056,25,6125.0,2446.0,2444.0,2676.0,2682.0,109.403,109.738,-0.335,25,529.0,242.0,233.0,244.0,268.0,100.826,115.021,-14.195,25,5596.0,2204.0,2211.0,2432.0,2414.0,110.345,109.181,1.163,-15.358,-13.86,True
2016-17,2016,1610612759,SAS,43,21,5065.0,1986.0,1986.0,2160.0,2116.0,108.761,106.546,2.216,21,315.0,150.0,138.0,169.0,129.0,112.667,93.478,19.188,21,4750.0,1836.0,1848.0,1991.0,1987.0,108.442,107.522,0.921,18.268,16.973,22,5380.0,2108.0,2106.0,2262.0,2215.0,107.306,105.176,2.13,22,436.0,200.0,198.0,221.0,172.0,110.5,86.869,23.631,22,4944.0,1908.0,1908.0,2041.0,2043.0,106.971,107.075,-0.105,23.736,21.501,True
2016-17,2016,1610612761,TOR,49,24,5810.0,2327.0,2327.0,2613.0,2586.0,112.291,111.13,1.16,24,357.0,165.0,154.0,177.0,143.0,107.273,92.857,14.416,24,5453.0,2162.0,2173.0,2436.0,2443.0,112.673,112.425,0.248,14.167,13.255,25,6050.0,2383.0,2374.0,2552.0,2553.0,107.092,107.54,-0.448,25,446.0,198.0,191.0,222.0,186.0,112.121,97.382,14.739,25,5604.0,2185.0,2183.0,2330.0,2367.0,106.636,108.429,-1.793,16.532,15.187,True
2016-17,2016,1610612762,UTA,44,22,5280.0,1987.0,1991.0,2148.0,2109.0,108.103,105.927,2.176,22,257.0,114.0,113.0,114.0,108.0,100.0,95.575,4.425,22,5023.0,1873.0,1878.0,2034.0,2001.0,108.596,106.55,2.046,2.378,2.249,22,5355.0,2061.0,2058.0,2247.0,2231.0,109.025,108.406,0.619,22,368.0,166.0,168.0,208.0,171.0,125.301,101.786,23.515,22,4987.0,1895.0,1890.0,2039.0,2060.0,107.599,108.995,-1.396,24.911,22.897,True
2016-17,2016,1610612764,WAS,55,27,6555.0,2659.0,2656.0,2820.0,2823.0,106.055,106.288,-0.233,27,462.0,204.0,203.0,210.0,180.0,102.941,88.67,14.271,27,6093.0,2455.0,2453.0,2610.0,2643.0,106.314,107.746,-1.432,15.703,14.504,28,6820.0,2808.0,2799.0,3133.0,3119.0,111.574,111.433,0.141,28,478.0,231.0,221.0,298.0,260.0,129.004,117.647,11.357,28,6342.0,2577.0,2578.0,2835.0,2859.0,110.012,110.9,-0.888,12.246,11.216,True
2017-18,2017,1610612737,ATL,43,21,5065.0,2069.0,2065.0,2233.0,2266.0,107.927,109.734,-1.807,21,363.0,171.0,174.0,175.0,206.0,102.339,118.391,-16.052,21,4702.0,1898.0,1891.0,2058.0,2060.0,108.43,108.937,-0.507,-15.544,-14.245,22,5280.0,2173.0,2168.0,2304.0,2336.0,106.029,107.749,-1.721,22,337.0,164.0,166.0,178.0,173.0,108.537,104.217,4.32,22,4943.0,2009.0,2002.0,2126.0,2163.0,105.824,108.042,-2.218,6.538,6.04,True
2017-18,2017,1610612751,BKN,49,24,5785.0,2461.0,2462.0,2608.0,2655.0,105.973,107.839,-1.866,24,358.0,167.0,173.0,163.0,181.0,97.605,104.624,-7.019,24,5427.0,2294.0,2289.0,2445.0,2474.0,106.582,108.082,-1.5,-5.52,-5.154,25,6150.0,2531.0,2537.0,2742.0,2792.0,108.337,110.051,-1.715,25,538.0,236.0,242.0,234.0,269.0,99.153,111.157,-12.004,25,5612.0,2295.0,2295.0,2508.0,2523.0,109.281,109.935,-0.654,-11.351,-10.29,True
2017-18,2017,1610612738,BOS,45,22,5305.0,2140.0,2136.0,2240.0,2194.0,104.673,102.715,1.958,22,332.0,157.0,144.0,188.0,158.0,119.745,109.722,10.023,22,4973.0,1983.0,1992.0,2052.0,2036.0,103.48,102.209,1.271,8.752,8.065,23,5620.0,2274.0,2272.0,2442.0,2421.0,107.388,106.558,0.83,23,467.0,217.0,226.0,222.0,244.0,102.304,107.965,-5.66,23,5153.0,2057.0,2046.0,2220.0,2177.0,107.924,106.403,1.521,-7.182,-6.49,True
2017-18,2017,1610612766,CHA,41,20,4850.0,1989.0,1987.0,2112.0,2156.0,106.184,108.505,-2.321,20,344.0,159.0,165.0,146.0,159.0,91.824,96.364,-4.54,20,4506.0,1830.0,1822.0,1966.0,1997.0,107.432,109.605,-2.173,-2.367,-2.218,21,5090.0,2121.0,2116.0,2299.0,2298.0,108.392,108.601,-0.209,21,364.0,167.0,161.0,176.0,166.0,105.389,103.106,2.284,21,4726.0,1954.0,1955.0,2123.0,2132.0,108.649,109.054,-0.405,2.688,2.492,True
2017-18,2017,1610612741,CHI,41,20,4850.0,2000.0,1999.0,2108.0,2116.0,105.4,105.853,-0.453,20,383.0,175.0,186.0,170.0,182.0,97.143,97.849,-0.707,20,4467.0,1825.0,1813.0,1938.0,1934.0,106.192,106.674,-0.482,-0.224,-0.254,21,5165.0,2135.0,2137.0,2365.0,2353.0,110.773,110.108,0.665,21,446.0,202.0,200.0,201.0,203.0,99.505,101.5,-1.995,21,4719.0,1933.0,1937.0,2164.0,2150.0,111.95,110.996,0.954,-2.949,-2.66,True
2017-18,2017,1610612739,CLE,44,22,5305.0,2177.0,2181.0,2424.0,2379.0,111.346,109.078,2.267,22,362.0,162.0,154.0,198.0,142.0,122.222,92.208,30.014,22,4943.0,2015.0,2027.0,2226.0,2237.0,110.471,110.36,0.111,29.903,27.747,22,5305.0,2188.0,2188.0,2517.0,2477.0,115.037,113.208,1.828,22,347.0,169.0,157.0,189.0,157.0,111.834,100.0,11.834,22,4958.0,2019.0,2031.0,2328.0,2320.0,115.305,114.229,1.075,10.759,10.006,True
2017-18,2017,1610612742,DAL,48,24,5785.0,2332.0,2336.0,2463.0,2548.0,105.617,109.075,-3.458,24,376.0,167.0,176.0,150.0,215.0,89.82,122.159,-32.339,24,5409.0,2165.0,2160.0,2313.0,2333.0,106.836,108.009,-1.173,-31.166,-28.881,24,5860.0,2351.0,2359.0,2506.0,2538.0,106.593,107.588,-0.995,24,404.0,182.0,183.0,158.0,204.0,86.813,111.475,-24.662,24,5456.0,2169.0,2176.0,2348.0,2334.0,108.253,107.261,0.992,-25.654,-23.667,True
2017-18,2017,1610612743,DEN,43,21,5115.0,2064.0,2062.0,2230.0,2252.0,108.043,109.214,-1.172,21,355.0,167.0,169.0,158.0,166.0,94.611,98.225,-3.614,21,4760.0,1897.0,1893.0,2072.0,2086.0,109.225,110.195,-0.97,-2.644,-2.442,22,5405.0,2202.0,2196.0,2497.0,2475.0,113.397,112.705,0.692,22,463.0,197.0,197.0,219.0,198.0,111.168,100.508,10.66,22,4942.0,2005.0,1999.0,2278.0,2277.0,113.616,113.907,-0.291,10.951,9.968,True
2017-18,2017,1610612765,DET,38,19,4560.0,1828.0,1829.0,1938.0,1936.0,106.018,105.85,0.167,19,301.0,129.0,137.0,137.0,156.0,106.202,113.869,-7.667,19,4259.0,1699.0,1692.0,1801.0,1780.0,106.004,105.201,0.803,-8.47,-7.834,19,4685.0,1886.0,1882.0,2026.0,2051.0,107.423,108.98,-1.557,19,382.0,158.0,155.0,154.0,164.0,97.468,105.806,-8.338,19,4303.0,1728.0,1727.0,1872.0,1887.0,108.333,109.265,-0.931,-7.407,-6.781,True
2017-18,2017,1610612744,GSW,29,14,3410.0,1441.0,1440.0,1584.0,1549.0,109.924,107.569,2.354,14,292.0,131.0,123.0,149.0,117.0,113.74,95.122,18.619,14,3118.0,1310.0,1317.0,1435.0,1432.0,109.542,108.732,0.81,17.808,16.264,15,3600.0,1500.0,1499.0,1687.0,1667.0,112.467,111.207,1.259,15,215.0,106.0,105.0,119.0,123.0,112.264,117.143,-4.879,15,3385.0,1394.0,1394.0,1568.0,1544.0,112.482,110.76,1.722,-6.6,-6.138,True
2017-18,2017,1610612745,HOU,35,17,4130.0,1709.0,1707.0,1940.0,1933.0,113.517,113.24,0.277,17,285.0,129.0,132.0,153.0,135.0,118.605,102.273,16.332,17,3845.0,1580.0,1575.0,1787.0,1798.0,113.101,114.159,-1.057,17.389,16.055,18,4345.0,1734.0,1735.0,1951.0,1873.0,112.514,107.954,4.561,18,202.0,94.0,86.0,121.0,74.0,128.723,86.047,42.677,18,4143.0,1640.0,1649.0,1830.0,1799.0,111.585,109.096,2.489,40.188,38.116,False
2017-18,2017,1610612754,IND,44,22,5330.0,2185.0,2181.0,2396.0,2380.0,109.657,109.124,0.532,22,355.0,162.0,157.0,168.0,153.0,103.704,97.452,6.251,22,4975.0,2023.0,2024.0,2228.0,2227.0,110.133,110.03,0.104,6.148,5.719,22,5305.0,2128.0,2130.0,2299.0,2289.0,108.036,107.465,0.571,22,335.0,157.0,156.0,190.0,146.0,121.019,93.59,27.429,22,4970.0,1971.0,1974.0,2109.0,2143.0,107.002,108.561,-1.56,28.989,26.858,True
2017-18,2017,1610612746,LAC,40,20,4825.0,1961.0,1971.0,2085.0,2126.0,106.323,107.864,-1.541,20,293.0,130.0,140.0,126.0,175.0,96.923,125.0,-28.077,20,4532.0,1831.0,1831.0,1959.0,1951.0,106.991,106.554,0.437,-28.514,-26.536,20,4800.0,2024.0,2021.0,2266.0,2258.0,111.957,111.727,0.23,20,281.0,136.0,138.0,168.0,156.0,123.529,113.043,10.486,20,4519.0,1888.0,1883.0,2098.0,2102.0,111.123,111.63,-0.507,10.993,10.256,True
2017-18,2017,1610612747,LAL,42,21,5190.0,2221.0,2230.0,2333.0,2366.0,105.043,106.099,-1.056,21,442.0,193.0,200.0,187.0,230.0,96.891,115.0,-18.109,21,4748.0,2028.0,2030.0,2146.0,2136.0,105.819,105.222,0.597,-18.706,-17.053,21,5115.0,2114.0,2113.0,2276.0,2250.0,107.663,106.484,1.18,21,406.0,183.0,182.0,188.0,174.0,102.732,95.604,7.128,21,4709.0,1931.0,1931.0,2088.0,2076.0,108.131,107.509,0.621,6.506,5.948,True
2017-18,2017,1610612763,MEM,41,20,4825.0,1917.0,1915.0,1996.0,2031.0,104.121,106.057,-1.936,20,348.0,139.0,151.0,128.0,138.0,92.086,91.391,0.696,20,4477.0,1778.0,1764.0,1868.0,1893.0,105.062,107.313,-2.251,2.947,2.632,21,5040.0,2010.0,2004.0,2154.0,2199.0,107.164,109.731,-2.566,21,352.0,149.0,158.0,138.0,163.0,92.617,103.165,-10.547,21,4688.0,1861.0,1846.0,2016.0,2036.0,108.329,110.293,-1.964,-8.583,-7.981,True
2017-18,2017,1610612748,MIA,53,26,6290.0,2494.0,2487.0,2658.0,2604.0,106.576,104.704,1.871,26,410.0,184.0,175.0,225.0,177.0,122.283,101.143,21.14,26,5880.0,2310.0,2312.0,2433.0,2427.0,105.325,104.974,0.351,20.789,19.268,27,6680.0,2678.0,2680.0,2821.0,2834.0,105.34,105.746,-0.406,27,633.0,265.0,282.0,263.0,282.0,99.245,100.0,-0.755,27,6047.0,2413.0,2398.0,2558.0,2552.0,106.009,106.422,-0.413,-0.342,-0.348,True
2017-18,2017,1610612749,MIL,47,23,5570.0,2238.0,2239.0,2485.0,2461.0,111.037,109.915,1.121,23,408.0,193.0,185.0,205.0,184.0,106.218,99.459,6.758,23,5162.0,2045.0,2054.0,2280.0,2277.0,111.491,110.857,0.635,6.124,5.637,24,5860.0,2378.0,2383.0,2561.0,2573.0,107.696,107.973,-0.278,24,409.0,189.0,182.0,185.0,184.0,97.884,101.099,-3.215,24,5451.0,2189.0,2201.0,2376.0,2389.0,108.543,108.542,0.001,-3.216,-2.938,True
2017-18,2017,1610612750,MIN,42,21,5115.0,2063.0,2065.0,2284.0,2260.0,110.713,109.443,1.269,21,425.0,190.0,171.0,215.0,206.0,113.158,120.468,-7.31,21,4690.0,1873.0,1894.0,2069.0,2054.0,110.464,108.448,2.017,-9.327,-8.579,21,5090.0,2040.0,2036.0,2275.0,2290.0,111.52,112.475,-0.956,21,378.0,159.0,161.0,160.0,175.0,100.629,108.696,-8.067,21,4712.0,1881.0,1875.0,2115.0,2115.0,112.44,112.8,-0.36,-7.707,-7.111,True
2017-18,2017,1610612740,NOP,49,24,5835.0,2461.0,2456.0,2676.0,2668.0,108.736,108.632,0.104,24,435.0,190.0,178.0,200.0,206.0,105.263,115.73,-10.467,24,5400.0,2271.0,2278.0,2476.0,2462.0,109.027,108.077,0.95,-11.417,-10.572,25,6200.0,2628.0,2625.0,2836.0,2797.0,107.915,106.552,1.362,25,600.0,279.0,275.0,297.0,244.0,106.452,88.727,17.724,25,5600.0,2349.0,2350.0,2539.0,2553.0,108.089,108.638,-0.55,18.274,16.362,True
2017-18,2017,1610612752,NYK,35,17,4130.0,1660.0,1661.0,1791.0,1796.0,107.892,108.128,-0.236,17,324.0,148.0,146.0,164.0,148.0,110.811,101.37,9.441,17,3806.0,1512.0,1515.0,1627.0,1648.0,107.606,108.779,-1.173,10.614,9.677,18,4420.0,1805.0,1805.0,1934.0,2006.0,107.147,111.136,-3.989,18,314.0,136.0,141.0,108.0,162.0,79.412,114.894,-35.482,18,4106.0,1669.0,1664.0,1826.0,1844.0,109.407,110.817,-1.41,-34.071,-31.493,True
2017-18,2017,1610612760,OKC,46,23,5620.0,2239.0,2244.0,2389.0,2402.0,106.699,107.041,-0.342,23,500.0,211.0,226.0,204.0,251.0,96.682,111.062,-14.379,23,5120.0,2028.0,2018.0,2185.0,2151.0,107.742,106.591,1.151,-15.53,-14.038,23,5570.0,2293.0,2291.0,2571.0,2528.0,112.124,110.345,1.779,23,358.0,168.0,164.0,192.0,167.0,114.286,101.829,12.456,23,5212.0,2125.0,2127.0,2379.0,2361.0,111.953,111.001,0.952,11.505,10.677,True
2017-18,2017,1610612753,ORL,39,19,4585.0,1899.0,1902.0,2067.0,2122.0,108.847,111.567,-2.72,19,254.0,115.0,130.0,110.0,156.0,95.652,120.0,-24.348,19,4331.0,1784.0,1772.0,1957.0,1966.0,109.697,110.948,-1.251,-23.097,-21.628,20,4825.0,1947.0,1952.0,2053.0,2078.0,105.444,106.455,-1.011,20,324.0,132.0,138.0,133.0,131.0,100.758,94.928,5.83,20,4501.0,1815.0,1814.0,1920.0,1947.0,105.785,107.332,-1.547,7.377,6.841,True
2017-18,2017,1610612755,PHI,45,22,5380.0,2269.0,2273.0,2399.0,2397.0,105.729,105.455,0.274,22,373.0,172.0,172.0,194.0,180.0,112.791,104.651,8.14,22,5007.0,2097.0,2101.0,2205.0,2217.0,105.15,105.521,-0.371,8.511,7.865,23,5520.0,2292.0,2295.0,2545.0,2466.0,111.038,107.451,3.587,23,303.0,152.0,141.0,177.0,124.0,116.447,87.943,28.504,23,5217.0,2140.0,2154.0,2368.0,2342.0,110.654,108.728,1.926,26.578,24.917,True
2017-18,2017,1610612756,PHX,38,19,4585.0,1941.0,1950.0,2057.0,2057.0,105.976,105.487,0.489,19,273.0,131.0,132.0,128.0,127.0,97.71,96.212,1.498,19,4312.0,1810.0,1818.0,1929.0,1930.0,106.575,106.161,0.414,1.084,1.009,19,4560.0,1884.0,1887.0,2019.0,2060.0,107.166,109.168,-2.002,19,230.0,104.0,113.0,96.0,130.0,92.308,115.044,-22.737,19,4330.0,1780.0,1774.0,1923.0,1930.0,108.034,108.794,-0.76,-21.977,-20.734,True
2017-18,2017,1610612757,POR,45,22,5305.0,2157.0,2147.0,2275.0,2253.0,105.471,104.937,0.533,22,416.0,193.0,188.0,187.0,168.0,96.891,89.362,7.529,22,4889.0,1964.0,1959.0,2088.0,2085.0,106.314,106.432,-0.118,7.648,6.996,23,5570.0,2268.0,2279.0,2477.0,2455.0,109.215,107.723,1.492,23,380.0,171.0,176.0,188.0,184.0,109.942,104.545,5.396,23,5190.0,2097.0,2103.0,2289.0,2271.0,109.156,107.989,1.167,4.229,3.904,True
2017-18,2017,1610612758,SAC,42,21,5065.0,2037.0,2032.0,2163.0,2163.0,106.186,106.447,-0.261,21,339.0,151.0,151.0,169.0,149.0,111.921,98.675,13.245,21,4726.0,1886.0,1881.0,1994.0,2014.0,105.726,107.071,-1.344,14.589,13.506,21,5090.0,2014.0,2014.0,2132.0,2142.0,105.859,106.356,-0.497,21,355.0,162.0,163.0,162.0,175.0,100.0,107.362,-7.362,21,4735.0,1852.0,1851.0,1970.0,1967.0,106.371,106.267,0.105,-7.467,-6.865,True
2017-18,2017,1610612759,SAS,37,18,4320.0,1715.0,1714.0,1815.0,1769.0,105.831,103.209,2.622,18,282.0,126.0,120.0,146.0,103.0,115.873,85.833,30.04,18,4038.0,1589.0,1594.0,1669.0,1666.0,105.035,104.517,0.518,29.522,27.418,19,4610.0,1874.0,1873.0,2009.0,2030.0,107.204,108.382,-1.178,19,347.0,166.0,163.0,166.0,193.0,100.0,118.405,-18.405,19,4263.0,1708.0,1710.0,1843.0,1837.0,107.904,107.427,0.477,-18.882,-17.226,True
2017-18,2017,1610612761,TOR,43,21,5090.0,2112.0,2114.0,2260.0,2223.0,107.008,105.156,1.851,21,352.0,164.0,162.0,166.0,156.0,101.22,96.296,4.923,21,4738.0,1948.0,1952.0,2094.0,2067.0,107.495,105.891,1.603,3.32,3.072,22,5380.0,2159.0,2156.0,2439.0,2432.0,112.969,112.801,0.167,22,401.0,192.0,182.0,201.0,197.0,104.688,108.242,-3.554,22,4979.0,1967.0,1974.0,2238.0,2235.0,113.777,113.222,0.555,-4.11,-3.722,True
2017-18,2017,1610612762,UTA,28,14,3385.0,1374.0,1372.0,1404.0,1430.0,102.183,104.227,-2.044,14,237.0,111.0,111.0,110.0,130.0,99.099,117.117,-18.018,14,3148.0,1263.0,1261.0,1294.0,1300.0,102.454,103.093,-0.638,-17.38,-15.974,14,3410.0,1380.0,1384.0,1461.0,1412.0,105.87,102.023,3.846,14,258.0,125.0,118.0,144.0,102.0,115.2,86.441,28.759,14,3152.0,1255.0,1266.0,1317.0,1310.0,104.94,103.476,1.465,27.295,24.913,True
2017-18,2017,1610612764,WAS,44,22,5330.0,2200.0,2195.0,2329.0,2314.0,105.864,105.421,0.442,22,347.0,174.0,169.0,171.0,184.0,98.276,108.876,-10.6,22,4983.0,2026.0,2026.0,2158.0,2130.0,106.515,105.133,1.382,-11.982,-11.042,22,5405.0,2196.0,2191.0,2375.0,2395.0,108.151,109.311,-1.16,22,483.0,226.0,226.0,213.0,228.0,94.248,100.885,-6.637,22,4922.0,1970.0,1965.0,2162.0,2167.0,109.746,110.28,-0.534,-6.103,-5.478,True
2018-19,2018,1610612737,ATL,40,20,4825.0,2074.0,2084.0,2237.0,2252.0,107.859,108.061,-0.202,20,322.0,141.0,149.0,142.0,148.0,100.709,99.329,1.38,20,4503.0,1933.0,1935.0,2095.0,2104.0,108.381,108.734,-0.353,1.733,1.583,20,4950.0,2163.0,2156.0,2426.0,2441.0,112.159,113.219,-1.06,20,420.0,209.0,209.0,222.0,202.0,106.22,96.651,9.569,20,4530.0,1954.0,1947.0,2204.0,2239.0,112.794,114.997,-2.203,11.773,10.629,True
2018-19,2018,1610612751,BKN,43,21,5140.0,2120.0,2121.0,2338.0,2387.0,110.283,112.541,-2.258,21,392.0,170.0,173.0,164.0,212.0,96.471,122.543,-26.073,21,4748.0,1950.0,1948.0,2174.0,2175.0,111.487,111.653,-0.166,-25.907,-23.815,22,5480.0,2351.0,2352.0,2651.0,2634.0,112.761,111.99,0.771,22,441.0,203.0,209.0,245.0,215.0,120.69,102.871,17.819,22,5039.0,2148.0,2143.0,2406.0,2419.0,112.011,112.879,-0.868,18.687,17.048,True
2018-19,2018,1610612738,BOS,42,21,5140.0,2137.0,2132.0,2301.0,2294.0,107.674,107.598,0.076,21,391.0,175.0,182.0,232.0,203.0,132.571,111.538,21.033,21,4749.0,1962.0,1950.0,2069.0,2091.0,105.454,107.231,-1.777,22.81,20.957,21,5040.0,2126.0,2124.0,2378.0,2356.0,111.853,110.923,0.93,21,281.0,140.0,130.0,158.0,155.0,112.857,119.231,-6.374,21,4759.0,1986.0,1994.0,2220.0,2201.0,111.782,110.381,1.401,-7.775,-7.304,True
2018-19,2018,1610612766,CHA,39,19,4685.0,1961.0,1962.0,2155.0,2158.0,109.893,109.99,-0.097,19,424.0,193.0,192.0,210.0,218.0,108.808,113.542,-4.733,19,4261.0,1768.0,1770.0,1945.0,1940.0,110.011,109.605,0.407,-5.14,-4.636,20,4825.0,1987.0,1979.0,2194.0,2180.0,110.418,110.157,0.261,20,298.0,131.0,128.0,144.0,138.0,109.924,107.812,2.111,20,4527.0,1856.0,1851.0,2050.0,2042.0,110.453,110.319,0.134,1.977,1.85,True
2018-19,2018,1610612741,CHI,39,19,4635.0,1891.0,1889.0,1967.0,1969.0,104.019,104.235,-0.216,19,365.0,156.0,157.0,143.0,157.0,91.667,100.0,-8.333,19,4270.0,1735.0,1732.0,1824.0,1812.0,105.13,104.619,0.511,-8.844,-8.117,20,4950.0,2057.0,2060.0,2186.0,2246.0,106.271,109.029,-2.758,20,382.0,167.0,183.0,176.0,207.0,105.389,113.115,-7.726,20,4568.0,1890.0,1877.0,2010.0,2039.0,106.349,108.631,-2.282,-5.444,-4.968,True
2018-19,2018,1610612739,CLE,33,16,3840.0,1548.0,1547.0,1635.0,1678.0,105.62,108.468,-2.848,16,176.0,86.0,95.0,79.0,113.0,91.86,118.947,-27.087,16,3664.0,1462.0,1452.0,1556.0,1565.0,106.43,107.782,-1.353,-25.734,-24.239,17,4155.0,1692.0,1694.0,1903.0,1917.0,112.47,113.164,-0.694,17,278.0,122.0,121.0,127.0,126.0,104.098,104.132,-0.034,17,3877.0,1570.0,1573.0,1776.0,1791.0,113.121,113.859,-0.738,0.704,0.66,False
2018-19,2018,1610612742,DAL,46,23,5570.0,2349.0,2343.0,2577.0,2605.0,109.706,111.182,-1.476,23,359.0,176.0,176.0,175.0,187.0,99.432,106.25,-6.818,23,5211.0,2173.0,2167.0,2402.0,2418.0,110.538,111.583,-1.044,-5.774,-5.342,23,5570.0,2261.0,2257.0,2506.0,2525.0,110.836,111.874,-1.038,23,410.0,185.0,185.0,187.0,206.0,101.081,111.351,-10.27,23,5160.0,2076.0,2072.0,2319.0,2319.0,111.705,111.921,-0.216,-10.055,-9.232,True
2018-19,2018,1610612743,DEN,46,23,5570.0,2270.0,2269.0,2478.0,2432.0,109.163,107.184,1.979,23,389.0,184.0,174.0,185.0,169.0,100.543,97.126,3.417,23,5181.0,2086.0,2095.0,2293.0,2263.0,109.923,108.019,1.904,1.513,1.438,23,5520.0,2266.0,2269.0,2491.0,2472.0,109.929,108.947,0.983,23,309.0,142.0,140.0,163.0,129.0,114.789,92.143,22.646,23,5211.0,2124.0,2129.0,2328.0,2343.0,109.605,110.052,-0.447,23.093,21.663,True
2018-19,2018,1610612765,DET,42,21,5165.0,2142.0,2146.0,2295.0,2307.0,107.143,107.502,-0.359,21,420.0,186.0,187.0,221.0,209.0,118.817,111.765,7.052,21,4745.0,1956.0,1959.0,2074.0,2098.0,106.033,107.095,-1.063,8.115,7.412,21,5090.0,2032.0,2019.0,2199.0,2214.0,108.219,109.658,-1.44,21,361.0,158.0,156.0,164.0,182.0,103.797,116.667,-12.869,21,4729.0,1874.0,1863.0,2035.0,2032.0,108.591,109.071,-0.48,-12.389,-11.429,True
2018-19,2018,1610612744,GSW,35,17,4180.0,1774.0,1771.0,1963.0,1955.0,110.654,110.39,0.264,17,368.0,161.0,160.0,163.0,151.0,101.242,94.375,6.867,17,3812.0,1613.0,1611.0,1800.0,1804.0,111.593,111.98,-0.387,7.254,6.603,18,4345.0,1847.0,1855.0,2114.0,2096.0,114.456,112.992,1.464,18,258.0,124.0,125.0,152.0,147.0,122.581,117.6,4.981,18,4087.0,1723.0,1730.0,1962.0,1949.0,113.871,112.659,1.212,3.768,3.517,True
2018-19,2018,1610612745,HOU,41,20,4875.0,1979.0,1974.0,2229.0,2195.0,112.633,111.196,1.437,20,325.0,140.0,131.0,154.0,156.0,110.0,119.084,-9.084,20,4550.0,1839.0,1843.0,2075.0,2039.0,112.833,110.635,2.198,-11.282,-10.521,21,5115.0,2117.0,2119.0,2420.0,2398.0,114.313,113.167,1.146,21,338.0,157.0,159.0,178.0,173.0,113.376,108.805,4.571,21,4777.0,1960.0,1960.0,2242.0,2225.0,114.388,113.52,0.867,3.703,3.425,True
2018-19,2018,1610612754,IND,41,20,4825.0,1977.0,1973.0,2127.0,2060.0,107.587,104.41,3.178,20,311.0,143.0,133.0,177.0,124.0,123.776,93.233,30.543,20,4514.0,1834.0,1840.0,1950.0,1936.0,106.325,105.217,1.108,29.436,27.365,21,5040.0,2059.0,2061.0,2262.0,2286.0,109.859,110.917,-1.058,21,241.0,102.0,112.0,102.0,132.0,100.0,117.857,-17.857,21,4799.0,1957.0,1949.0,2160.0,2154.0,110.373,110.518,-0.145,-17.712,-16.799,True
2018-19,2018,1610612746,LAC,43,21,5140.0,2183.0,2187.0,2484.0,2439.0,113.788,111.523,2.266,21,371.0,174.0,173.0,210.0,177.0,120.69,102.312,18.378,21,4769.0,2009.0,2014.0,2274.0,2262.0,113.191,112.314,0.877,17.501,16.112,22,5330.0,2281.0,2294.0,2547.0,2513.0,111.662,109.547,2.115,22,323.0,151.0,153.0,171.0,144.0,113.245,94.118,19.127,22,5007.0,2130.0,2141.0,2376.0,2369.0,111.549,110.649,0.9,18.227,17.012,True
2018-19,2018,1610612747,LAL,43,21,5065.0,2192.0,2193.0,2360.0,2377.0,107.664,108.39,-0.726,21,281.0,122.0,126.0,151.0,133.0,123.77,105.556,18.215,21,4784.0,2070.0,2067.0,2209.0,2244.0,106.715,108.563,-1.848,20.063,18.941,22,5355.0,2319.0,2315.0,2534.0,2544.0,109.271,109.892,-0.621,22,359.0,184.0,181.0,200.0,197.0,108.696,108.84,-0.144,22,4996.0,2135.0,2134.0,2334.0,2347.0,109.321,109.981,-0.66,0.516,0.477,True
2018-19,2018,1610612763,MEM,47,23,5620.0,2227.0,2238.0,2349.0,2353.0,105.478,105.139,0.34,23,399.0,163.0,176.0,178.0,193.0,109.202,109.659,-0.457,23,5221.0,2064.0,2062.0,2171.0,2160.0,105.184,104.753,0.431,-0.888,-0.796,24,5860.0,2398.0,2404.0,2584.0,2615.0,107.756,108.777,-1.021,24,481.0,217.0,220.0,213.0,242.0,98.157,110.0,-11.843,24,5379.0,2181.0,2184.0,2371.0,2373.0,108.712,108.654,0.058,-11.901,-10.823,True
2018-19,2018,1610612748,MIA,44,22,5305.0,2192.0,2191.0,2339.0,2328.0,106.706,106.253,0.453,22,370.0,178.0,167.0,171.0,153.0,96.067,91.617,4.451,22,4935.0,2014.0,2024.0,2168.0,2175.0,107.646,107.46,0.186,4.265,3.997,22,5305.0,2174.0,2173.0,2342.0,2360.0,107.728,108.606,-0.878,22,358.0,151.0,163.0,137.0,170.0,90.728,104.294,-13.566,22,4947.0,2023.0,2010.0,2205.0,2190.0,108.997,108.955,0.041,-13.607,-12.688,True
2018-19,2018,1610612749,MIL,36,18,4370.0,1845.0,1852.0,2069.0,2018.0,112.141,108.963,3.178,18,325.0,150.0,148.0,175.0,144.0,116.667,97.297,19.369,18,4045.0,1695.0,1704.0,1894.0,1874.0,111.74,109.977,1.764,17.605,16.192,18,4370.0,1905.0,1902.0,2107.0,2057.0,110.604,108.149,2.454,18,300.0,142.0,138.0,155.0,171.0,109.155,123.913,-14.758,18,4070.0,1763.0,1764.0,1952.0,1886.0,110.72,106.916,3.804,-18.562,-17.212,True
2018-19,2018,1610612750,MIN,44,22,5330.0,2249.0,2248.0,2538.0,2567.0,112.85,114.19,-1.34,22,357.0,150.0,153.0,162.0,192.0,108.0,125.49,-17.49,22,4973.0,2099.0,2095.0,2376.0,2375.0,113.197,113.365,-0.168,-17.322,-16.15,22,5380.0,2256.0,2252.0,2508.0,2523.0,111.17,112.034,-0.864,22,425.0,190.0,183.0,178.0,189.0,93.684,103.279,-9.594,22,4955.0,2066.0,2069.0,2330.0,2334.0,112.778,112.808,-0.03,-9.565,-8.731,True
2018-19,2018,1610612740,NOP,45,22,5280.0,2253.0,2248.0,2495.0,2533.0,110.741,112.678,-1.937,22,277.0,133.0,142.0,117.0,155.0,87.97,109.155,-21.185,22,5003.0,2120.0,2106.0,2378.0,2378.0,112.17,112.915,-0.746,-20.439,-19.248,23,5595.0,2425.0,2429.0,2698.0,2713.0,111.258,111.692,-0.434,23,376.0,185.0,179.0,199.0,198.0,107.568,110.615,-3.047,23,5219.0,2240.0,2250.0,2499.0,2515.0,111.563,111.778,-0.215,-2.832,-2.613,True
2018-19,2018,1610612752,NYK,34,17,4180.0,1741.0,1745.0,1910.0,1949.0,109.707,111.691,-1.983,17,355.0,159.0,164.0,184.0,181.0,115.723,110.366,5.357,17,3825.0,1582.0,1581.0,1726.0,1768.0,109.102,111.828,-2.726,8.083,7.341,17,4080.0,1695.0,1693.0,1813.0,1857.0,106.962,109.687,-2.725,17,238.0,110.0,122.0,93.0,136.0,84.545,111.475,-26.93,17,3842.0,1585.0,1571.0,1720.0,1721.0,108.517,109.548,-1.031,-25.899,-24.205,True
2018-19,2018,1610612760,OKC,46,23,5595.0,2416.0,2416.0,2534.0,2594.0,104.884,107.368,-2.483,23,378.0,181.0,185.0,178.0,198.0,98.343,107.027,-8.684,23,5217.0,2235.0,2231.0,2356.0,2396.0,105.414,107.396,-1.982,-6.703,-6.201,23,5620.0,2425.0,2428.0,2714.0,2684.0,111.918,110.544,1.374,23,403.0,197.0,185.0,226.0,189.0,114.721,102.162,12.559,23,5217.0,2228.0,2243.0,2488.0,2495.0,111.67,111.235,0.435,12.124,11.185,True
2018-19,2018,1610612753,ORL,47,23,5570.0,2275.0,2271.0,2433.0,2435.0,106.945,107.221,-0.276,23,356.0,171.0,166.0,168.0,168.0,98.246,101.205,-2.959,23,5214.0,2104.0,2105.0,2265.0,2267.0,107.652,107.696,-0.044,-2.915,-2.683,24,5810.0,2396.0,2390.0,2593.0,2625.0,108.222,109.833,-1.611,24,390.0,175.0,168.0,164.0,161.0,93.714,95.833,-2.119,24,5420.0,2221.0,2222.0,2429.0,2464.0,109.365,110.891,-1.526,-0.593,-0.508,True
2018-19,2018,1610612755,PHI,45,22,5405.0,2312.0,2309.0,2571.0,2524.0,111.202,109.311,1.891,22,387.0,184.0,167.0,196.0,180.0,106.522,107.784,-1.263,22,5018.0,2128.0,2142.0,2375.0,2344.0,111.607,109.43,2.177,-3.439,-3.154,23,5520.0,2358.0,2361.0,2660.0,2619.0,112.807,110.928,1.88,23,371.0,185.0,176.0,208.0,184.0,112.432,104.545,7.887,23,5149.0,2173.0,2185.0,2452.0,2435.0,112.839,111.442,1.398,6.489,6.007,True
2018-19,2018,1610612756,PHX,33,16,3990.0,1657.0,1664.0,1862.0,1872.0,112.372,112.5,-0.128,16,357.0,168.0,168.0,176.0,200.0,104.762,119.048,-14.286,16,3633.0,1489.0,1496.0,1686.0,1672.0,113.23,111.765,1.466,-15.751,-14.157,17,4130.0,1773.0,1778.0,1981.0,2016.0,111.732,113.386,-1.654,17,317.0,142.0,152.0,158.0,174.0,111.268,114.474,-3.206,17,3813.0,1631.0,1626.0,1823.0,1842.0,111.772,113.284,-1.512,-1.694,-1.552,True
2018-19,2018,1610612757,POR,40,20,4900.0,2051.0,2048.0,2246.0,2227.0,109.508,108.74,0.767,20,347.0,165.0,163.0,185.0,176.0,112.121,107.975,4.146,20,4553.0,1886.0,1885.0,2061.0,2051.0,109.279,108.806,0.473,3.673,3.378,20,4875.0,2026.0,2034.0,2298.0,2265.0,113.425,111.357,2.069,20,292.0,138.0,137.0,170.0,148.0,123.188,108.029,15.159,20,4583.0,1888.0,1897.0,2128.0,2117.0,112.712,111.597,1.115,14.045,13.091,True
2018-19,2018,1610612758,SAC,49,24,5785.0,2515.0,2516.0,2774.0,2742.0,110.298,108.983,1.316,24,303.0,147.0,142.0,147.0,146.0,100.0,102.817,-2.817,24,5482.0,2368.0,2374.0,2627.0,2596.0,110.938,109.351,1.586,-4.403,-4.133,25,6025.0,2599.0,2586.0,2860.0,2876.0,110.042,111.214,-1.172,25,436.0,197.0,218.0,218.0,240.0,110.66,110.092,0.568,25,5589.0,2402.0,2368.0,2642.0,2636.0,109.992,111.318,-1.326,1.894,1.74,True
2018-19,2018,1610612759,SAS,40,20,4900.0,2022.0,2025.0,2230.0,2222.0,110.287,109.728,0.558,20,382.0,166.0,165.0,195.0,200.0,117.47,121.212,-3.742,20,4518.0,1856.0,1860.0,2035.0,2022.0,109.644,108.71,0.935,-4.677,-4.301,20,4825.0,1985.0,1980.0,2238.0,2202.0,112.746,111.212,1.533,20,348.0,157.0,139.0,172.0,142.0,109.554,102.158,7.396,20,4477.0,1828.0,1841.0,2066.0,2060.0,113.02,111.896,1.124,6.272,5.862,True
2018-19,2018,1610612761,TOR,37,18,4395.0,1802.0,1797.0,1949.0,1926.0,108.158,107.179,0.979,18,358.0,157.0,148.0,177.0,145.0,112.739,97.973,14.766,18,4037.0,1645.0,1649.0,1772.0,1781.0,107.72,108.005,-0.284,15.05,13.787,19,4685.0,1943.0,1944.0,2209.0,2187.0,113.69,112.5,1.19,19,426.0,189.0,183.0,197.0,187.0,104.233,102.186,2.047,19,4259.0,1754.0,1761.0,2012.0,2000.0,114.709,113.572,1.137,0.91,0.857,True
2018-19,2018,1610612762,UTA,33,16,3840.0,1629.0,1626.0,1717.0,1722.0,105.402,105.904,-0.502,16,210.0,97.0,95.0,107.0,100.0,110.309,105.263,5.046,16,3630.0,1532.0,1531.0,1610.0,1622.0,105.091,105.944,-0.852,5.899,5.548,17,4155.0,1750.0,1749.0,1934.0,1917.0,110.514,109.605,0.909,17,286.0,139.0,135.0,159.0,151.0,114.388,111.852,2.537,17,3869.0,1611.0,1614.0,1775.0,1766.0,110.18,109.418,0.762,1.774,1.628,False
2018-19,2018,1610612764,WAS,39,19,4760.0,1997.0,2002.0,2215.0,2250.0,110.916,112.388,-1.471,19,453.0,208.0,216.0,244.0,242.0,117.308,112.037,5.271,19,4307.0,1789.0,1786.0,1971.0,2008.0,110.173,112.43,-2.257,7.527,6.742,20,4850.0,2041.0,2043.0,2311.0,2330.0,113.229,114.048,-0.819,20,356.0,163.0,174.0,157.0,194.0,96.319,111.494,-15.175,20,4494.0,1878.0,1869.0,2154.0,2136.0,114.696,114.286,0.411,-15.586,-14.356,True
2019-20,2019,1610612737,ATL,34,17,4155.0,1781.0,1777.0,1850.0,1897.0,103.874,106.753,-2.879,17,290.0,135.0,142.0,111.0,126.0,82.222,88.732,-6.51,17,3865.0,1646.0,1635.0,1739.0,1771.0,105.65,108.318,-2.668,-3.842,-3.631,17,4205.0,1798.0,1805.0,2039.0,2058.0,113.404,114.017,-0.613,17,293.0,130.0,141.0,147.0,154.0,113.077,109.22,3.857,17,3912.0,1668.0,1664.0,1892.0,1904.0,113.429,114.423,-0.994,4.851,4.47,True
2019-20,2019,1610612751,BKN,40,20,4875.0,2090.0,2087.0,2260.0,2230.0,108.134,106.852,1.282,20,369.0,175.0,161.0,210.0,169.0,120.0,104.969,15.031,20,4506.0,1915.0,1926.0,2050.0,2061.0,107.05,107.009,0.04,14.991,13.749,20,4925.0,2056.0,2065.0,2251.0,2278.0,109.484,110.315,-0.83,20,434.0,191.0,200.0,194.0,218.0,101.571,109.0,-7.429,20,4491.0,1865.0,1865.0,2057.0,2060.0,110.295,110.456,-0.161,-7.268,-6.599,True
2019-20,2019,1610612738,BOS,42,21,5065.0,2104.0,2105.0,2303.0,2290.0,109.458,108.789,0.67,21,294.0,144.0,141.0,165.0,171.0,114.583,121.277,-6.693,21,4771.0,1960.0,1964.0,2138.0,2119.0,109.082,107.892,1.19,-7.883,-7.363,21,5165.0,2139.0,2143.0,2378.0,2343.0,111.173,109.333,1.841,21,365.0,168.0,162.0,193.0,166.0,114.881,102.469,12.412,21,4800.0,1971.0,1981.0,2185.0,2177.0,110.857,109.894,0.963,11.448,10.571,True
2019-20,2019,1610612766,CHA,34,17,4105.0,1676.0,1670.0,1836.0,1835.0,109.547,109.88,-0.334,17,302.0,131.0,129.0,164.0,143.0,125.191,110.853,14.338,17,3803.0,1545.0,1541.0,1672.0,1692.0,108.22,109.799,-1.579,15.917,14.672,17,4205.0,1646.0,1648.0,1818.0,1820.0,110.45,110.437,0.013,17,382.0,164.0,164.0,191.0,181.0,116.463,110.366,6.098,17,3823.0,1482.0,1484.0,1627.0,1639.0,109.784,110.445,-0.661,6.758,6.085,True
2019-20,2019,1610612741,CHI,38,19,4585.0,1918.0,1922.0,1994.0,2044.0,103.962,106.348,-2.385,19,349.0,141.0,152.0,146.0,187.0,103.546,123.026,-19.48,19,4236.0,1777.0,1770.0,1848.0,1857.0,103.995,104.915,-0.92,-18.56,-17.095,19,4610.0,1906.0,1900.0,2085.0,2137.0,109.391,112.474,-3.082,19,204.0,89.0,97.0,99.0,130.0,111.236,134.021,-22.785,19,4406.0,1817.0,1803.0,1986.0,2007.0,109.301,111.314,-2.013,-20.771,-19.702,False
2019-20,2019,1610612739,CLE,29,14,3385.0,1387.0,1392.0,1502.0,1497.0,108.291,107.543,0.748,14,255.0,108.0,104.0,103.0,107.0,95.37,102.885,-7.514,14,3130.0,1279.0,1288.0,1399.0,1390.0,109.382,107.919,1.463,-8.977,-8.262,15,3700.0,1529.0,1527.0,1697.0,1715.0,110.988,112.312,-1.324,15,346.0,150.0,154.0,164.0,177.0,109.333,114.935,-5.602,15,3354.0,1379.0,1373.0,1533.0,1538.0,111.168,112.017,-0.85,-4.752,-4.278,True
2019-20,2019,1610612742,DAL,41,20,4875.0,2005.0,1997.0,2210.0,2223.0,110.224,111.317,-1.093,20,359.0,178.0,159.0,159.0,168.0,89.326,105.66,-16.335,20,4516.0,1827.0,1838.0,2051.0,2055.0,112.261,111.806,0.454,-16.789,-15.242,21,5140.0,2148.0,2153.0,2479.0,2464.0,115.41,114.445,0.965,21,374.0,166.0,173.0,183.0,189.0,110.241,109.249,0.992,21,4766.0,1982.0,1980.0,2296.0,2275.0,115.843,114.899,0.944,0.049,0.028,True
2019-20,2019,1610612743,DEN,45,22,5355.0,2158.0,2157.0,2330.0,2293.0,107.97,106.305,1.665,22,373.0,173.0,166.0,195.0,153.0,112.717,92.169,20.548,22,4982.0,1985.0,1991.0,2135.0,2140.0,107.557,107.484,0.073,20.475,18.883,23,5670.0,2300.0,2299.0,2647.0,2619.0,115.087,113.919,1.168,23,416.0,178.0,181.0,221.0,204.0,124.157,112.707,11.45,23,5254.0,2122.0,2118.0,2426.0,2415.0,114.326,114.023,0.303,11.147,10.282,True
2019-20,2019,1610612765,DET,30,15,3600.0,1486.0,1490.0,1622.0,1632.0,109.152,109.53,-0.378,15,252.0,104.0,111.0,104.0,125.0,100.0,112.613,-12.613,15,3348.0,1382.0,1379.0,1518.0,1507.0,109.841,109.282,0.559,-13.171,-12.234,15,3725.0,1477.0,1473.0,1623.0,1683.0,109.885,114.257,-4.372,15,304.0,130.0,134.0,109.0,158.0,83.846,117.91,-34.064,15,3421.0,1347.0,1339.0,1514.0,1525.0,112.398,113.891,-1.493,-32.571,-29.693,True
2019-20,2019,1610612744,GSW,27,13,3170.0,1316.0,1311.0,1360.0,1406.0,103.343,107.246,-3.903,13,215.0,101.0,105.0,89.0,132.0,88.119,125.714,-37.595,13,2955.0,1215.0,1206.0,1271.0,1274.0,104.609,105.638,-1.029,-36.566,-33.693,14,3435.0,1460.0,1458.0,1581.0,1582.0,108.288,108.505,-0.217,14,240.0,107.0,112.0,125.0,139.0,116.822,124.107,-7.285,14,3195.0,1353.0,1346.0,1456.0,1443.0,107.613,107.207,0.406,-7.691,-7.068,True
2019-20,2019,1610612745,HOU,31,15,3650.0,1604.0,1599.0,1777.0,1758.0,110.786,109.944,0.842,15,241.0,124.0,115.0,149.0,110.0,120.161,95.652,24.509,15,3409.0,1480.0,1484.0,1628.0,1648.0,110.0,111.051,-1.051,25.56,23.667,16,3890.0,1689.0,1686.0,1896.0,1854.0,112.256,109.964,2.291,16,257.0,124.0,117.0,138.0,115.0,111.29,98.291,13.0,16,3633.0,1565.0,1569.0,1758.0,1739.0,112.332,110.835,1.497,11.502,10.708,True
2019-20,2019,1610612754,IND,36,18,4395.0,1790.0,1791.0,1981.0,1964.0,110.67,109.659,1.011,18,424.0,183.0,178.0,182.0,170.0,99.454,95.506,3.948,18,3971.0,1607.0,1613.0,1799.0,1794.0,111.948,111.221,0.726,3.222,2.937,18,4345.0,1793.0,1792.0,1993.0,1951.0,111.154,108.873,2.282,18,268.0,118.0,105.0,140.0,105.0,118.644,100.0,18.644,18,4077.0,1675.0,1687.0,1853.0,1846.0,110.627,109.425,1.202,17.442,16.362,True
2019-20,2019,1610612746,LAC,31,15,3625.0,1561.0,1558.0,1656.0,1639.0,106.086,105.199,0.887,15,257.0,115.0,125.0,141.0,156.0,122.609,124.8,-2.191,15,3368.0,1446.0,1433.0,1515.0,1483.0,104.772,103.489,1.283,-3.474,-3.078,16,3915.0,1661.0,1667.0,1847.0,1842.0,111.198,110.498,0.7,16,323.0,154.0,141.0,171.0,132.0,111.039,93.617,17.422,16,3592.0,1507.0,1526.0,1676.0,1710.0,111.214,112.058,-0.843,18.265,16.722,True
2019-20,2019,1610612747,LAL,30,15,3625.0,1505.0,1502.0,1634.0,1588.0,108.571,105.726,2.846,15,265.0,126.0,115.0,130.0,102.0,103.175,88.696,14.479,15,3360.0,1379.0,1387.0,1504.0,1486.0,109.065,107.138,1.927,12.552,11.633,15,3625.0,1544.0,1540.0,1690.0,1698.0,109.456,110.26,-0.804,15,272.0,117.0,118.0,131.0,135.0,111.966,114.407,-2.441,15,3353.0,1427.0,1422.0,1559.0,1563.0,109.25,109.916,-0.665,-1.776,-1.637,True
2019-20,2019,1610612763,MEM,30,15,3625.0,1555.0,1552.0,1699.0,1716.0,109.26,110.567,-1.307,15,270.0,125.0,121.0,118.0,141.0,94.4,116.529,-22.129,15,3355.0,1430.0,1431.0,1581.0,1575.0,110.559,110.063,0.497,-22.625,-20.822,15,3625.0,1587.0,1582.0,1709.0,1723.0,107.687,108.913,-1.225,15,187.0,93.0,96.0,100.0,111.0,107.527,115.625,-8.098,15,3438.0,1494.0,1486.0,1609.0,1612.0,107.697,108.479,-0.782,-7.316,-6.873,False
2019-20,2019,1610612748,MIA,36,18,4470.0,1832.0,1827.0,2057.0,2020.0,112.282,110.564,1.718,18,370.0,172.0,160.0,176.0,175.0,102.326,109.375,-7.049,18,4100.0,1660.0,1667.0,1881.0,1845.0,113.313,110.678,2.635,-9.685,-8.767,18,4395.0,1824.0,1824.0,2040.0,2083.0,111.842,114.2,-2.357,18,321.0,143.0,145.0,133.0,176.0,93.007,121.379,-28.372,18,4074.0,1681.0,1679.0,1907.0,1907.0,113.444,113.58,-0.135,-28.237,-26.015,True
2019-20,2019,1610612749,MIL,24,12,2905.0,1284.0,1288.0,1415.0,1359.0,110.202,105.512,4.69,12,145.0,88.0,78.0,97.0,65.0,110.227,83.333,26.894,12,2760.0,1196.0,1210.0,1318.0,1294.0,110.201,106.942,3.259,23.635,22.204,12,2930.0,1276.0,1272.0,1390.0,1360.0,108.934,106.918,2.016,12,186.0,90.0,83.0,99.0,83.0,110.0,100.0,10.0,12,2744.0,1186.0,1189.0,1291.0,1277.0,108.853,107.401,1.452,8.548,7.984,False
2019-20,2019,1610612750,MIN,33,16,3990.0,1697.0,1696.0,1765.0,1782.0,104.007,105.071,-1.064,16,306.0,119.0,138.0,127.0,150.0,106.723,108.696,-1.973,16,3684.0,1578.0,1558.0,1638.0,1632.0,103.802,104.75,-0.947,-1.026,-0.909,17,4130.0,1772.0,1774.0,1955.0,2011.0,110.327,113.36,-3.032,17,210.0,95.0,103.0,99.0,131.0,104.211,127.184,-22.974,17,3920.0,1677.0,1671.0,1856.0,1880.0,110.674,112.507,-1.834,-21.14,-19.942,False
2019-20,2019,1610612740,NOP,41,20,4875.0,2103.0,2098.0,2283.0,2334.0,108.559,111.249,-2.69,20,317.0,149.0,156.0,129.0,193.0,86.577,123.718,-37.141,20,4558.0,1954.0,1942.0,2154.0,2141.0,110.235,110.247,-0.012,-37.129,-34.451,21,5115.0,2218.0,2226.0,2485.0,2511.0,112.038,112.803,-0.765,21,333.0,139.0,147.0,140.0,170.0,100.719,115.646,-14.927,21,4782.0,2079.0,2079.0,2345.0,2341.0,112.795,112.602,0.192,-15.119,-14.161,True
2019-20,2019,1610612752,NYK,34,17,4105.0,1662.0,1665.0,1774.0,1803.0,106.739,108.288,-1.549,17,317.0,138.0,140.0,140.0,146.0,101.449,104.286,-2.836,17,3788.0,1524.0,1525.0,1634.0,1657.0,107.218,108.656,-1.438,-1.399,-1.287,17,4180.0,1704.0,1700.0,1916.0,1932.0,112.441,113.647,-1.206,17,310.0,132.0,144.0,147.0,145.0,111.364,100.694,10.669,17,3870.0,1572.0,1556.0,1769.0,1787.0,112.532,114.846,-2.314,12.983,11.875,True
2019-20,2019,1610612760,OKC,45,22,5330.0,2211.0,2213.0,2399.0,2362.0,108.503,106.733,1.77,22,397.0,177.0,175.0,224.0,180.0,126.554,102.857,23.697,22,4933.0,2034.0,2038.0,2175.0,2182.0,106.932,107.066,-0.134,23.83,21.927,23,5620.0,2301.0,2302.0,2569.0,2507.0,111.647,108.905,2.742,23,481.0,221.0,220.0,257.0,193.0,116.29,87.727,28.562,23,5139.0,2080.0,2082.0,2312.0,2314.0,111.154,111.143,0.011,28.552,25.821,True
2019-20,2019,1610612753,ORL,34,17,4080.0,1659.0,1657.0,1698.0,1725.0,102.351,104.104,-1.753,17,253.0,119.0,115.0,116.0,120.0,97.479,104.348,-6.869,17,3827.0,1540.0,1542.0,1582.0,1605.0,102.727,104.086,-1.358,-5.511,-5.116,17,4130.0,1704.0,1703.0,1902.0,1940.0,111.62,113.917,-2.297,17,308.0,135.0,143.0,127.0,150.0,94.074,104.895,-10.821,17,3822.0,1569.0,1560.0,1775.0,1790.0,113.129,114.744,-1.614,-9.207,-8.524,True
2019-20,2019,1610612755,PHI,43,21,5065.0,2102.0,2100.0,2266.0,2238.0,107.802,106.571,1.231,21,276.0,142.0,138.0,156.0,129.0,109.859,93.478,16.381,21,4789.0,1960.0,1962.0,2110.0,2109.0,107.653,107.492,0.161,16.22,15.15,22,5330.0,2207.0,2205.0,2491.0,2456.0,112.868,111.383,1.485,22,327.0,138.0,141.0,149.0,160.0,107.971,113.475,-5.504,22,5003.0,2069.0,2064.0,2342.0,2296.0,113.195,111.24,1.954,-7.459,-6.989,True
2019-20,2019,1610612756,PHX,37,18,4395.0,1878.0,1884.0,2035.0,2060.0,108.36,109.342,-0.982,18,352.0,167.0,173.0,173.0,192.0,103.593,110.983,-7.39,18,4043.0,1711.0,1711.0,1862.0,1868.0,108.825,109.176,-0.351,-7.039,-6.408,19,4560.0,1910.0,1918.0,2113.0,2117.0,110.628,110.375,0.253,19,249.0,134.0,124.0,159.0,137.0,118.657,110.484,8.173,19,4311.0,1776.0,1794.0,1954.0,1980.0,110.023,110.368,-0.345,8.518,7.92,True
2019-20,2019,1610612757,POR,36,18,4345.0,1848.0,1847.0,2005.0,2022.0,108.496,109.475,-0.979,18,289.0,136.0,135.0,150.0,169.0,110.294,125.185,-14.891,18,4056.0,1712.0,1712.0,1855.0,1853.0,108.353,108.236,0.117,-15.008,-13.912,18,4370.0,1826.0,1823.0,2153.0,2114.0,117.908,115.963,1.945,18,325.0,149.0,151.0,184.0,149.0,123.49,98.675,24.814,18,4045.0,1677.0,1672.0,1969.0,1965.0,117.412,117.524,-0.112,24.926,22.869,True
2019-20,2019,1610612758,SAC,39,19,4660.0,1871.0,1877.0,1999.0,2004.0,106.841,106.766,0.075,19,353.0,148.0,152.0,145.0,160.0,97.973,105.263,-7.29,19,4307.0,1723.0,1725.0,1854.0,1844.0,107.603,106.899,0.704,-7.995,-7.365,20,4875.0,2055.0,2053.0,2323.0,2306.0,113.041,112.323,0.718,20,292.0,142.0,141.0,177.0,173.0,124.648,122.695,1.953,20,4583.0,1913.0,1912.0,2146.0,2133.0,112.18,111.559,0.621,1.332,1.235,True
2019-20,2019,1610612759,SAS,45,22,5430.0,2271.0,2284.0,2425.0,2480.0,106.781,108.581,-1.8,22,414.0,189.0,203.0,196.0,234.0,103.704,115.271,-11.567,22,5016.0,2082.0,2081.0,2229.0,2246.0,107.061,107.929,-0.868,-10.699,-9.767,23,5545.0,2325.0,2324.0,2658.0,2664.0,114.323,114.63,-0.307,23,377.0,175.0,165.0,187.0,178.0,106.857,107.879,-1.022,23,5168.0,2150.0,2159.0,2471.0,2486.0,114.93,115.146,-0.216,-0.806,-0.714,True
2019-20,2019,1610612761,TOR,37,18,4395.0,1844.0,1841.0,1942.0,1955.0,105.315,106.192,-0.878,18,297.0,138.0,135.0,148.0,129.0,107.246,95.556,11.691,18,4098.0,1706.0,1706.0,1794.0,1826.0,105.158,107.034,-1.876,13.567,12.569,19,4585.0,1921.0,1922.0,2173.0,2098.0,113.118,109.157,3.961,19,301.0,143.0,137.0,184.0,136.0,128.671,99.27,29.401,19,4284.0,1778.0,1785.0,1989.0,1962.0,111.867,109.916,1.951,27.45,25.44,True
2019-20,2019,1610612762,UTA,41,20,4800.0,2011.0,2014.0,2165.0,2117.0,107.658,105.114,2.544,20,297.0,148.0,142.0,179.0,129.0,120.946,90.845,30.101,20,4503.0,1863.0,1872.0,1986.0,1988.0,106.602,106.197,0.406,29.695,27.557,21,5115.0,2096.0,2091.0,2415.0,2375.0,115.219,113.582,1.637,21,363.0,173.0,161.0,183.0,175.0,105.78,108.696,-2.915,21,4752.0,1923.0,1930.0,2232.0,2200.0,116.069,113.99,2.079,-4.994,-4.553,True
2019-20,2019,1610612764,WAS,35,17,4105.0,1759.0,1766.0,2016.0,2015.0,114.611,114.1,0.511,17,201.0,91.0,97.0,101.0,128.0,110.989,131.959,-20.97,17,3904.0,1668.0,1669.0,1915.0,1887.0,114.808,113.062,1.746,-22.716,-21.481,18,4370.0,1869.0,1867.0,2018.0,2063.0,107.972,110.498,-2.526,18,273.0,116.0,127.0,115.0,140.0,99.138,110.236,-11.098,18,4097.0,1753.0,1740.0,1903.0,1923.0,108.557,110.517,-1.96,-9.138,-8.572,False
2020-21,2020,1610612737,ATL,36,18,4370.0,1812.0,1805.0,2071.0,2088.0,114.294,115.679,-1.385,18,267.0,124.0,127.0,131.0,156.0,105.645,122.835,-17.189,18,4103.0,1688.0,1678.0,1940.0,1932.0,114.929,115.137,-0.208,-16.981,-15.804,18,4395.0,1819.0,1820.0,2084.0,2064.0,114.568,113.407,1.162,18,318.0,138.0,141.0,167.0,147.0,121.014,104.255,16.759,18,4077.0,1681.0,1679.0,1917.0,1917.0,114.039,114.175,-0.136,16.895,15.597,True
2020-21,2020,1610612751,BKN,39,19,4660.0,1966.0,1962.0,2324.0,2290.0,118.21,116.718,1.492,19,382.0,176.0,182.0,208.0,209.0,118.182,114.835,3.347,19,4278.0,1790.0,1780.0,2116.0,2081.0,118.212,116.91,1.302,2.044,1.855,20,4825.0,1998.0,1998.0,2310.0,2252.0,115.616,112.713,2.903,20,280.0,141.0,129.0,151.0,113.0,107.092,87.597,19.495,20,4545.0,1857.0,1869.0,2159.0,2139.0,116.263,114.446,1.817,17.679,16.592,True
2020-21,2020,1610612738,BOS,43,21,5065.0,2064.0,2062.0,2299.0,2345.0,111.386,113.725,-2.339,21,337.0,157.0,162.0,163.0,180.0,103.822,111.111,-7.289,21,4728.0,1907.0,1900.0,2136.0,2165.0,112.008,113.947,-1.939,-5.35,-4.951,22,5355.0,2218.0,2206.0,2517.0,2562.0,113.481,116.138,-2.657,22,352.0,169.0,177.0,168.0,201.0,99.408,113.559,-14.151,22,5003.0,2049.0,2029.0,2349.0,2361.0,114.641,116.363,-1.721,-12.43,-11.494,True
2020-21,2020,1610612766,CHA,31,15,3625.0,1517.0,1520.0,1695.0,1662.0,111.734,109.342,2.392,15,190.0,94.0,82.0,130.0,77.0,138.298,93.902,44.395,15,3435.0,1423.0,1438.0,1565.0,1585.0,109.979,110.223,-0.244,44.639,42.004,16,3890.0,1564.0,1558.0,1724.0,1734.0,110.23,111.297,-1.066,16,287.0,127.0,125.0,140.0,135.0,110.236,108.0,2.236,16,3603.0,1437.0,1433.0,1584.0,1599.0,110.23,111.584,-1.354,3.591,3.303,False
2020-21,2020,1610612741,CHI,35,17,4130.0,1751.0,1746.0,1991.0,1983.0,113.706,113.574,0.133,17,348.0,169.0,166.0,195.0,182.0,115.385,109.639,5.746,17,3782.0,1582.0,1580.0,1796.0,1801.0,113.527,113.987,-0.46,6.206,5.613,18,4370.0,1787.0,1778.0,1986.0,2019.0,111.136,113.555,-2.419,18,217.0,112.0,111.0,106.0,137.0,94.643,123.423,-28.781,18,4153.0,1675.0,1667.0,1880.0,1882.0,112.239,112.897,-0.659,-28.122,-26.362,True
2020-21,2020,1610612739,CLE,26,13,3245.0,1322.0,1321.0,1432.0,1414.0,108.321,107.04,1.281,13,291.0,131.0,129.0,137.0,116.0,104.58,89.922,14.658,13,2954.0,1191.0,1192.0,1295.0,1298.0,108.732,108.893,-0.16,14.818,13.377,13,3145.0,1277.0,1284.0,1398.0,1457.0,109.475,113.474,-3.998,13,198.0,85.0,90.0,77.0,117.0,90.588,130.0,-39.412,13,2947.0,1192.0,1194.0,1321.0,1340.0,110.822,112.228,-1.406,-38.006,-35.414,False
2020-21,2020,1610612742,DAL,33,16,3865.0,1602.0,1603.0,1865.0,1850.0,116.417,115.409,1.008,16,257.0,113.0,114.0,130.0,133.0,115.044,116.667,-1.622,16,3608.0,1489.0,1489.0,1735.0,1717.0,116.521,115.312,1.209,-2.831,-2.631,17,4080.0,1644.0,1646.0,1877.0,1880.0,114.173,114.216,-0.044,17,215.0,95.0,95.0,112.0,122.0,117.895,128.421,-10.526,17,3865.0,1549.0,1551.0,1765.0,1758.0,113.944,113.346,0.598,-11.125,-10.483,False
2020-21,2020,1610612743,DEN,31,15,3725.0,1514.0,1515.0,1728.0,1739.0,114.135,114.785,-0.651,15,346.0,155.0,152.0,168.0,165.0,108.387,108.553,-0.166,15,3379.0,1359.0,1363.0,1560.0,1574.0,114.79,115.481,-0.69,0.525,0.485,16,3915.0,1583.0,1584.0,1828.0,1799.0,115.477,113.573,1.904,16,312.0,143.0,138.0,173.0,151.0,120.979,109.42,11.559,16,3603.0,1440.0,1446.0,1655.0,1648.0,114.931,113.97,0.961,10.598,9.655,True
2020-21,2020,1610612765,DET,32,16,3990.0,1642.0,1648.0,1736.0,1811.0,105.725,109.891,-4.166,16,329.0,145.0,150.0,145.0,173.0,100.0,115.333,-15.333,16,3661.0,1497.0,1498.0,1591.0,1638.0,106.279,109.346,-3.067,-12.267,-11.167,16,3840.0,1575.0,1567.0,1714.0,1753.0,108.825,111.87,-3.044,16,236.0,115.0,113.0,118.0,147.0,102.609,130.088,-27.48,16,3604.0,1460.0,1454.0,1596.0,1606.0,109.315,110.454,-1.139,-26.341,-24.435,True
2020-21,2020,1610612744,GSW,32,16,3865.0,1641.0,1638.0,1792.0,1775.0,109.202,108.364,0.838,16,259.0,118.0,116.0,134.0,135.0,113.559,116.379,-2.82,16,3606.0,1523.0,1522.0,1658.0,1640.0,108.864,107.753,1.111,-3.931,-3.658,16,3840.0,1623.0,1625.0,1795.0,1810.0,110.598,111.385,-0.787,16,262.0,120.0,127.0,134.0,155.0,111.667,122.047,-10.381,16,3578.0,1503.0,1498.0,1661.0,1655.0,110.512,110.481,0.032,-10.412,-9.594,True
2020-21,2020,1610612745,HOU,24,12,2905.0,1233.0,1242.0,1298.0,1336.0,105.272,107.568,-2.297,12,198.0,87.0,101.0,93.0,114.0,106.897,112.871,-5.975,12,2707.0,1146.0,1141.0,1205.0,1222.0,105.148,107.099,-1.951,-4.024,-3.678,12,2880.0,1224.0,1223.0,1368.0,1402.0,111.765,114.636,-2.871,12,172.0,82.0,85.0,71.0,96.0,86.585,112.941,-26.356,12,2708.0,1142.0,1138.0,1297.0,1306.0,113.573,114.763,-1.19,-25.166,-23.484,False
2020-21,2020,1610612754,IND,40,20,4900.0,2048.0,2043.0,2250.0,2257.0,109.863,110.475,-0.612,20,423.0,189.0,198.0,187.0,225.0,98.942,113.636,-14.695,20,4477.0,1859.0,1845.0,2063.0,2032.0,110.974,110.136,0.838,-15.533,-14.083,20,4875.0,2077.0,2083.0,2347.0,2332.0,113.0,111.954,1.046,20,341.0,159.0,151.0,165.0,134.0,103.774,88.742,15.032,20,4534.0,1918.0,1932.0,2182.0,2198.0,113.764,113.768,-0.004,15.036,13.986,True
2020-21,2020,1610612746,LAC,34,17,4080.0,1648.0,1648.0,1893.0,1911.0,114.867,115.959,-1.092,17,193.0,94.0,94.0,98.0,118.0,104.255,125.532,-21.277,17,3887.0,1554.0,1554.0,1795.0,1793.0,115.508,115.38,0.129,-21.405,-20.184,17,4080.0,1617.0,1614.0,1828.0,1808.0,113.049,112.02,1.029,17,207.0,91.0,100.0,106.0,110.0,116.484,110.0,6.484,17,3873.0,1526.0,1514.0,1722.0,1698.0,112.844,112.153,0.691,5.793,5.454,False
2020-21,2020,1610612747,LAL,35,17,4205.0,1717.0,1720.0,1883.0,1830.0,109.668,106.395,3.273,17,358.0,160.0,145.0,191.0,145.0,119.375,100.0,19.375,17,3847.0,1557.0,1575.0,1692.0,1685.0,108.671,106.984,1.686,17.689,16.102,18,4370.0,1770.0,1773.0,1925.0,1930.0,108.757,108.855,-0.098,18,269.0,115.0,119.0,113.0,118.0,98.261,99.16,-0.899,18,4101.0,1655.0,1654.0,1812.0,1812.0,109.486,109.553,-0.066,-0.833,-0.801,True
2020-21,2020,1610612763,MEM,37,18,4370.0,1809.0,1813.0,1933.0,1925.0,106.855,106.178,0.677,18,340.0,154.0,155.0,149.0,152.0,96.753,98.065,-1.311,18,4030.0,1655.0,1658.0,1784.0,1773.0,107.795,106.936,0.858,-2.17,-1.988,19,4635.0,1932.0,1939.0,2186.0,2201.0,113.147,113.512,-0.365,19,312.0,150.0,147.0,160.0,183.0,106.667,124.49,-17.823,19,4323.0,1782.0,1792.0,2026.0,2018.0,113.692,112.612,1.081,-18.904,-17.458,True
2020-21,2020,1610612748,MIA,34,17,4155.0,1711.0,1707.0,1861.0,1891.0,108.767,110.779,-2.012,17,300.0,134.0,132.0,128.0,153.0,95.522,115.909,-20.387,17,3855.0,1577.0,1575.0,1733.0,1738.0,109.892,110.349,-0.457,-19.93,-18.374,17,4105.0,1643.0,1642.0,1829.0,1788.0,111.321,108.892,2.429,17,243.0,112.0,107.0,106.0,91.0,94.643,85.047,9.596,17,3862.0,1531.0,1535.0,1723.0,1697.0,112.541,110.554,1.987,7.609,7.167,True
2020-21,2020,1610612749,MIL,28,14,3360.0,1429.0,1439.0,1634.0,1652.0,114.346,114.802,-0.456,14,237.0,103.0,108.0,118.0,103.0,114.563,95.37,19.193,14,3123.0,1326.0,1331.0,1516.0,1549.0,114.329,116.379,-2.05,21.243,19.649,14,3410.0,1460.0,1465.0,1646.0,1662.0,112.74,113.447,-0.707,14,233.0,110.0,109.0,110.0,126.0,100.0,115.596,-15.596,14,3177.0,1350.0,1356.0,1536.0,1536.0,113.778,113.274,0.503,-16.1,-14.889,True
2020-21,2020,1610612750,MIN,39,19,4635.0,1926.0,1939.0,2086.0,2110.0,108.307,108.819,-0.512,19,339.0,157.0,169.0,155.0,194.0,98.726,114.793,-16.067,19,4296.0,1769.0,1770.0,1931.0,1916.0,109.158,108.249,0.909,-16.976,-15.555,20,4850.0,2057.0,2050.0,2392.0,2360.0,116.286,115.122,1.164,20,296.0,141.0,145.0,159.0,174.0,112.766,120.0,-7.234,20,4554.0,1916.0,1905.0,2233.0,2186.0,116.545,114.751,1.794,-9.028,-8.398,True
2020-21,2020,1610612740,NOP,39,19,4610.0,1905.0,1902.0,2213.0,2225.0,116.168,116.982,-0.814,19,330.0,155.0,153.0,157.0,163.0,101.29,106.536,-5.246,19,4280.0,1750.0,1749.0,2056.0,2062.0,117.486,117.896,-0.41,-4.835,-4.431,20,4900.0,2075.0,2079.0,2281.0,2278.0,109.928,109.572,0.356,20,408.0,189.0,188.0,218.0,183.0,115.344,97.34,18.003,20,4492.0,1886.0,1891.0,2063.0,2095.0,109.385,110.788,-1.403,19.406,17.648,True
2020-21,2020,1610612752,NYK,36,18,4320.0,1733.0,1734.0,1899.0,1903.0,109.579,109.746,-0.167,18,317.0,144.0,145.0,149.0,135.0,103.472,93.103,10.369,18,4003.0,1589.0,1589.0,1750.0,1768.0,110.132,111.265,-1.133,11.502,10.536,18,4470.0,1780.0,1782.0,1957.0,1895.0,109.944,106.341,3.603,18,433.0,188.0,185.0,204.0,178.0,108.511,96.216,12.294,18,4037.0,1592.0,1597.0,1753.0,1717.0,110.113,107.514,2.599,9.695,8.692,True
2020-21,2020,1610612760,OKC,29,14,3435.0,1451.0,1443.0,1550.0,1545.0,106.823,107.069,-0.246,14,288.0,130.0,127.0,133.0,128.0,102.308,100.787,1.52,14,3147.0,1321.0,1316.0,1417.0,1417.0,107.267,107.675,-0.408,1.928,1.766,15,3600.0,1535.0,1530.0,1672.0,1677.0,108.925,109.608,-0.683,15,196.0,90.0,95.0,93.0,98.0,103.333,103.158,0.175,15,3404.0,1445.0,1435.0,1579.0,1579.0,109.273,110.035,-0.761,0.937,0.858,False
2020-21,2020,1610612753,ORL,29,14,3385.0,1421.0,1417.0,1568.0,1579.0,110.345,111.433,-1.088,14,204.0,97.0,99.0,111.0,101.0,114.433,102.02,12.413,14,3181.0,1324.0,1318.0,1457.0,1478.0,110.045,112.14,-2.094,14.507,13.501,15,3625.0,1482.0,1486.0,1589.0,1617.0,107.22,108.816,-1.596,15,229.0,104.0,111.0,103.0,121.0,99.038,109.009,-9.971,15,3396.0,1378.0,1375.0,1486.0,1496.0,107.837,108.8,-0.963,-9.008,-8.375,False
2020-21,2020,1610612755,PHI,34,17,4105.0,1747.0,1743.0,1981.0,1923.0,113.394,110.327,3.067,17,259.0,120.0,114.0,149.0,100.0,124.167,87.719,36.447,17,3846.0,1627.0,1629.0,1832.0,1823.0,112.6,111.909,0.691,35.757,33.38,17,4205.0,1722.0,1720.0,1853.0,1812.0,107.607,105.349,2.259,17,365.0,160.0,160.0,166.0,167.0,103.75,104.375,-0.625,17,3840.0,1562.0,1560.0,1687.0,1645.0,108.003,105.449,2.554,-3.179,-2.884,True
2020-21,2020,1610612756,PHX,37,18,4420.0,1802.0,1801.0,1990.0,1984.0,110.433,110.161,0.272,18,393.0,172.0,172.0,182.0,191.0,105.814,111.047,-5.233,18,4027.0,1630.0,1629.0,1808.0,1793.0,110.92,110.068,0.853,-6.085,-5.504,19,4660.0,1884.0,1881.0,2236.0,2161.0,118.684,114.886,3.798,19,325.0,158.0,143.0,182.0,149.0,115.19,104.196,10.994,19,4335.0,1726.0,1738.0,2054.0,2012.0,119.003,115.765,3.238,7.756,7.196,True
2020-21,2020,1610612757,POR,37,18,4345.0,1769.0,1767.0,2106.0,2067.0,119.05,116.978,2.072,18,316.0,145.0,134.0,182.0,148.0,125.517,110.448,15.069,18,4029.0,1624.0,1633.0,1924.0,1919.0,118.473,117.514,0.959,14.11,12.997,19,4560.0,1865.0,1865.0,2214.0,2179.0,118.713,116.836,1.877,19,322.0,162.0,152.0,210.0,134.0,129.63,88.158,41.472,19,4238.0,1703.0,1713.0,2004.0,2045.0,117.675,119.381,-1.707,43.178,39.595,True
2020-21,2020,1610612758,SAC,42,21,5065.0,2117.0,2119.0,2479.0,2457.0,117.1,115.951,1.149,21,358.0,171.0,167.0,196.0,190.0,114.62,113.772,0.847,21,4707.0,1946.0,1952.0,2283.0,2267.0,117.318,116.137,1.18,-0.333,-0.301,21,5040.0,2105.0,2101.0,2361.0,2400.0,112.162,114.231,-2.07,21,326.0,158.0,156.0,159.0,181.0,100.633,116.026,-15.393,21,4714.0,1947.0,1945.0,2202.0,2219.0,113.097,114.087,-0.99,-14.402,-13.323,True
2020-21,2020,1610612759,SAS,37,18,4370.0,1818.0,1819.0,1951.0,1943.0,107.316,106.817,0.499,18,336.0,158.0,155.0,155.0,161.0,98.101,103.871,-5.77,18,4034.0,1660.0,1664.0,1796.0,1782.0,108.193,107.091,1.101,-6.871,-6.269,19,4710.0,1919.0,1922.0,2176.0,2209.0,113.392,114.932,-1.54,19,431.0,182.0,192.0,202.0,217.0,110.989,113.021,-2.032,19,4279.0,1737.0,1730.0,1974.0,1992.0,113.644,115.145,-1.5,-0.532,-0.492,True
2020-21,2020,1610612761,TOR,38,19,4560.0,1895.0,1897.0,2105.0,2137.0,111.082,112.652,-1.57,19,260.0,119.0,124.0,125.0,140.0,105.042,112.903,-7.861,19,4300.0,1776.0,1773.0,1980.0,1997.0,111.486,112.634,-1.147,-6.714,-6.291,19,4585.0,1902.0,1906.0,2079.0,2136.0,109.306,112.067,-2.761,19,274.0,131.0,139.0,127.0,158.0,96.947,113.669,-16.722,19,4311.0,1771.0,1767.0,1952.0,1978.0,110.22,111.941,-1.721,-15.002,-13.961,True
2020-21,2020,1610612762,UTA,30,15,3625.0,1488.0,1488.0,1678.0,1665.0,112.769,111.895,0.874,15,161.0,76.0,68.0,90.0,87.0,118.421,127.941,-9.52,15,3464.0,1412.0,1420.0,1588.0,1578.0,112.465,111.127,1.338,-10.858,-10.394,15,3650.0,1507.0,1506.0,1718.0,1687.0,114.001,112.019,1.983,15,247.0,116.0,111.0,137.0,110.0,118.103,99.099,19.004,15,3403.0,1391.0,1395.0,1581.0,1577.0,113.659,113.047,0.613,18.392,17.022,False
2020-21,2020,1610612764,WAS,39,19,4585.0,2006.0,2012.0,2273.0,2308.0,113.31,114.712,-1.402,19,333.0,162.0,171.0,169.0,198.0,104.321,115.789,-11.468,19,4252.0,1844.0,1841.0,2104.0,2110.0,114.1,114.612,-0.512,-10.957,-10.067,20,4900.0,2129.0,2131.0,2392.0,2377.0,112.353,111.544,0.809,20,459.0,219.0,219.0,252.0,222.0,115.068,101.37,13.699,20,4441.0,1910.0,1912.0,2140.0,2155.0,112.042,112.709,-0.667,14.366,12.889,True
2021-22,2021,1610612737,ATL,38,19,4560.0,1861.0,1864.0,2152.0,2168.0,115.637,116.309,-0.672,19,307.0,136.0,137.0,139.0,165.0,102.206,120.438,-18.232,19,4253.0,1725.0,1727.0,2013.0,2003.0,116.696,115.981,0.714,-18.946,-17.56,19,4585.0,1871.0,1869.0,2172.0,2184.0,116.088,116.854,-0.766,19,291.0,121.0,121.0,145.0,143.0,119.835,118.182,1.653,19,4294.0,1750.0,1748.0,2027.0,2041.0,115.829,116.762,-0.933,2.586,2.419,True
2021-22,2021,1610612751,BKN,40,20,4850.0,2011.0,2015.0,2232.0,2189.0,110.99,108.635,2.354,20,383.0,166.0,162.0,191.0,154.0,115.06,95.062,19.999,20,4467.0,1845.0,1853.0,2041.0,2035.0,110.623,109.822,0.801,19.197,17.644,20,4825.0,1980.0,1986.0,2286.0,2310.0,115.455,116.314,-0.86,20,362.0,160.0,166.0,176.0,184.0,110.0,110.843,-0.843,20,4463.0,1820.0,1820.0,2110.0,2126.0,115.934,116.813,-0.879,0.036,0.016,True
2021-22,2021,1610612738,BOS,35,17,4230.0,1732.0,1724.0,1872.0,1894.0,108.083,109.861,-1.778,17,381.0,168.0,165.0,175.0,183.0,104.167,110.909,-6.742,17,3849.0,1564.0,1559.0,1697.0,1711.0,108.504,109.75,-1.246,-5.496,-4.965,18,4395.0,1779.0,1784.0,1945.0,1960.0,109.331,109.865,-0.534,18,369.0,172.0,173.0,154.0,176.0,89.535,101.734,-12.199,18,4026.0,1607.0,1611.0,1791.0,1784.0,111.45,110.739,0.711,-12.91,-11.665,True
2021-22,2021,1610612766,CHA,37,18,4420.0,1863.0,1872.0,2110.0,2138.0,113.258,114.209,-0.951,18,358.0,167.0,163.0,162.0,168.0,97.006,103.067,-6.061,18,4062.0,1696.0,1709.0,1948.0,1970.0,114.858,115.272,-0.414,-5.648,-5.11,19,4660.0,1932.0,1934.0,2170.0,2126.0,112.319,109.928,2.391,19,390.0,166.0,165.0,203.0,198.0,122.289,120.0,2.289,19,4270.0,1766.0,1769.0,1967.0,1928.0,111.382,108.988,2.394,-0.104,-0.102,True
2021-22,2021,1610612741,CHI,41,20,4800.0,1970.0,1973.0,2197.0,2151.0,111.523,109.022,2.501,20,297.0,151.0,143.0,184.0,146.0,121.854,102.098,19.756,20,4503.0,1819.0,1830.0,2013.0,2005.0,110.665,109.563,1.102,18.654,17.255,21,5090.0,2112.0,2103.0,2413.0,2397.0,114.252,113.98,0.272,21,327.0,144.0,143.0,173.0,154.0,120.139,107.692,12.447,21,4763.0,1968.0,1960.0,2240.0,2243.0,113.821,114.439,-0.618,13.064,12.175,True
2021-22,2021,1610612739,CLE,44,22,5280.0,2126.0,2130.0,2331.0,2347.0,109.643,110.188,-0.545,22,355.0,159.0,159.0,166.0,176.0,104.403,110.692,-6.289,22,4925.0,1967.0,1971.0,2165.0,2171.0,110.066,110.147,-0.081,-6.208,-5.744,22,5330.0,2129.0,2122.0,2396.0,2417.0,112.541,113.902,-1.361,22,361.0,160.0,157.0,185.0,154.0,115.625,98.089,17.536,22,4969.0,1969.0,1965.0,2211.0,2263.0,112.291,115.165,-2.875,20.411,18.897,True
2021-22,2021,1610612742,DAL,38,19,4610.0,1829.0,1829.0,1946.0,1965.0,106.397,107.436,-1.039,19,297.0,124.0,119.0,121.0,154.0,97.581,129.412,-31.831,19,4313.0,1705.0,1710.0,1825.0,1811.0,107.038,105.906,1.132,-32.963,-30.792,19,4585.0,1800.0,1804.0,2073.0,2018.0,115.167,111.863,3.304,19,292.0,117.0,111.0,143.0,115.0,122.222,103.604,18.619,19,4293.0,1683.0,1693.0,1930.0,1903.0,114.676,112.404,2.272,16.346,15.314,True
2021-22,2021,1610612743,DEN,40,20,4850.0,1964.0,1961.0,2120.0,2116.0,107.943,107.904,0.039,20,365.0,158.0,157.0,178.0,156.0,112.658,99.363,13.295,20,4485.0,1806.0,1804.0,1942.0,1960.0,107.53,108.647,-1.117,14.412,13.256,20,4875.0,2009.0,2012.0,2354.0,2358.0,117.173,117.197,-0.024,20,361.0,159.0,159.0,161.0,170.0,101.258,106.918,-5.66,20,4514.0,1850.0,1853.0,2193.0,2188.0,118.541,118.079,0.462,-6.122,-5.636,True
2021-22,2021,1610612765,DET,44,22,5330.0,2178.0,2177.0,2359.0,2385.0,108.31,109.554,-1.244,22,305.0,128.0,132.0,129.0,144.0,100.781,109.091,-8.31,22,5025.0,2050.0,2045.0,2230.0,2241.0,108.78,109.584,-0.804,-7.506,-7.066,22,5330.0,2162.0,2164.0,2410.0,2452.0,111.471,113.309,-1.838,22,353.0,145.0,170.0,128.0,189.0,88.276,111.176,-22.901,22,4977.0,2017.0,1994.0,2282.0,2263.0,113.138,113.49,-0.352,-22.548,-21.063,True
2021-22,2021,1610612744,GSW,41,20,4850.0,1997.0,2000.0,2180.0,2130.0,109.164,106.5,2.664,20,318.0,140.0,140.0,139.0,133.0,99.286,95.0,4.286,20,4532.0,1857.0,1860.0,2041.0,1997.0,109.908,107.366,2.543,1.743,1.622,21,5040.0,2054.0,2053.0,2316.0,2317.0,112.756,112.859,-0.104,21,354.0,152.0,159.0,158.0,163.0,103.947,102.516,1.432,21,4686.0,1902.0,1894.0,2158.0,2154.0,113.46,113.728,-0.268,1.7,1.535,True
2021-22,2021,1610612745,HOU,30,15,3625.0,1545.0,1547.0,1749.0,1762.0,113.204,113.898,-0.694,15,249.0,112.0,116.0,125.0,138.0,111.607,118.966,-7.358,15,3376.0,1433.0,1431.0,1624.0,1624.0,113.329,113.487,-0.158,-7.2,-6.664,15,3650.0,1542.0,1543.0,1749.0,1762.0,113.424,114.193,-0.769,15,292.0,128.0,137.0,116.0,141.0,90.625,102.92,-12.295,15,3358.0,1414.0,1406.0,1633.0,1621.0,115.488,115.292,0.196,-12.491,-11.526,True
2021-22,2021,1610612754,IND,45,22,5355.0,2174.0,2173.0,2321.0,2374.0,106.762,109.25,-2.488,22,374.0,157.0,169.0,141.0,199.0,89.809,117.751,-27.943,22,4981.0,2017.0,2004.0,2180.0,2175.0,108.081,108.533,-0.452,-27.491,-25.454,23,5645.0,2349.0,2350.0,2706.0,2749.0,115.198,116.979,-1.781,23,449.0,206.0,219.0,193.0,247.0,93.689,112.785,-19.096,23,5196.0,2143.0,2131.0,2513.0,2502.0,117.266,117.41,-0.144,-18.952,-17.315,True
2021-22,2021,1610612746,LAC,42,21,5065.0,2057.0,2054.0,2245.0,2202.0,109.14,107.205,1.934,21,348.0,153.0,148.0,193.0,160.0,126.144,108.108,18.036,21,4717.0,1904.0,1906.0,2052.0,2042.0,107.773,107.135,0.638,17.398,16.102,21,5115.0,2062.0,2062.0,2347.0,2376.0,113.822,115.228,-1.406,21,347.0,158.0,153.0,192.0,184.0,121.519,120.261,1.258,21,4768.0,1904.0,1909.0,2155.0,2192.0,113.183,114.825,-1.642,2.899,2.664,True
2021-22,2021,1610612747,LAL,46,23,5720.0,2413.0,2408.0,2660.0,2651.0,110.236,110.091,0.145,23,524.0,236.0,229.0,259.0,247.0,109.746,107.86,1.886,23,5196.0,2177.0,2179.0,2401.0,2404.0,110.289,110.326,-0.036,1.922,1.741,23,5620.0,2317.0,2323.0,2623.0,2668.0,113.207,114.851,-1.645,23,421.0,182.0,196.0,175.0,208.0,96.154,106.122,-9.969,23,5199.0,2135.0,2127.0,2448.0,2460.0,114.66,115.656,-0.995,-8.973,-8.324,True
2021-22,2021,1610612763,MEM,32,16,3890.0,1586.0,1583.0,1765.0,1744.0,111.286,110.171,1.116,16,316.0,146.0,139.0,161.0,139.0,110.274,100.0,10.274,16,3574.0,1440.0,1444.0,1604.0,1605.0,111.389,111.15,0.239,10.035,9.158,16,3890.0,1668.0,1659.0,1877.0,1854.0,112.53,111.754,0.776,16,265.0,121.0,106.0,137.0,115.0,113.223,108.491,4.733,16,3625.0,1547.0,1553.0,1740.0,1739.0,112.476,111.977,0.499,4.234,3.957,True
2021-22,2021,1610612748,MIA,38,19,4610.0,1862.0,1858.0,2081.0,2044.0,111.762,110.011,1.751,19,251.0,115.0,104.0,115.0,108.0,100.0,103.846,-3.846,19,4359.0,1747.0,1754.0,1966.0,1936.0,112.536,110.376,2.159,-6.006,-5.597,19,4685.0,1884.0,1884.0,2113.0,2089.0,112.155,110.881,1.274,19,356.0,155.0,147.0,156.0,141.0,100.645,95.918,4.727,19,4329.0,1729.0,1737.0,1957.0,1948.0,113.187,112.147,1.039,3.687,3.453,True
2021-22,2021,1610612749,MIL,40,20,4850.0,2008.0,2005.0,2171.0,2169.0,108.118,108.18,-0.062,20,235.0,101.0,109.0,120.0,104.0,118.812,95.413,23.399,20,4615.0,1907.0,1896.0,2051.0,2065.0,107.551,108.914,-1.362,24.761,23.461,20,4825.0,2033.0,2035.0,2346.0,2298.0,115.396,112.924,2.472,20,327.0,148.0,142.0,174.0,154.0,117.568,108.451,9.117,20,4498.0,1885.0,1893.0,2172.0,2144.0,115.225,113.259,1.966,7.151,6.645,True
2021-22,2021,1610612750,MIN,38,19,4635.0,1907.0,1906.0,2028.0,2044.0,106.345,107.24,-0.895,19,329.0,146.0,145.0,141.0,158.0,96.575,108.966,-12.39,19,4306.0,1761.0,1761.0,1887.0,1886.0,107.155,107.098,0.057,-12.447,-11.495,19,4585.0,1938.0,1941.0,2240.0,2232.0,115.583,114.992,0.591,19,243.0,108.0,105.0,131.0,107.0,121.296,101.905,19.392,19,4342.0,1830.0,1836.0,2109.0,2125.0,115.246,115.741,-0.495,19.886,18.801,True
2021-22,2021,1610612740,NOP,31,15,3650.0,1497.0,1495.0,1597.0,1643.0,106.68,109.9,-3.22,15,273.0,113.0,123.0,120.0,161.0,106.195,130.894,-24.7,15,3377.0,1384.0,1372.0,1477.0,1482.0,106.72,108.017,-1.298,-23.402,-21.48,16,3865.0,1569.0,1571.0,1774.0,1776.0,113.066,113.049,0.017,16,253.0,119.0,108.0,148.0,117.0,124.37,108.333,16.036,16,3612.0,1450.0,1463.0,1626.0,1659.0,112.138,113.397,-1.259,17.296,16.02,True
2021-22,2021,1610612752,NYK,42,21,5090.0,2044.0,2038.0,2211.0,2203.0,108.17,108.096,0.074,21,323.0,130.0,135.0,141.0,150.0,108.462,111.111,-2.65,21,4767.0,1914.0,1903.0,2070.0,2053.0,108.15,107.882,0.268,-2.918,-2.724,21,5090.0,2070.0,2071.0,2271.0,2348.0,109.71,113.375,-3.665,21,376.0,162.0,164.0,131.0,198.0,80.864,120.732,-39.868,21,4714.0,1908.0,1907.0,2140.0,2150.0,112.159,112.743,-0.583,-39.284,-36.202,True
2021-22,2021,1610612760,OKC,37,18,4320.0,1779.0,1783.0,1886.0,1881.0,106.015,105.496,0.518,18,268.0,134.0,131.0,150.0,152.0,111.94,116.031,-4.09,18,4052.0,1645.0,1652.0,1736.0,1729.0,105.532,104.661,0.871,-4.961,-4.608,19,4685.0,1923.0,1930.0,2048.0,2089.0,106.5,108.238,-1.738,19,404.0,181.0,191.0,181.0,198.0,100.0,103.665,-3.665,19,4281.0,1742.0,1739.0,1867.0,1891.0,107.176,108.741,-1.565,-2.1,-1.927,True
2021-22,2021,1610612753,ORL,33,16,3865.0,1598.0,1593.0,1705.0,1729.0,106.696,108.537,-1.841,16,242.0,108.0,116.0,117.0,121.0,108.333,104.31,4.023,16,3623.0,1490.0,1477.0,1588.0,1608.0,106.577,108.869,-2.292,6.315,5.864,17,4155.0,1719.0,1714.0,1829.0,1837.0,106.399,107.176,-0.777,17,331.0,147.0,142.0,135.0,140.0,91.837,98.592,-6.755,17,3824.0,1572.0,1572.0,1694.0,1697.0,107.761,107.952,-0.191,-6.564,-5.978,True
2021-22,2021,1610612755,PHI,45,22,5355.0,2127.0,2135.0,2351.0,2344.0,110.531,109.789,0.742,22,423.0,184.0,187.0,183.0,183.0,99.457,97.861,1.596,22,4932.0,1943.0,1948.0,2168.0,2161.0,111.58,110.934,0.646,0.95,0.854,23,5570.0,2247.0,2246.0,2561.0,2537.0,113.974,112.956,1.018,23,383.0,171.0,172.0,193.0,189.0,112.865,109.884,2.982,23,5187.0,2076.0,2074.0,2368.0,2348.0,114.066,113.211,0.854,2.127,1.964,True
2021-22,2021,1610612756,PHX,40,20,4825.0,1991.0,1987.0,2197.0,2095.0,110.347,105.435,4.911,20,284.0,138.0,129.0,188.0,116.0,136.232,89.922,46.309,20,4541.0,1853.0,1858.0,2009.0,1979.0,108.419,106.512,1.906,44.403,41.398,20,4825.0,2029.0,2025.0,2338.0,2297.0,115.229,113.432,1.797,20,296.0,141.0,137.0,179.0,145.0,126.95,105.839,21.111,20,4529.0,1888.0,1888.0,2159.0,2152.0,114.354,113.983,0.371,20.74,19.314,True
2021-22,2021,1610612757,POR,32,16,3865.0,1558.0,1557.0,1775.0,1812.0,113.928,116.378,-2.45,16,232.0,105.0,111.0,107.0,121.0,101.905,109.009,-7.104,16,3633.0,1453.0,1446.0,1668.0,1691.0,114.797,116.943,-2.146,-4.958,-4.655,16,3865.0,1602.0,1589.0,1760.0,1760.0,109.863,110.761,-0.899,16,233.0,124.0,114.0,138.0,117.0,111.29,102.632,8.659,16,3632.0,1478.0,1475.0,1622.0,1643.0,109.743,111.39,-1.647,10.306,9.558,True
2021-22,2021,1610612758,SAC,40,20,4875.0,2015.0,2018.0,2175.0,2225.0,107.94,110.258,-2.317,20,373.0,162.0,166.0,180.0,187.0,111.111,112.651,-1.539,20,4502.0,1853.0,1852.0,1995.0,2038.0,107.663,110.043,-2.38,0.84,0.778,20,4850.0,2037.0,2043.0,2337.0,2331.0,114.728,114.097,0.631,20,332.0,150.0,150.0,165.0,158.0,110.0,105.333,4.667,20,4518.0,1887.0,1893.0,2172.0,2173.0,115.103,114.791,0.312,4.355,4.036,True
2021-22,2021,1610612759,SAS,39,19,4635.0,1949.0,1954.0,2056.0,2082.0,105.49,106.551,-1.061,19,339.0,148.0,161.0,133.0,155.0,89.865,96.273,-6.408,19,4296.0,1801.0,1793.0,1923.0,1927.0,106.774,107.474,-0.699,-5.709,-5.348,20,4850.0,2028.0,2032.0,2327.0,2346.0,114.744,115.453,-0.709,20,330.0,141.0,155.0,137.0,173.0,97.163,111.613,-14.45,20,4520.0,1887.0,1877.0,2190.0,2173.0,116.057,115.77,0.287,-14.737,-13.741,True
2021-22,2021,1610612761,TOR,44,22,5305.0,2106.0,2092.0,2358.0,2342.0,111.966,111.95,0.016,22,337.0,146.0,148.0,173.0,165.0,118.493,111.486,7.007,22,4968.0,1960.0,1944.0,2185.0,2177.0,111.48,111.986,-0.506,7.513,6.991,22,5430.0,2168.0,2169.0,2466.0,2412.0,113.745,111.203,2.542,22,479.0,207.0,202.0,224.0,192.0,108.213,95.05,13.163,22,4951.0,1961.0,1967.0,2242.0,2220.0,114.329,112.862,1.467,11.696,10.621,True
2021-22,2021,1610612762,UTA,40,20,4800.0,1988.0,1991.0,2229.0,2225.0,112.123,111.753,0.37,20,284.0,126.0,121.0,157.0,140.0,124.603,115.702,8.901,20,4516.0,1862.0,1870.0,2072.0,2085.0,111.278,111.497,-0.219,9.12,8.531,20,4850.0,1930.0,1932.0,2185.0,2193.0,113.212,113.509,-0.297,20,366.0,166.0,160.0,150.0,179.0,90.361,111.875,-21.514,20,4484.0,1764.0,1772.0,2035.0,2014.0,115.363,113.657,1.706,-23.219,-21.217,True
2021-22,2021,1610612764,WAS,40,20,4900.0,2000.0,2004.0,2253.0,2191.0,112.65,109.331,3.319,20,403.0,183.0,171.0,215.0,160.0,117.486,93.567,23.919,20,4497.0,1817.0,1833.0,2038.0,2031.0,112.163,110.802,1.361,22.558,20.6,20,4850.0,1974.0,1976.0,2265.0,2271.0,114.742,114.929,-0.188,20,336.0,157.0,149.0,164.0,156.0,104.459,104.698,-0.239,20,4514.0,1817.0,1827.0,2101.0,2115.0,115.63,115.764,-0.133,-0.106,-0.052,True
2022-23,2022,1610612737,ATL,43,21,5165.0,2194.0,2180.0,2454.0,2472.0,111.851,113.394,-1.544,21,467.0,208.0,208.0,209.0,243.0,100.481,116.827,-16.346,21,4698.0,1986.0,1972.0,2245.0,2229.0,113.041,113.032,0.009,-16.355,-14.802,22,5330.0,2252.0,2257.0,2711.0,2721.0,120.382,120.558,-0.176,22,357.0,170.0,169.0,177.0,204.0,104.118,120.71,-16.592,22,4973.0,2082.0,2088.0,2534.0,2517.0,121.71,120.546,1.164,-17.756,-16.416,True
2022-23,2022,1610612751,BKN,40,20,4825.0,1970.0,1970.0,2237.0,2182.0,113.553,110.761,2.792,20,310.0,136.0,131.0,172.0,126.0,126.471,96.183,30.287,20,4515.0,1834.0,1839.0,2065.0,2056.0,112.595,111.8,0.796,29.492,27.496,20,4825.0,1979.0,1987.0,2318.0,2338.0,117.13,117.665,-0.535,20,305.0,141.0,152.0,149.0,186.0,105.674,122.368,-16.695,20,4520.0,1838.0,1835.0,2169.0,2152.0,118.009,117.275,0.734,-17.428,-16.16,True
2022-23,2022,1610612738,BOS,36,18,4420.0,1844.0,1845.0,2099.0,2030.0,113.829,110.027,3.802,18,294.0,130.0,122.0,147.0,113.0,113.077,92.623,20.454,18,4126.0,1714.0,1723.0,1952.0,1917.0,113.886,111.259,2.626,17.828,16.652,18,4520.0,1816.0,1821.0,2069.0,2050.0,113.932,112.576,1.356,18,473.0,210.0,199.0,218.0,218.0,103.81,109.548,-5.738,18,4047.0,1606.0,1622.0,1851.0,1832.0,115.255,112.947,2.308,-8.047,-7.094,True
2022-23,2022,1610612766,CHA,43,21,5190.0,2189.0,2183.0,2399.0,2451.0,109.593,112.277,-2.683,21,486.0,211.0,217.0,214.0,258.0,101.422,118.894,-17.472,21,4704.0,1978.0,1966.0,2185.0,2193.0,110.465,111.546,-1.081,-16.391,-14.789,22,5280.0,2270.0,2266.0,2582.0,2561.0,113.744,113.019,0.726,22,253.0,125.0,116.0,151.0,123.0,120.8,106.034,14.766,22,5027.0,2145.0,2150.0,2431.0,2438.0,113.333,113.395,-0.062,14.828,14.04,True
2022-23,2022,1610612741,CHI,38,19,4660.0,1949.0,1946.0,2174.0,2187.0,111.544,112.384,-0.84,19,419.0,190.0,197.0,203.0,193.0,106.842,97.97,8.873,19,4241.0,1759.0,1749.0,1971.0,1994.0,112.052,114.008,-1.956,10.828,9.713,19,4685.0,1904.0,1903.0,2152.0,2158.0,113.025,113.4,-0.375,19,401.0,174.0,170.0,183.0,193.0,105.172,113.529,-8.357,19,4284.0,1730.0,1733.0,1969.0,1965.0,113.815,113.387,0.428,-8.785,-7.982,True
2022-23,2022,1610612739,CLE,45,22,5430.0,2194.0,2191.0,2476.0,2439.0,112.853,111.319,1.534,22,395.0,167.0,161.0,157.0,160.0,94.012,99.379,-5.367,22,5035.0,2027.0,2030.0,2319.0,2279.0,114.406,112.266,2.14,-7.506,-6.901,23,5570.0,2232.0,2239.0,2571.0,2552.0,115.188,113.979,1.209,23,379.0,169.0,174.0,172.0,171.0,101.775,98.276,3.499,23,5191.0,2063.0,2065.0,2399.0,2381.0,116.287,115.303,0.984,2.515,2.291,True
2022-23,2022,1610612742,DAL,55,27,6655.0,2653.0,2648.0,2978.0,2963.0,112.25,111.896,0.355,27,573.0,238.0,230.0,247.0,234.0,103.782,101.739,2.042,27,6082.0,2415.0,2418.0,2731.0,2729.0,113.085,112.862,0.223,1.819,1.688,28,6795.0,2778.0,2768.0,3255.0,3279.0,117.171,118.461,-1.29,28,467.0,197.0,206.0,210.0,229.0,106.599,111.165,-4.566,28,6328.0,2581.0,2562.0,3045.0,3050.0,117.978,119.048,-1.07,-3.496,-3.276,True
2022-23,2022,1610612743,DEN,37,18,4370.0,1811.0,1819.0,2108.0,2086.0,116.4,114.678,1.721,18,364.0,176.0,164.0,201.0,144.0,114.205,87.805,26.4,18,4006.0,1635.0,1655.0,1907.0,1942.0,116.636,117.341,-0.705,27.105,24.678,19,4585.0,1872.0,1862.0,2158.0,2157.0,115.278,115.843,-0.565,19,278.0,119.0,121.0,121.0,131.0,101.681,108.264,-6.584,19,4307.0,1753.0,1741.0,2037.0,2026.0,116.201,116.37,-0.169,-6.415,-6.018,True
2022-23,2022,1610612765,DET,37,18,4395.0,1813.0,1814.0,2059.0,2096.0,113.569,115.546,-1.977,18,316.0,128.0,136.0,126.0,170.0,98.438,125.0,-26.562,18,4079.0,1685.0,1678.0,1933.0,1926.0,114.718,114.779,-0.061,-26.501,-24.585,19,4610.0,1898.0,1904.0,2150.0,2197.0,113.277,115.389,-2.112,19,344.0,147.0,150.0,162.0,181.0,110.204,120.667,-10.463,19,4266.0,1751.0,1754.0,1988.0,2016.0,113.535,114.937,-1.402,-9.06,-8.351,True
2022-23,2022,1610612744,GSW,41,20,4875.0,2093.0,2086.0,2353.0,2364.0,112.422,113.327,-0.905,20,419.0,191.0,196.0,200.0,199.0,104.712,101.531,3.181,20,4456.0,1902.0,1890.0,2153.0,2165.0,113.197,114.55,-1.354,4.535,4.086,21,5115.0,2174.0,2173.0,2454.0,2429.0,112.879,111.781,1.099,21,364.0,157.0,164.0,162.0,156.0,103.185,95.122,8.063,21,4751.0,2017.0,2009.0,2292.0,2273.0,113.634,113.141,0.493,7.57,6.964,True
2022-23,2022,1610612745,HOU,40,20,4850.0,2012.0,2013.0,2210.0,2264.0,109.841,112.469,-2.628,20,313.0,140.0,143.0,119.0,123.0,85.0,86.014,-1.014,20,4537.0,1872.0,1870.0,2091.0,2141.0,111.699,114.492,-2.793,1.779,1.614,20,4825.0,2020.0,2013.0,2299.0,2331.0,113.812,115.797,-1.985,20,293.0,138.0,144.0,135.0,167.0,97.826,115.972,-18.146,20,4532.0,1882.0,1869.0,2164.0,2164.0,114.984,115.784,-0.8,-17.346,-16.161,True
2022-23,2022,1610612754,IND,48,24,5785.0,2434.0,2428.0,2790.0,2748.0,114.626,113.18,1.447,24,339.0,159.0,147.0,175.0,149.0,110.063,101.361,8.702,24,5446.0,2275.0,2281.0,2615.0,2599.0,114.945,113.941,1.004,7.699,7.256,24,5810.0,2458.0,2457.0,2860.0,2883.0,116.355,117.338,-0.983,24,417.0,181.0,199.0,199.0,234.0,109.945,117.588,-7.643,24,5393.0,2277.0,2258.0,2661.0,2649.0,116.864,117.316,-0.452,-7.191,-6.66,True
2022-23,2022,1610612746,LAC,42,21,5090.0,2091.0,2090.0,2336.0,2325.0,111.717,111.244,0.473,21,301.0,136.0,139.0,152.0,145.0,111.765,104.317,7.448,21,4789.0,1955.0,1951.0,2184.0,2180.0,111.714,111.738,-0.024,7.472,6.975,21,5140.0,2128.0,2128.0,2495.0,2482.0,117.246,116.635,0.611,21,339.0,157.0,147.0,177.0,169.0,112.739,114.966,-2.227,21,4801.0,1971.0,1981.0,2318.0,2313.0,117.605,116.759,0.846,-3.073,-2.838,True
2022-23,2022,1610612747,LAL,44,22,5405.0,2298.0,2300.0,2620.0,2638.0,114.012,114.696,-0.683,22,412.0,187.0,184.0,202.0,220.0,108.021,119.565,-11.544,22,4993.0,2111.0,2116.0,2418.0,2418.0,114.543,114.272,0.271,-11.814,-10.86,22,5355.0,2259.0,2263.0,2564.0,2541.0,113.502,112.285,1.217,22,365.0,160.0,155.0,200.0,158.0,125.0,101.935,23.065,22,4990.0,2099.0,2108.0,2364.0,2383.0,112.625,113.046,-0.42,23.485,21.848,True
2022-23,2022,1610612763,MEM,35,17,4130.0,1746.0,1747.0,1989.0,1945.0,113.918,111.334,2.584,17,215.0,103.0,99.0,128.0,112.0,124.272,113.131,11.141,17,3915.0,1643.0,1648.0,1861.0,1833.0,113.268,111.226,2.043,9.098,8.557,18,4370.0,1851.0,1859.0,2107.0,2096.0,113.83,112.749,1.082,18,278.0,138.0,132.0,149.0,151.0,107.971,114.394,-6.423,18,4092.0,1713.0,1727.0,1958.0,1945.0,114.302,112.623,1.679,-8.102,-7.504,True
2022-23,2022,1610612748,MIA,54,27,6555.0,2659.0,2657.0,2954.0,2943.0,111.094,110.764,0.33,27,531.0,235.0,230.0,257.0,225.0,109.362,97.826,11.536,27,6024.0,2424.0,2427.0,2697.0,2718.0,111.262,111.99,-0.728,12.263,11.205,27,6530.0,2628.0,2631.0,3007.0,2972.0,114.422,112.961,1.461,27,440.0,204.0,208.0,236.0,193.0,115.686,92.788,22.898,27,6090.0,2424.0,2423.0,2771.0,2779.0,114.315,114.693,-0.377,23.275,21.437,True
2022-23,2022,1610612749,MIL,35,17,4155.0,1739.0,1741.0,1917.0,1886.0,110.236,108.329,1.907,17,306.0,135.0,134.0,117.0,135.0,86.667,100.746,-14.08,17,3849.0,1604.0,1607.0,1800.0,1751.0,112.219,108.961,3.259,-17.338,-15.987,18,4395.0,1861.0,1860.0,2133.0,2037.0,114.616,109.516,5.1,18,283.0,132.0,118.0,176.0,124.0,133.333,105.085,28.249,18,4112.0,1729.0,1742.0,1957.0,1913.0,113.187,109.816,3.371,24.878,23.149,True
2022-23,2022,1610612750,MIN,48,24,5785.0,2450.0,2452.0,2762.0,2722.0,112.735,111.011,1.723,24,353.0,155.0,154.0,152.0,158.0,98.065,102.597,-4.533,24,5432.0,2295.0,2298.0,2610.0,2564.0,113.725,111.575,2.15,-6.683,-6.256,24,5885.0,2453.0,2455.0,2752.0,2729.0,112.189,111.161,1.028,24,504.0,222.0,218.0,226.0,216.0,101.802,99.083,2.719,24,5381.0,2231.0,2237.0,2526.0,2513.0,113.223,112.338,0.885,1.834,1.691,True
2022-23,2022,1610612740,NOP,37,18,4470.0,1864.0,1863.0,2108.0,2088.0,113.09,112.077,1.013,18,431.0,188.0,188.0,215.0,192.0,114.362,102.128,12.234,18,4039.0,1676.0,1675.0,1893.0,1896.0,112.947,113.194,-0.247,12.481,11.221,19,4585.0,1885.0,1886.0,2085.0,2119.0,110.61,112.354,-1.744,19,255.0,117.0,114.0,130.0,122.0,111.111,107.018,4.094,19,4330.0,1768.0,1772.0,1955.0,1997.0,110.577,112.698,-2.121,6.214,5.838,True
2022-23,2022,1610612752,NYK,45,22,5430.0,2198.0,2194.0,2521.0,2528.0,114.695,115.223,-0.528,22,470.0,213.0,213.0,241.0,252.0,113.146,118.31,-5.164,22,4960.0,1985.0,1981.0,2280.0,2276.0,114.861,114.891,-0.03,-5.134,-4.636,23,5645.0,2286.0,2286.0,2698.0,2714.0,118.023,118.723,-0.7,23,436.0,181.0,198.0,189.0,237.0,104.42,119.697,-15.277,23,5209.0,2105.0,2088.0,2509.0,2477.0,119.192,118.63,0.562,-15.839,-14.577,True
2022-23,2022,1610612760,OKC,43,21,5165.0,2192.0,2193.0,2426.0,2444.0,110.675,111.446,-0.77,21,424.0,186.0,188.0,185.0,188.0,99.462,100.0,-0.538,21,4741.0,2006.0,2005.0,2241.0,2256.0,111.715,112.519,-0.804,0.266,0.233,22,5330.0,2244.0,2244.0,2559.0,2598.0,114.037,115.775,-1.738,22,340.0,159.0,162.0,150.0,184.0,94.34,113.58,-19.241,22,4990.0,2085.0,2082.0,2409.0,2414.0,115.54,115.946,-0.407,-18.834,-17.503,True
2022-23,2022,1610612753,ORL,44,22,5330.0,2199.0,2204.0,2412.0,2468.0,109.686,111.978,-2.292,22,330.0,152.0,160.0,148.0,188.0,97.368,117.5,-20.132,22,5000.0,2047.0,2044.0,2264.0,2280.0,110.601,111.546,-0.945,-19.186,-17.84,22,5330.0,2204.0,2209.0,2474.0,2457.0,112.25,111.227,1.024,22,347.0,162.0,157.0,195.0,195.0,120.37,124.204,-3.833,22,4983.0,2042.0,2052.0,2279.0,2262.0,111.606,110.234,1.372,-5.206,-4.857,True
2022-23,2022,1610612755,PHI,45,22,5405.0,2206.0,2209.0,2479.0,2451.0,112.375,110.955,1.42,22,428.0,186.0,186.0,182.0,175.0,97.849,94.086,3.763,22,4977.0,2020.0,2023.0,2297.0,2276.0,113.713,112.506,1.207,2.557,2.343,23,5595.0,2239.0,2233.0,2666.0,2648.0,119.071,118.585,0.486,23,367.0,168.0,156.0,208.0,144.0,123.81,92.308,31.502,23,5228.0,2071.0,2077.0,2458.0,2504.0,118.687,120.558,-1.872,33.374,31.016,True
2022-23,2022,1610612756,PHX,36,18,4395.0,1791.0,1794.0,2052.0,2074.0,114.573,115.608,-1.035,18,411.0,177.0,179.0,183.0,204.0,103.39,113.966,-10.577,18,3984.0,1614.0,1615.0,1869.0,1870.0,115.799,115.789,0.01,-10.586,-9.542,18,4345.0,1799.0,1799.0,2065.0,2043.0,114.786,113.563,1.223,18,253.0,111.0,114.0,132.0,126.0,118.919,110.526,8.393,18,4092.0,1688.0,1685.0,1933.0,1917.0,114.514,113.769,0.746,7.647,7.17,True
2022-23,2022,1610612757,POR,36,18,4370.0,1790.0,1786.0,2042.0,2040.0,114.078,114.222,-0.144,18,415.0,187.0,188.0,213.0,207.0,113.904,110.106,3.797,18,3955.0,1603.0,1598.0,1829.0,1833.0,114.099,114.706,-0.607,4.405,3.941,18,4320.0,1793.0,1792.0,2087.0,2139.0,116.397,119.364,-2.967,18,255.0,110.0,114.0,105.0,137.0,95.455,120.175,-24.721,18,4065.0,1683.0,1678.0,1982.0,2002.0,117.766,119.309,-1.543,-23.178,-21.754,True
2022-23,2022,1610612758,SAC,44,22,5305.0,2250.0,2247.0,2600.0,2577.0,115.556,114.686,0.869,22,394.0,181.0,179.0,234.0,215.0,129.282,120.112,9.17,22,4911.0,2069.0,2068.0,2366.0,2362.0,114.355,114.217,0.138,9.032,8.301,22,5405.0,2260.0,2266.0,2743.0,2738.0,121.372,120.83,0.542,22,450.0,199.0,201.0,257.0,229.0,129.146,113.93,15.215,22,4955.0,2061.0,2065.0,2486.0,2509.0,120.621,121.501,-0.88,16.096,14.673,True
2022-23,2022,1610612759,SAS,28,14,3385.0,1432.0,1432.0,1670.0,1697.0,116.62,118.506,-1.885,14,233.0,108.0,111.0,94.0,116.0,87.037,104.505,-17.467,14,3152.0,1324.0,1321.0,1576.0,1581.0,119.033,119.682,-0.649,-16.819,-15.582,14,3510.0,1507.0,1497.0,1708.0,1727.0,113.338,115.364,-2.026,14,283.0,119.0,123.0,129.0,147.0,108.403,119.512,-11.109,14,3227.0,1388.0,1374.0,1579.0,1580.0,113.761,114.993,-1.232,-9.877,-9.083,True
2022-23,2022,1610612761,TOR,44,22,5355.0,2164.0,2170.0,2425.0,2421.0,112.061,111.567,0.494,22,392.0,176.0,173.0,197.0,165.0,111.932,95.376,16.556,22,4963.0,1988.0,1997.0,2228.0,2256.0,112.072,112.969,-0.897,17.453,16.062,22,5330.0,2163.0,2163.0,2479.0,2487.0,114.609,114.979,-0.37,22,344.0,143.0,149.0,142.0,180.0,99.301,120.805,-21.505,22,4986.0,2020.0,2014.0,2337.0,2307.0,115.693,114.548,1.145,-22.65,-21.135,True
2022-23,2022,1610612762,UTA,52,26,6315.0,2631.0,2639.0,3037.0,3055.0,115.431,115.764,-0.332,26,480.0,216.0,219.0,230.0,239.0,106.481,109.132,-2.651,26,5835.0,2415.0,2420.0,2807.0,2816.0,116.232,116.364,-0.132,-2.519,-2.319,26,6290.0,2647.0,2649.0,3047.0,3083.0,115.111,116.384,-1.272,26,421.0,196.0,190.0,253.0,209.0,129.082,110.0,19.082,26,5869.0,2451.0,2459.0,2794.0,2874.0,113.994,116.877,-2.882,21.964,20.354,True
2022-23,2022,1610612764,WAS,41,20,4850.0,1985.0,1989.0,2180.0,2219.0,109.824,111.564,-1.74,20,310.0,133.0,135.0,134.0,150.0,100.752,111.111,-10.359,20,4540.0,1852.0,1854.0,2046.0,2069.0,110.475,111.597,-1.121,-9.238,-8.619,21,5065.0,2096.0,2097.0,2380.0,2426.0,113.55,115.689,-2.139,21,372.0,154.0,157.0,157.0,172.0,101.948,109.554,-7.606,21,4693.0,1942.0,1940.0,2223.0,2254.0,114.47,116.186,-1.716,-5.89,-5.467,True
2023-24,2023,1610612737,ATL,47,23,5570.0,2386.0,2384.0,2841.0,2909.0,119.07,122.022,-2.952,23,362.0,170.0,172.0,166.0,214.0,97.647,124.419,-26.772,23,5208.0,2216.0,2212.0,2675.0,2695.0,120.713,121.835,-1.122,-25.649,-23.819,24,5885.0,2436.0,2441.0,2895.0,2883.0,118.842,118.107,0.735,24,450.0,187.0,191.0,205.0,217.0,109.626,113.613,-3.987,24,5435.0,2249.0,2250.0,2690.0,2666.0,119.609,118.489,1.12,-5.107,-4.722,True
2023-24,2023,1610612751,BKN,35,17,4130.0,1706.0,1706.0,1982.0,1973.0,116.178,115.651,0.528,17,365.0,170.0,169.0,199.0,205.0,117.059,121.302,-4.243,17,3765.0,1536.0,1537.0,1783.0,1768.0,116.081,115.029,1.051,-5.294,-4.771,18,4395.0,1745.0,1742.0,1921.0,1945.0,110.086,111.653,-1.567,18,378.0,165.0,163.0,161.0,174.0,97.576,106.748,-9.173,18,4017.0,1580.0,1579.0,1760.0,1771.0,111.392,112.16,-0.767,-8.406,-7.605,True
2023-24,2023,1610612738,BOS,33,16,3940.0,1618.0,1617.0,1850.0,1817.0,114.339,112.369,1.97,16,311.0,135.0,127.0,160.0,132.0,118.519,103.937,14.582,16,3629.0,1483.0,1490.0,1690.0,1685.0,113.958,113.087,0.871,13.711,12.611,17,4130.0,1669.0,1677.0,1994.0,1955.0,119.473,116.577,2.896,17,261.0,121.0,106.0,139.0,110.0,114.876,103.774,11.102,17,3869.0,1548.0,1571.0,1855.0,1845.0,119.832,117.441,2.391,8.712,8.207,True
2023-24,2023,1610612766,CHA,35,17,4105.0,1698.0,1696.0,1928.0,1981.0,113.545,116.804,-3.259,17,265.0,110.0,128.0,123.0,156.0,111.818,121.875,-10.057,17,3840.0,1588.0,1568.0,1805.0,1825.0,113.665,116.39,-2.725,-7.331,-6.798,18,4345.0,1765.0,1767.0,2017.0,2035.0,114.278,115.167,-0.889,18,297.0,132.0,137.0,148.0,145.0,112.121,105.839,6.282,18,4048.0,1633.0,1630.0,1869.0,1890.0,114.452,115.951,-1.499,7.781,7.171,True
2023-24,2023,1610612741,CHI,44,22,5430.0,2199.0,2192.0,2510.0,2483.0,114.143,113.276,0.867,22,456.0,214.0,208.0,247.0,191.0,115.421,91.827,23.594,22,4974.0,1985.0,1984.0,2263.0,2292.0,114.005,115.524,-1.519,25.113,22.726,22,5430.0,2209.0,2206.0,2545.0,2506.0,115.211,113.599,1.611,22,499.0,216.0,212.0,267.0,210.0,123.611,99.057,24.555,22,4931.0,1993.0,1994.0,2278.0,2296.0,114.3,115.145,-0.845,25.4,22.943,True
2023-24,2023,1610612739,CLE,42,21,5090.0,2102.0,2098.0,2367.0,2397.0,112.607,114.252,-1.645,21,302.0,136.0,137.0,135.0,137.0,99.265,100.0,-0.735,21,4788.0,1966.0,1961.0,2232.0,2260.0,113.53,115.247,-1.717,0.982,0.909,21,5115.0,2043.0,2045.0,2340.0,2357.0,114.537,115.257,-0.719,21,415.0,161.0,160.0,181.0,193.0,112.422,120.625,-8.203,21,4700.0,1882.0,1885.0,2159.0,2164.0,114.718,114.801,-0.083,-8.12,-7.483,True
2023-24,2023,1610612742,DAL,31,15,3600.0,1497.0,1502.0,1794.0,1750.0,119.84,116.511,3.328,15,205.0,99.0,88.0,115.0,100.0,116.162,113.636,2.525,15,3395.0,1398.0,1414.0,1679.0,1650.0,120.1,116.69,3.41,-0.885,-0.803,16,3865.0,1608.0,1609.0,1905.0,1858.0,118.47,115.475,2.995,16,266.0,128.0,116.0,176.0,117.0,137.5,100.862,36.638,16,3599.0,1480.0,1493.0,1729.0,1741.0,116.824,116.611,0.213,36.424,33.643,False
2023-24,2023,1610612743,DEN,39,19,4560.0,1866.0,1864.0,2168.0,2132.0,116.184,114.378,1.807,19,306.0,144.0,141.0,168.0,139.0,116.667,98.582,18.085,19,4254.0,1722.0,1723.0,2000.0,1993.0,116.144,115.67,0.474,17.611,16.278,20,4825.0,1937.0,1942.0,2211.0,2162.0,114.146,111.329,2.817,20,296.0,145.0,130.0,182.0,120.0,125.517,92.308,33.21,20,4529.0,1792.0,1812.0,2029.0,2042.0,113.225,112.693,0.532,32.677,30.392,True
2023-24,2023,1610612765,DET,34,17,4130.0,1742.0,1742.0,1942.0,2014.0,111.481,115.614,-4.133,17,283.0,120.0,131.0,98.0,180.0,81.667,137.405,-55.738,17,3847.0,1622.0,1611.0,1844.0,1834.0,113.687,113.842,-0.156,-55.582,-51.605,17,4105.0,1686.0,1690.0,1923.0,1936.0,114.057,114.556,-0.499,17,244.0,103.0,100.0,111.0,116.0,107.767,116.0,-8.233,17,3861.0,1583.0,1590.0,1812.0,1820.0,114.466,114.465,0.001,-8.234,-7.734,True
2023-24,2023,1610612744,GSW,48,24,5835.0,2428.0,2428.0,2806.0,2790.0,115.568,114.909,0.659,24,378.0,176.0,180.0,201.0,200.0,114.205,111.111,3.093,24,5457.0,2252.0,2248.0,2605.0,2590.0,115.675,115.214,0.461,2.632,2.434,24,5835.0,2425.0,2422.0,2871.0,2858.0,118.392,118.002,0.39,24,338.0,158.0,153.0,187.0,186.0,118.354,121.569,-3.214,24,5497.0,2267.0,2269.0,2684.0,2672.0,118.394,117.761,0.633,-3.847,-3.604,True
2023-24,2023,1610612745,HOU,39,19,4635.0,1896.0,1892.0,2144.0,2174.0,113.08,114.905,-1.825,19,300.0,137.0,143.0,147.0,168.0,107.299,117.483,-10.183,19,4335.0,1759.0,1749.0,1997.0,2006.0,113.53,114.694,-1.164,-9.02,-8.359,20,4900.0,2029.0,2022.0,2300.0,2326.0,113.356,115.035,-1.678,20,362.0,159.0,162.0,174.0,203.0,109.434,125.309,-15.875,20,4538.0,1870.0,1860.0,2126.0,2123.0,113.69,114.14,-0.45,-15.425,-14.196,True
2023-24,2023,1610612754,IND,36,18,4320.0,1844.0,1846.0,2220.0,2179.0,120.39,118.039,2.351,18,288.0,137.0,134.0,170.0,145.0,124.088,108.209,15.879,18,4032.0,1707.0,1712.0,2050.0,2034.0,120.094,118.808,1.285,14.593,13.527,18,4345.0,1809.0,1806.0,2134.0,2181.0,117.966,120.764,-2.798,18,297.0,128.0,142.0,141.0,173.0,110.156,121.831,-11.675,18,4048.0,1681.0,1664.0,1993.0,2008.0,118.56,120.673,-2.113,-9.562,-8.876,True
2023-24,2023,1610612746,LAC,40,20,4825.0,1960.0,1955.0,2256.0,2238.0,115.102,114.476,0.626,20,265.0,119.0,119.0,146.0,137.0,122.689,115.126,7.563,20,4560.0,1841.0,1836.0,2110.0,2101.0,114.612,114.434,0.178,7.385,6.937,20,4800.0,1965.0,1971.0,2230.0,2238.0,113.486,113.546,-0.06,20,299.0,129.0,125.0,163.0,126.0,126.357,100.8,25.557,20,4501.0,1836.0,1846.0,2067.0,2112.0,112.582,114.41,-1.828,27.384,25.617,True
2023-24,2023,1610612747,LAL,33,16,3890.0,1629.0,1632.0,1809.0,1789.0,111.05,109.62,1.43,16,321.0,144.0,153.0,162.0,158.0,112.5,103.268,9.232,16,3569.0,1485.0,1479.0,1647.0,1631.0,110.909,110.277,0.632,8.6,7.802,17,4205.0,1770.0,1771.0,2090.0,2055.0,118.079,116.036,2.043,17,331.0,146.0,142.0,179.0,162.0,122.603,114.085,8.518,17,3874.0,1624.0,1629.0,1911.0,1893.0,117.672,116.206,1.466,7.052,6.475,True
2023-24,2023,1610612763,MEM,35,17,4130.0,1701.0,1703.0,1857.0,1863.0,109.171,109.395,-0.224,17,322.0,139.0,138.0,142.0,149.0,102.158,107.971,-5.813,17,3808.0,1562.0,1565.0,1715.0,1714.0,109.795,109.521,0.274,-6.087,-5.589,18,4370.0,1764.0,1773.0,1917.0,1964.0,108.673,110.773,-2.099,18,270.0,119.0,118.0,112.0,122.0,94.118,103.39,-9.272,18,4100.0,1645.0,1655.0,1805.0,1842.0,109.726,111.299,-1.573,-7.7,-7.173,True
2023-24,2023,1610612748,MIA,42,21,5065.0,2055.0,2059.0,2306.0,2302.0,112.214,111.802,0.412,21,360.0,157.0,153.0,154.0,174.0,98.089,113.725,-15.636,21,4705.0,1898.0,1906.0,2152.0,2128.0,113.383,111.647,1.735,-17.371,-16.049,21,5090.0,2023.0,2021.0,2236.0,2232.0,110.529,110.44,0.089,21,328.0,134.0,140.0,135.0,156.0,100.746,111.429,-10.682,21,4762.0,1889.0,1881.0,2101.0,2076.0,111.223,110.367,0.856,-11.538,-10.771,True
2023-24,2023,1610612749,MIL,40,20,4850.0,2074.0,2069.0,2427.0,2386.0,117.02,115.321,1.699,20,361.0,174.0,170.0,216.0,167.0,124.138,98.235,25.903,20,4489.0,1900.0,1899.0,2211.0,2219.0,116.368,116.851,-0.483,26.385,24.204,20,4875.0,2021.0,2018.0,2344.0,2344.0,115.982,116.155,-0.172,20,306.0,144.0,146.0,167.0,170.0,115.972,116.438,-0.466,20,4569.0,1877.0,1872.0,2177.0,2174.0,115.983,116.132,-0.15,-0.317,-0.294,True
2023-24,2023,1610612750,MIN,36,18,4370.0,1793.0,1791.0,2008.0,1978.0,111.991,110.441,1.55,18,291.0,135.0,128.0,149.0,144.0,110.37,112.5,-2.13,18,4079.0,1658.0,1663.0,1859.0,1834.0,112.123,110.283,1.84,-3.97,-3.68,18,4395.0,1756.0,1749.0,1968.0,1959.0,112.073,112.007,0.066,18,375.0,148.0,148.0,148.0,178.0,100.0,120.27,-20.27,18,4020.0,1608.0,1601.0,1820.0,1781.0,113.184,111.243,1.941,-22.211,-20.336,True
2023-24,2023,1610612740,NOP,29,14,3385.0,1386.0,1397.0,1565.0,1551.0,112.915,111.024,1.891,14,251.0,119.0,116.0,113.0,129.0,94.958,111.207,-16.249,14,3134.0,1267.0,1281.0,1452.0,1422.0,114.601,111.007,3.594,-19.843,-18.14,15,3600.0,1476.0,1475.0,1660.0,1655.0,112.466,112.203,0.263,15,171.0,74.0,71.0,78.0,81.0,105.405,114.085,-8.679,15,3429.0,1402.0,1404.0,1582.0,1574.0,112.839,112.108,0.731,-9.41,-8.942,False
2023-24,2023,1610612752,NYK,33,16,3840.0,1577.0,1577.0,1792.0,1807.0,113.633,114.585,-0.951,16,202.0,97.0,91.0,116.0,96.0,119.588,105.495,14.093,16,3638.0,1480.0,1486.0,1676.0,1711.0,113.243,115.141,-1.898,15.991,15.044,17,4130.0,1631.0,1630.0,1839.0,1825.0,112.753,111.963,0.79,17,306.0,139.0,136.0,154.0,132.0,110.791,97.059,13.733,17,3824.0,1492.0,1494.0,1685.0,1693.0,112.936,113.32,-0.384,14.117,12.943,False
2023-24,2023,1610612760,OKC,38,19,4610.0,1954.0,1956.0,2292.0,2252.0,117.298,115.133,2.165,19,230.0,114.0,112.0,150.0,125.0,131.579,111.607,19.972,19,4380.0,1840.0,1844.0,2142.0,2127.0,116.413,115.347,1.066,18.906,17.807,19,4635.0,1896.0,1897.0,2207.0,2183.0,116.403,115.076,1.327,19,363.0,160.0,152.0,194.0,176.0,121.25,115.789,5.461,19,4272.0,1736.0,1745.0,2013.0,2007.0,115.956,115.014,0.942,4.519,4.134,True
2023-24,2023,1610612753,ORL,35,17,4130.0,1710.0,1718.0,1930.0,1908.0,112.865,111.059,1.806,17,218.0,102.0,97.0,106.0,109.0,103.922,112.371,-8.45,17,3912.0,1608.0,1621.0,1824.0,1799.0,113.433,110.981,2.452,-10.902,-10.256,18,4370.0,1730.0,1729.0,1965.0,1926.0,113.584,111.394,2.19,18,380.0,157.0,156.0,164.0,146.0,104.459,93.59,10.869,18,3990.0,1573.0,1573.0,1801.0,1780.0,114.495,113.16,1.335,9.534,8.679,True
2023-24,2023,1610612755,PHI,36,18,4370.0,1818.0,1817.0,2155.0,2169.0,118.537,119.373,-0.836,18,283.0,133.0,143.0,152.0,171.0,114.286,119.58,-5.295,18,4087.0,1685.0,1674.0,2003.0,1998.0,118.872,119.355,-0.482,-4.812,-4.459,18,4370.0,1733.0,1731.0,1940.0,1925.0,111.945,111.207,0.737,18,318.0,141.0,144.0,164.0,154.0,116.312,106.944,9.368,18,4052.0,1592.0,1587.0,1776.0,1771.0,111.558,111.594,-0.036,9.404,8.63,True
2023-24,2023,1610612756,PHX,40,20,4875.0,2007.0,2006.0,2274.0,2313.0,113.303,115.304,-2.001,20,373.0,173.0,163.0,162.0,174.0,93.642,106.748,-13.107,20,4502.0,1834.0,1843.0,2112.0,2139.0,115.158,116.061,-0.903,-12.204,-11.106,20,4825.0,2009.0,2013.0,2324.0,2296.0,115.679,114.059,1.621,20,299.0,126.0,126.0,143.0,130.0,113.492,103.175,10.317,20,4526.0,1883.0,1887.0,2181.0,2166.0,115.826,114.785,1.04,9.277,8.697,True
2023-24,2023,1610612757,POR,37,18,4420.0,1822.0,1821.0,2022.0,2024.0,110.977,111.148,-0.171,18,349.0,161.0,161.0,162.0,167.0,100.621,103.727,-3.106,18,4071.0,1661.0,1660.0,1860.0,1857.0,111.981,111.867,0.113,-3.219,-2.935,19,4660.0,1874.0,1876.0,2107.0,2118.0,112.433,112.9,-0.466,19,340.0,149.0,148.0,163.0,150.0,109.396,101.351,8.045,19,4320.0,1725.0,1728.0,1944.0,1968.0,112.696,113.889,-1.193,9.238,8.511,True
2023-24,2023,1610612758,SAC,39,19,4685.0,1985.0,1980.0,2295.0,2284.0,115.617,115.354,0.264,19,407.0,200.0,181.0,212.0,180.0,106.0,99.448,6.552,19,4278.0,1785.0,1799.0,2083.0,2104.0,116.695,116.954,-0.259,6.812,6.289,20,4850.0,1992.0,1990.0,2236.0,2255.0,112.249,113.317,-1.068,20,360.0,157.0,162.0,165.0,177.0,105.096,109.259,-4.164,20,4490.0,1835.0,1828.0,2071.0,2078.0,112.861,113.676,-0.815,-3.349,-3.096,True
2023-24,2023,1610612759,SAS,41,20,4850.0,2076.0,2071.0,2344.0,2419.0,112.909,116.803,-3.894,20,293.0,132.0,149.0,136.0,176.0,103.03,118.121,-15.091,20,4557.0,1944.0,1922.0,2208.0,2243.0,113.58,116.701,-3.121,-11.969,-11.196,21,5140.0,2143.0,2138.0,2410.0,2414.0,112.459,112.909,-0.45,21,426.0,182.0,189.0,181.0,208.0,99.451,110.053,-10.602,21,4714.0,1961.0,1949.0,2229.0,2206.0,113.666,113.186,0.48,-11.083,-10.152,True
2023-24,2023,1610612761,TOR,41,20,4850.0,2011.0,2015.0,2281.0,2285.0,113.426,113.4,0.027,20,309.0,145.0,149.0,154.0,161.0,106.207,108.054,-1.847,20,4541.0,1866.0,1866.0,2127.0,2124.0,113.987,113.826,0.161,-2.008,-1.873,21,5115.0,2128.0,2121.0,2459.0,2479.0,115.555,116.879,-1.324,21,377.0,165.0,168.0,184.0,205.0,111.515,122.024,-10.509,21,4738.0,1963.0,1953.0,2275.0,2274.0,115.894,116.436,-0.542,-9.966,-9.184,True
2023-24,2023,1610612762,UTA,33,16,3940.0,1641.0,1635.0,1931.0,1906.0,117.672,116.575,1.097,16,307.0,136.0,133.0,172.0,141.0,126.471,106.015,20.456,16,3633.0,1505.0,1502.0,1759.0,1765.0,116.877,117.51,-0.633,21.088,19.358,17,4105.0,1692.0,1692.0,2001.0,2017.0,118.262,119.208,-0.946,17,282.0,118.0,125.0,123.0,128.0,104.237,102.4,1.837,17,3823.0,1574.0,1567.0,1878.0,1889.0,119.314,120.549,-1.235,3.072,2.783,True
2023-24,2023,1610612764,WAS,37,18,4320.0,1856.0,1859.0,2083.0,2150.0,112.231,115.654,-3.423,18,241.0,111.0,133.0,93.0,179.0,83.784,134.586,-50.803,18,4079.0,1745.0,1726.0,1990.0,1971.0,114.04,114.195,-0.155,-50.648,-47.38,19,4610.0,1956.0,1965.0,2147.0,2205.0,109.765,112.214,-2.449,19,278.0,117.0,132.0,101.0,147.0,86.325,111.364,-25.039,19,4332.0,1839.0,1833.0,2046.0,2058.0,111.256,112.275,-1.019,-24.02,-22.59,True
2024-25,2024,1610612737,ATL,41,20,4850.0,2072.0,2072.0,2391.0,2375.0,115.396,114.624,0.772,20,354.0,169.0,169.0,205.0,189.0,121.302,111.834,9.467,20,4496.0,1903.0,1903.0,2186.0,2186.0,114.871,114.871,0.0,9.467,8.695,21,5090.0,2183.0,2183.0,2553.0,2570.0,116.949,117.728,-0.779,21,373.0,165.0,166.0,186.0,177.0,112.727,106.627,6.101,21,4717.0,2018.0,2017.0,2367.0,2393.0,117.294,118.642,-1.347,7.448,6.88,True
2024-25,2024,1610612751,BKN,38,19,4635.0,1844.0,1848.0,2109.0,2103.0,114.371,113.799,0.572,19,360.0,154.0,158.0,158.0,173.0,102.597,109.494,-6.896,19,4275.0,1690.0,1690.0,1951.0,1930.0,115.444,114.201,1.243,-8.139,-7.468,19,4585.0,1823.0,1822.0,2029.0,2055.0,111.3,112.788,-1.488,19,296.0,137.0,138.0,134.0,173.0,97.81,125.362,-27.552,19,4289.0,1686.0,1684.0,1895.0,1882.0,112.396,111.758,0.638,-28.191,-26.064,True
2024-25,2024,1610612738,BOS,35,17,4155.0,1711.0,1709.0,1995.0,1962.0,116.598,114.804,1.795,17,316.0,145.0,143.0,179.0,158.0,123.448,110.49,12.959,17,3839.0,1566.0,1566.0,1816.0,1804.0,115.964,115.198,0.766,12.192,11.164,18,4395.0,1735.0,1738.0,2027.0,1967.0,116.83,113.176,3.654,18,301.0,140.0,124.0,164.0,135.0,117.143,108.871,8.272,18,4094.0,1595.0,1614.0,1863.0,1832.0,116.803,113.507,3.296,4.976,4.618,True
2024-25,2024,1610612766,CHA,38,19,4635.0,1904.0,1900.0,2106.0,2157.0,110.609,113.526,-2.917,19,368.0,172.0,186.0,187.0,220.0,108.721,118.28,-9.559,19,4267.0,1732.0,1714.0,1919.0,1937.0,110.797,113.011,-2.214,-7.345,-6.642,19,4560.0,1853.0,1857.0,2005.0,2037.0,108.203,109.693,-1.49,19,323.0,143.0,146.0,145.0,150.0,101.399,102.74,-1.341,19,4237.0,1710.0,1711.0,1860.0,1887.0,108.772,110.286,-1.514,0.173,0.149,True
2024-25,2024,1610612741,CHI,34,17,4105.0,1770.0,1771.0,2008.0,2056.0,113.446,116.093,-2.646,17,247.0,112.0,114.0,109.0,126.0,97.321,110.526,-13.205,17,3858.0,1658.0,1657.0,1899.0,1930.0,114.536,116.476,-1.94,-11.265,-10.559,17,4130.0,1766.0,1764.0,2017.0,1997.0,114.213,113.209,1.004,17,286.0,128.0,136.0,168.0,125.0,131.25,91.912,39.338,17,3844.0,1638.0,1628.0,1849.0,1872.0,112.882,114.988,-2.106,41.444,38.334,True
2024-25,2024,1610612739,CLE,38,19,4560.0,1882.0,1873.0,2277.0,2178.0,120.988,116.284,4.704,19,253.0,113.0,103.0,168.0,107.0,148.673,103.883,44.789,19,4307.0,1769.0,1770.0,2109.0,2071.0,119.22,117.006,2.214,42.575,40.085,19,4635.0,1931.0,1920.0,2238.0,2235.0,115.898,116.406,-0.508,19,365.0,168.0,165.0,180.0,174.0,107.143,105.455,1.688,19,4270.0,1763.0,1755.0,2058.0,2061.0,116.733,117.436,-0.703,2.391,2.196,True
2024-25,2024,1610612742,DAL,40,20,4825.0,2003.0,1999.0,2361.0,2358.0,117.873,117.959,-0.086,20,321.0,142.0,141.0,163.0,151.0,114.789,107.092,7.697,20,4504.0,1861.0,1858.0,2198.0,2207.0,118.109,118.784,-0.675,8.372,7.782,20,4825.0,2028.0,2019.0,2351.0,2337.0,115.927,115.75,0.177,20,323.0,166.0,149.0,185.0,173.0,111.446,116.107,-4.662,20,4502.0,1862.0,1870.0,2166.0,2164.0,116.327,115.722,0.605,-5.266,-4.838,True
2024-25,2024,1610612743,DEN,37,18,4420.0,1883.0,1884.0,2166.0,2158.0,115.029,114.544,0.486,18,352.0,160.0,163.0,202.0,172.0,126.25,105.521,20.729,18,4068.0,1723.0,1721.0,1964.0,1986.0,113.987,115.398,-1.411,22.139,20.243,19,4635.0,1945.0,1937.0,2304.0,2278.0,118.458,117.605,0.853,19,304.0,142.0,136.0,181.0,151.0,127.465,111.029,16.435,19,4331.0,1803.0,1801.0,2123.0,2127.0,117.748,118.101,-0.353,16.788,15.582,True
2024-25,2024,1610612765,DET,44,22,5380.0,2224.0,2234.0,2511.0,2496.0,112.905,111.728,1.177,22,355.0,167.0,169.0,175.0,184.0,104.79,108.876,-4.085,22,5025.0,2057.0,2065.0,2336.0,2312.0,113.563,111.961,1.602,-5.688,-5.262,22,5305.0,2245.0,2249.0,2625.0,2661.0,116.927,118.319,-1.393,22,333.0,145.0,159.0,160.0,200.0,110.345,125.786,-15.441,22,4972.0,2100.0,2090.0,2465.0,2461.0,117.381,117.751,-0.37,-15.071,-14.049,True
2024-25,2024,1610612744,GSW,45,22,5305.0,2190.0,2191.0,2427.0,2441.0,110.822,111.41,-0.588,22,288.0,136.0,131.0,146.0,139.0,107.353,106.107,1.246,22,5017.0,2054.0,2060.0,2281.0,2302.0,111.052,111.748,-0.696,1.942,1.834,23,5545.0,2266.0,2258.0,2630.0,2581.0,116.064,114.305,1.759,23,369.0,173.0,159.0,197.0,181.0,113.873,113.836,0.036,23,5176.0,2093.0,2099.0,2433.0,2400.0,116.245,114.34,1.904,-1.868,-1.722,True
2024-25,2024,1610612745,HOU,43,21,5115.0,2068.0,2074.0,2291.0,2259.0,110.783,108.92,1.863,21,409.0,184.0,173.0,192.0,181.0,104.348,104.624,-0.276,21,4706.0,1884.0,1901.0,2099.0,2078.0,111.412,109.311,2.101,-2.377,-2.14,22,5305.0,2179.0,2176.0,2505.0,2510.0,114.961,115.349,-0.388,22,303.0,138.0,137.0,153.0,151.0,110.87,110.219,0.651,22,5002.0,2041.0,2039.0,2352.0,2359.0,115.238,115.694,-0.456,1.107,1.039,True
2024-25,2024,1610612754,IND,37,18,4370.0,1841.0,1832.0,2097.0,2079.0,113.905,113.483,0.423,18,307.0,137.0,136.0,153.0,148.0,111.679,108.824,2.855,18,4063.0,1704.0,1696.0,1944.0,1931.0,114.085,113.856,0.228,2.627,2.432,19,4685.0,1962.0,1966.0,2251.0,2226.0,114.73,113.225,1.505,19,460.0,207.0,212.0,254.0,202.0,122.705,95.283,27.422,19,4225.0,1755.0,1754.0,1997.0,2024.0,113.789,115.393,-1.604,29.027,25.917,True
2024-25,2024,1610612746,LAC,37,18,4370.0,1796.0,1808.0,1981.0,1966.0,110.301,108.739,1.562,18,312.0,143.0,150.0,163.0,158.0,113.986,105.333,8.653,18,4058.0,1653.0,1658.0,1818.0,1808.0,109.982,109.047,0.935,7.718,7.091,19,4635.0,1864.0,1864.0,2142.0,2132.0,114.914,114.378,0.536,19,318.0,130.0,131.0,126.0,140.0,96.923,106.87,-9.947,19,4317.0,1734.0,1733.0,2016.0,1992.0,116.263,114.945,1.318,-11.265,-10.484,True
2024-25,2024,1610612747,LAL,39,19,4585.0,1874.0,1870.0,2127.0,2127.0,113.501,113.743,-0.243,19,268.0,124.0,122.0,148.0,138.0,119.355,113.115,6.24,19,4317.0,1750.0,1748.0,1979.0,1989.0,113.086,113.787,-0.701,6.942,6.483,20,4825.0,1964.0,1971.0,2256.0,2228.0,114.868,113.039,1.829,20,262.0,129.0,113.0,142.0,122.0,110.078,107.965,2.113,20,4563.0,1835.0,1858.0,2114.0,2106.0,115.204,113.348,1.857,0.256,0.284,True
2024-25,2024,1610612763,MEM,37,18,4320.0,1884.0,1876.0,2141.0,2156.0,113.641,114.925,-1.284,18,246.0,111.0,114.0,118.0,123.0,106.306,107.895,-1.588,18,4074.0,1773.0,1762.0,2023.0,2033.0,114.1,115.38,-1.28,-0.309,-0.304,19,4585.0,1949.0,1957.0,2280.0,2257.0,116.983,115.33,1.653,19,364.0,160.0,160.0,178.0,151.0,111.25,94.375,16.875,19,4221.0,1789.0,1797.0,2102.0,2106.0,117.496,117.195,0.3,16.575,15.222,True
2024-25,2024,1610612748,MIA,42,21,5165.0,2084.0,2079.0,2291.0,2322.0,109.933,111.688,-1.755,21,421.0,183.0,182.0,183.0,195.0,100.0,107.143,-7.143,21,4744.0,1901.0,1897.0,2108.0,2127.0,110.889,112.124,-1.235,-5.907,-5.387,21,5165.0,2087.0,2088.0,2343.0,2380.0,112.266,113.985,-1.718,21,459.0,195.0,203.0,171.0,225.0,87.692,110.837,-23.145,21,4706.0,1892.0,1885.0,2172.0,2155.0,114.799,114.324,0.476,-23.621,-21.427,True
2024-25,2024,1610612749,MIL,41,20,4825.0,1993.0,1988.0,2254.0,2244.0,113.096,112.877,0.219,20,396.0,184.0,181.0,173.0,187.0,94.022,103.315,-9.293,20,4429.0,1809.0,1807.0,2081.0,2057.0,115.036,113.835,1.201,-10.494,-9.512,21,5090.0,2099.0,2099.0,2417.0,2365.0,115.15,112.673,2.477,21,336.0,149.0,147.0,168.0,119.0,112.752,80.952,31.799,21,4754.0,1950.0,1952.0,2249.0,2246.0,115.333,115.061,0.272,31.527,29.322,True
2024-25,2024,1610612750,MIN,46,23,5570.0,2249.0,2247.0,2513.0,2544.0,111.739,113.218,-1.479,23,368.0,153.0,162.0,150.0,185.0,98.039,114.198,-16.158,23,5202.0,2096.0,2085.0,2363.0,2359.0,112.739,113.141,-0.403,-15.755,-14.679,23,5620.0,2313.0,2310.0,2654.0,2653.0,114.743,114.848,-0.106,23,428.0,200.0,200.0,222.0,231.0,111.0,115.5,-4.5,23,5192.0,2113.0,2110.0,2432.0,2422.0,115.097,114.787,0.31,-4.81,-4.394,True
2024-25,2024,1610612740,NOP,34,17,4130.0,1717.0,1722.0,1923.0,1928.0,111.998,111.963,0.035,17,333.0,154.0,155.0,157.0,158.0,101.948,101.935,0.013,17,3797.0,1563.0,1567.0,1766.0,1770.0,112.988,112.955,0.033,-0.021,-0.022,17,4105.0,1726.0,1728.0,1999.0,2002.0,115.817,115.856,-0.04,17,249.0,111.0,115.0,120.0,121.0,108.108,105.217,2.891,17,3856.0,1615.0,1613.0,1879.0,1881.0,116.347,116.615,-0.268,3.159,2.93,True
2024-25,2024,1610612752,NYK,30,15,3650.0,1475.0,1475.0,1717.0,1712.0,116.407,116.068,0.339,15,298.0,130.0,133.0,149.0,158.0,114.615,118.797,-4.182,15,3352.0,1345.0,1342.0,1568.0,1554.0,116.58,115.797,0.783,-4.964,-4.521,15,3750.0,1513.0,1504.0,1714.0,1690.0,113.285,112.367,0.918,15,429.0,183.0,175.0,199.0,176.0,108.743,100.571,8.172,15,3321.0,1330.0,1329.0,1515.0,1514.0,113.91,113.92,-0.01,8.182,7.254,True
2024-25,2024,1610612760,OKC,23,11,2640.0,1098.0,1101.0,1260.0,1208.0,114.754,109.718,5.036,11,154.0,72.0,68.0,95.0,67.0,131.944,98.529,33.415,11,2486.0,1026.0,1033.0,1165.0,1141.0,113.548,110.455,3.093,30.322,28.379,12,2905.0,1219.0,1216.0,1414.0,1383.0,115.997,113.734,2.263,12,137.0,60.0,58.0,61.0,68.0,101.667,117.241,-15.575,12,2768.0,1159.0,1158.0,1353.0,1315.0,116.739,113.558,3.181,-18.755,-17.838,False
2024-25,2024,1610612753,ORL,35,17,4080.0,1649.0,1651.0,1785.0,1771.0,108.247,107.268,0.979,17,234.0,114.0,114.0,129.0,95.0,113.158,83.333,29.825,17,3846.0,1535.0,1537.0,1656.0,1676.0,107.883,109.044,-1.161,30.985,28.845,18,4370.0,1768.0,1763.0,1976.0,1976.0,111.765,112.082,-0.317,18,324.0,133.0,129.0,129.0,142.0,96.992,110.078,-13.085,18,4046.0,1635.0,1634.0,1847.0,1834.0,112.966,112.24,0.726,-13.811,-12.768,True
2024-25,2024,1610612755,PHI,36,18,4420.0,1774.0,1774.0,1958.0,1968.0,110.372,110.936,-0.564,18,351.0,163.0,160.0,165.0,180.0,101.227,112.5,-11.273,18,4069.0,1611.0,1614.0,1793.0,1788.0,111.297,110.781,0.517,-11.79,-10.709,18,4345.0,1795.0,1799.0,2096.0,2129.0,116.769,118.344,-1.575,18,266.0,123.0,128.0,133.0,157.0,108.13,122.656,-14.526,18,4079.0,1672.0,1671.0,1963.0,1972.0,117.404,118.013,-0.609,-13.917,-12.951,True
2024-25,2024,1610612756,PHX,40,20,4850.0,2004.0,2003.0,2328.0,2311.0,116.168,115.377,0.791,20,317.0,139.0,143.0,158.0,161.0,113.669,112.587,1.082,20,4533.0,1865.0,1860.0,2170.0,2150.0,116.354,115.591,0.762,0.319,0.291,20,4900.0,2019.0,2024.0,2407.0,2447.0,119.217,120.899,-1.682,20,317.0,132.0,141.0,155.0,184.0,117.424,130.496,-13.072,20,4583.0,1887.0,1883.0,2252.0,2263.0,119.343,120.181,-0.838,-12.235,-11.39,True
2024-25,2024,1610612757,POR,32,16,3840.0,1590.0,1591.0,1784.0,1802.0,112.201,113.262,-1.061,16,222.0,104.0,96.0,122.0,120.0,117.308,125.0,-7.692,16,3618.0,1486.0,1495.0,1662.0,1682.0,111.844,112.508,-0.664,-7.028,-6.631,16,3940.0,1654.0,1662.0,1818.0,1838.0,109.915,110.59,-0.674,16,346.0,153.0,155.0,170.0,186.0,111.111,120.0,-8.889,16,3594.0,1501.0,1507.0,1648.0,1652.0,109.793,109.622,0.172,-9.061,-8.215,True
2024-25,2024,1610612758,SAC,42,21,5115.0,2141.0,2153.0,2440.0,2448.0,113.965,113.702,0.264,21,359.0,165.0,171.0,195.0,187.0,118.182,109.357,8.825,21,4756.0,1976.0,1982.0,2245.0,2261.0,113.613,114.077,-0.463,9.288,8.561,21,5165.0,2125.0,2119.0,2481.0,2474.0,116.753,116.753,-0.0,21,457.0,206.0,205.0,231.0,220.0,112.136,107.317,4.819,21,4708.0,1919.0,1914.0,2250.0,2254.0,117.249,117.764,-0.515,5.334,4.819,True
2024-25,2024,1610612759,SAS,37,18,4370.0,1825.0,1814.0,2082.0,2083.0,114.082,114.829,-0.747,18,354.0,162.0,158.0,175.0,183.0,108.025,115.823,-7.798,18,4016.0,1663.0,1656.0,1907.0,1900.0,114.672,114.734,-0.062,-7.736,-7.051,19,4560.0,1915.0,1919.0,2224.0,2244.0,116.136,116.936,-0.8,19,283.0,126.0,125.0,123.0,121.0,97.619,96.8,0.819,19,4277.0,1789.0,1794.0,2101.0,2123.0,117.44,118.339,-0.899,1.718,1.619,True
2024-25,2024,1610612761,TOR,31,15,3675.0,1532.0,1535.0,1721.0,1739.0,112.337,113.29,-0.953,15,275.0,134.0,131.0,136.0,149.0,101.493,113.74,-12.248,15,3400.0,1398.0,1404.0,1585.0,1590.0,113.376,113.248,0.128,-12.376,-11.295,16,3890.0,1608.0,1613.0,1819.0,1847.0,113.122,114.507,-1.385,16,302.0,124.0,130.0,121.0,158.0,97.581,121.538,-23.958,16,3588.0,1484.0,1483.0,1698.0,1689.0,114.42,113.891,0.53,-24.488,-22.573,True
2024-25,2024,1610612762,UTA,33,16,3890.0,1616.0,1617.0,1841.0,1886.0,113.923,116.636,-2.712,16,337.0,146.0,148.0,145.0,184.0,99.315,124.324,-25.009,16,3553.0,1470.0,1469.0,1696.0,1702.0,115.374,115.861,-0.487,-24.522,-22.297,17,4155.0,1757.0,1762.0,1992.0,2049.0,113.375,116.288,-2.913,17,272.0,117.0,133.0,135.0,173.0,115.385,130.075,-14.691,17,3883.0,1640.0,1629.0,1857.0,1876.0,113.232,115.163,-1.931,-12.76,-11.777,True
2024-25,2024,1610612764,WAS,29,14,3385.0,1431.0,1439.0,1608.0,1673.0,112.369,116.261,-3.892,14,129.0,61.0,68.0,58.0,84.0,95.082,123.529,-28.447,14,3256.0,1370.0,1371.0,1550.0,1589.0,113.139,115.901,-2.762,-25.685,-24.555,15,3625.0,1531.0,1529.0,1747.0,1749.0,114.108,114.388,-0.28,15,247.0,116.0,115.0,124.0,125.0,106.897,108.696,-1.799,15,3378.0,1415.0,1414.0,1623.0,1624.0,114.7,114.851,-0.152,-1.647,-1.519,False
2025-26,2025,1610612737,ATL,30,15,3650.0,1554.0,1558.0,1766.0,1756.0,113.642,112.709,0.934,15,275.0,126.0,122.0,149.0,140.0,118.254,114.754,3.5,15,3375.0,1428.0,1436.0,1617.0,1616.0,113.235,112.535,0.7,2.799,2.566,15,3600.0,1548.0,1549.0,1825.0,1827.0,117.894,117.947,-0.053,15,248.0,105.0,114.0,119.0,126.0,113.333,110.526,2.807,15,3352.0,1443.0,1435.0,1706.0,1701.0,118.226,118.537,-0.311,3.118,2.86,True
2025-26,2025,1610612751,BKN,26,13,3145.0,1269.0,1274.0,1420.0,1470.0,111.899,115.385,-3.485,13,163.0,63.0,63.0,58.0,83.0,92.063,131.746,-39.683,13,2982.0,1206.0,1211.0,1362.0,1387.0,112.935,114.533,-1.598,-38.084,-36.197,13,3170.0,1270.0,1268.0,1438.0,1486.0,113.228,117.192,-3.964,13,219.0,97.0,99.0,101.0,131.0,104.124,132.323,-28.2,13,2951.0,1173.0,1169.0,1337.0,1355.0,113.981,115.911,-1.93,-26.27,-24.235,False
2025-26,2025,1610612738,BOS,26,13,3120.0,1250.0,1252.0,1460.0,1477.0,116.8,117.971,-1.171,13,150.0,77.0,74.0,95.0,108.0,123.377,145.946,-22.569,13,2970.0,1173.0,1178.0,1365.0,1369.0,116.368,116.214,0.154,-22.724,-21.398,13,3170.0,1251.0,1254.0,1401.0,1394.0,111.99,111.164,0.826,13,249.0,106.0,107.0,112.0,103.0,105.66,96.262,9.399,13,2921.0,1145.0,1147.0,1289.0,1291.0,112.576,112.554,0.022,9.377,8.573,False
2025-26,2025,1610612766,CHA,26,13,3195.0,1327.0,1325.0,1545.0,1575.0,116.428,118.868,-2.44,13,262.0,106.0,108.0,110.0,123.0,103.774,113.889,-10.115,13,2933.0,1221.0,1217.0,1435.0,1452.0,117.527,119.31,-1.783,-8.332,-7.675,13,3120.0,1255.0,1250.0,1443.0,1456.0,114.98,116.48,-1.5,13,197.0,81.0,86.0,92.0,101.0,113.58,117.442,-3.862,13,2923.0,1174.0,1164.0,1351.0,1355.0,115.077,116.409,-1.332,-2.529,-2.362,False
2025-26,2025,1610612741,CHI,34,17,4130.0,1792.0,1788.0,2108.0,2103.0,117.634,117.617,0.016,17,360.0,163.0,154.0,182.0,194.0,111.656,125.974,-14.318,17,3770.0,1629.0,1634.0,1926.0,1909.0,118.232,116.83,1.402,-15.72,-14.334,17,4080.0,1732.0,1732.0,1923.0,1943.0,111.028,112.182,-1.155,17,262.0,123.0,127.0,128.0,135.0,104.065,106.299,-2.234,17,3818.0,1609.0,1605.0,1795.0,1808.0,111.56,112.648,-1.088,-1.146,-1.079,True
2025-26,2025,1610612739,CLE,33,16,3890.0,1648.0,1651.0,1838.0,1876.0,111.529,113.628,-2.099,16,233.0,103.0,108.0,113.0,116.0,109.709,107.407,2.301,16,3657.0,1545.0,1543.0,1725.0,1760.0,111.65,114.064,-2.413,4.714,4.4,17,4105.0,1694.0,1696.0,1984.0,1979.0,117.119,116.686,0.433,17,260.0,127.0,122.0,151.0,130.0,118.898,106.557,12.34,17,3845.0,1567.0,1574.0,1833.0,1849.0,116.975,117.471,-0.496,12.837,11.907,True
2025-26,2025,1610612742,DAL,38,19,4660.0,1980.0,1983.0,2158.0,2175.0,108.99,109.682,-0.692,19,417.0,187.0,184.0,188.0,193.0,100.535,104.891,-4.357,19,4243.0,1793.0,1799.0,1970.0,1982.0,109.872,110.172,-0.301,-4.056,-3.664,19,4585.0,1956.0,1958.0,2204.0,2241.0,112.679,114.454,-1.775,19,273.0,117.0,121.0,127.0,153.0,108.547,126.446,-17.899,19,4312.0,1839.0,1837.0,2077.0,2088.0,112.942,113.664,-0.722,-17.178,-16.125,True
2025-26,2025,1610612743,DEN,32,16,3940.0,1623.0,1621.0,1981.0,1992.0,122.058,122.887,-0.829,16,377.0,157.0,165.0,181.0,216.0,115.287,130.909,-15.622,16,3563.0,1466.0,1456.0,1800.0,1776.0,122.783,121.978,0.805,-16.428,-14.793,16,3915.0,1602.0,1598.0,1868.0,1858.0,116.604,116.27,0.334,16,330.0,147.0,144.0,182.0,181.0,123.81,125.694,-1.885,16,3585.0,1455.0,1454.0,1686.0,1677.0,115.876,115.337,0.539,-2.424,-2.219,True
2025-26,2025,1610612765,DET,35,17,4105.0,1727.0,1725.0,1988.0,1928.0,115.113,111.768,3.345,17,281.0,139.0,126.0,184.0,132.0,132.374,104.762,27.612,17,3824.0,1588.0,1599.0,1804.0,1796.0,113.602,112.32,1.282,26.33,24.267,18,4370.0,1815.0,1823.0,2046.0,2024.0,112.727,111.026,1.701,18,307.0,143.0,130.0,144.0,132.0,100.699,101.538,-0.839,18,4063.0,1672.0,1693.0,1902.0,1892.0,113.756,111.754,2.002,-2.841,-2.541,True
2025-26,2025,1610612744,GSW,27,13,3145.0,1306.0,1308.0,1462.0,1485.0,111.945,113.532,-1.587,13,209.0,95.0,99.0,107.0,124.0,112.632,125.253,-12.621,13,2936.0,1211.0,1209.0,1355.0,1361.0,111.891,112.572,-0.681,-11.94,-11.034,14,3410.0,1421.0,1422.0,1617.0,1615.0,113.793,113.572,0.221,14,228.0,97.0,98.0,120.0,119.0,123.711,121.429,2.283,14,3182.0,1324.0,1324.0,1497.0,1496.0,113.066,112.991,0.076,2.207,2.062,False
2025-26,2025,1610612745,HOU,35,17,4230.0,1708.0,1711.0,1944.0,1949.0,113.817,113.91,-0.093,17,442.0,184.0,189.0,208.0,221.0,113.043,116.931,-3.888,17,3788.0,1524.0,1522.0,1736.0,1728.0,113.911,113.535,0.376,-4.264,-3.795,18,4370.0,1746.0,1748.0,1978.0,1981.0,113.288,113.33,-0.042,18,310.0,135.0,127.0,157.0,151.0,116.296,118.898,-2.601,18,4060.0,1611.0,1621.0,1821.0,1830.0,113.035,112.893,0.142,-2.743,-2.559,True
2025-26,2025,1610612754,IND,29,14,3410.0,1442.0,1442.0,1536.0,1569.0,106.519,108.807,-2.288,14,270.0,109.0,120.0,103.0,127.0,94.495,105.833,-11.338,14,3140.0,1333.0,1322.0,1433.0,1442.0,107.502,109.077,-1.575,-9.763,-9.049,15,3625.0,1534.0,1529.0,1733.0,1770.0,112.973,115.762,-2.789,15,225.0,101.0,107.0,102.0,116.0,100.99,108.411,-7.421,15,3400.0,1433.0,1422.0,1631.0,1654.0,113.817,116.315,-2.498,-4.923,-4.632,True
2025-26,2025,1610612746,LAC,25,12,2929.0,1184.0,1186.0,1343.0,1378.0,113.429,116.189,-2.76,12,226.0,101.0,104.0,112.0,131.0,110.891,125.962,-15.07,12,2703.0,1083.0,1082.0,1231.0,1247.0,113.666,115.25,-1.584,-13.487,-12.311,13,3145.0,1279.0,1278.0,1432.0,1414.0,111.962,110.642,1.321,13,265.0,116.0,115.0,139.0,124.0,119.828,107.826,12.001,13,2880.0,1163.0,1163.0,1293.0,1290.0,111.178,110.92,0.258,11.744,10.681,True
2025-26,2025,1610612747,LAL,23,11,2640.0,1106.0,1111.0,1331.0,1282.0,120.344,115.392,4.952,11,111.0,55.0,44.0,75.0,42.0,136.364,95.455,40.909,11,2529.0,1051.0,1067.0,1256.0,1240.0,119.505,116.214,3.292,37.618,35.957,12,2880.0,1186.0,1182.0,1348.0,1344.0,113.659,113.706,-0.046,12,175.0,76.0,77.0,103.0,90.0,135.526,116.883,18.643,12,2705.0,1110.0,1105.0,1245.0,1254.0,112.162,113.484,-1.322,19.965,18.689,False
2025-26,2025,1610612763,MEM,35,17,4105.0,1728.0,1725.0,1928.0,1956.0,111.574,113.391,-1.817,17,260.0,112.0,113.0,125.0,122.0,111.607,107.965,3.643,17,3845.0,1616.0,1612.0,1803.0,1834.0,111.572,113.772,-2.2,5.842,5.46,18,4345.0,1847.0,1846.0,2100.0,2149.0,113.698,116.414,-2.716,18,318.0,134.0,145.0,122.0,184.0,91.045,126.897,-35.852,18,4027.0,1713.0,1701.0,1978.0,1965.0,115.47,115.52,-0.05,-35.801,-33.136,True
2025-26,2025,1610612748,MIA,27,13,3145.0,1369.0,1361.0,1504.0,1513.0,109.861,111.168,-1.307,13,196.0,90.0,93.0,97.0,100.0,107.778,107.527,0.251,13,2949.0,1279.0,1268.0,1407.0,1413.0,110.008,111.435,-1.428,1.678,1.558,14,3359.0,1441.0,1438.0,1647.0,1643.0,114.296,114.256,0.04,14,218.0,101.0,98.0,113.0,117.0,111.881,119.388,-7.507,14,3141.0,1340.0,1340.0,1534.0,1526.0,114.478,113.881,0.597,-8.104,-7.546,False
2025-26,2025,1610612749,MIL,31,15,3650.0,1518.0,1524.0,1774.0,1771.0,116.864,116.207,0.657,15,279.0,117.0,120.0,130.0,145.0,111.111,120.833,-9.722,15,3371.0,1401.0,1404.0,1644.0,1626.0,117.345,115.812,1.533,-11.255,-10.379,16,3865.0,1563.0,1561.0,1811.0,1760.0,115.867,112.748,3.119,16,266.0,116.0,113.0,149.0,115.0,128.448,101.77,26.678,16,3599.0,1447.0,1448.0,1662.0,1645.0,114.858,113.605,1.253,25.425,23.56,True
2025-26,2025,1610612750,MIN,28,14,3410.0,1423.0,1416.0,1628.0,1607.0,114.406,113.489,0.917,14,263.0,124.0,120.0,139.0,123.0,112.097,102.5,9.597,14,3147.0,1299.0,1296.0,1489.0,1484.0,114.627,114.506,0.12,9.476,8.679,14,3385.0,1435.0,1435.0,1641.0,1625.0,114.355,113.24,1.115,14,224.0,114.0,111.0,140.0,139.0,122.807,125.225,-2.418,14,3161.0,1321.0,1324.0,1501.0,1486.0,113.626,112.236,1.39,-3.809,-3.533,True
2025-26,2025,1610612740,NOP,34,17,4180.0,1753.0,1757.0,2016.0,2058.0,115.003,117.131,-2.129,17,350.0,142.0,160.0,141.0,194.0,99.296,121.25,-21.954,17,3830.0,1611.0,1597.0,1875.0,1864.0,116.387,116.719,-0.332,-21.623,-19.826,17,4104.0,1704.0,1704.0,1939.0,1988.0,113.791,116.667,-2.876,17,253.0,105.0,114.0,120.0,145.0,114.286,127.193,-12.907,17,3851.0,1599.0,1590.0,1819.0,1843.0,113.759,115.912,-2.153,-10.754,-10.032,True
2025-26,2025,1610612752,NYK,26,13,3120.0,1298.0,1298.0,1530.0,1543.0,117.874,118.875,-1.002,13,162.0,68.0,76.0,75.0,80.0,110.294,105.263,5.031,13,2958.0,1230.0,1222.0,1455.0,1463.0,118.293,119.722,-1.429,6.46,6.033,13,3195.0,1290.0,1292.0,1498.0,1454.0,116.124,112.539,3.585,13,267.0,123.0,120.0,156.0,117.0,126.829,97.5,29.329,13,2928.0,1167.0,1172.0,1342.0,1337.0,114.996,114.078,0.917,28.412,25.744,False
2025-26,2025,1610612760,OKC,29,14,3460.0,1471.0,1474.0,1651.0,1586.0,112.237,107.598,4.638,14,324.0,150.0,137.0,197.0,143.0,131.333,104.38,26.954,14,3136.0,1321.0,1337.0,1454.0,1443.0,110.068,107.928,2.14,24.814,22.316,15,3650.0,1519.0,1518.0,1703.0,1678.0,112.113,110.54,1.573,15,249.0,107.0,113.0,120.0,109.0,112.15,96.46,15.689,15,3401.0,1412.0,1405.0,1583.0,1569.0,112.11,111.673,0.438,15.251,14.116,True
2025-26,2025,1610612753,ORL,31,15,3650.0,1532.0,1527.0,1739.0,1723.0,113.512,112.836,0.676,15,320.0,149.0,150.0,175.0,165.0,117.45,110.0,7.45,15,3330.0,1383.0,1377.0,1564.0,1558.0,113.087,113.145,-0.057,7.507,6.774,16,3915.0,1606.0,1610.0,1841.0,1828.0,114.633,113.54,1.092,16,362.0,144.0,147.0,146.0,154.0,101.389,104.762,-3.373,16,3553.0,1462.0,1463.0,1695.0,1674.0,115.937,114.422,1.515,-4.888,-4.465,True
2025-26,2025,1610612755,PHI,35,17,4179.0,1730.0,1733.0,1982.0,1962.0,114.566,113.214,1.352,17,369.0,153.0,157.0,188.0,160.0,122.876,101.911,20.965,17,3810.0,1577.0,1576.0,1794.0,1802.0,113.76,114.34,-0.58,21.545,19.613,18,4420.0,1824.0,1825.0,2100.0,2086.0,115.132,114.301,0.83,18,366.0,150.0,147.0,177.0,143.0,118.0,97.279,20.721,18,4054.0,1674.0,1678.0,1923.0,1943.0,114.875,115.793,-0.918,21.639,19.891,True
2025-26,2025,1610612756,PHX,30,15,3625.0,1520.0,1518.0,1742.0,1710.0,114.605,112.648,1.957,15,262.0,127.0,126.0,163.0,145.0,128.346,115.079,13.267,15,3363.0,1393.0,1392.0,1579.0,1565.0,113.352,112.428,0.924,12.343,11.31,15,3650.0,1445.0,1445.0,1653.0,1646.0,114.394,113.91,0.484,15,261.0,111.0,107.0,107.0,121.0,96.396,113.084,-16.688,15,3389.0,1334.0,1338.0,1546.0,1525.0,115.892,113.976,1.916,-18.604,-17.172,True
2025-26,2025,1610612757,POR,35,17,4130.0,1783.0,1780.0,2085.0,2092.0,116.938,117.528,-0.59,17,303.0,150.0,155.0,190.0,200.0,126.667,129.032,-2.366,17,3827.0,1633.0,1625.0,1895.0,1892.0,116.044,116.431,-0.387,-1.979,-1.775,18,4320.0,1800.0,1797.0,1996.0,2007.0,110.889,111.686,-0.797,18,251.0,116.0,120.0,120.0,130.0,103.448,108.333,-4.885,18,4069.0,1684.0,1677.0,1876.0,1877.0,111.401,111.926,-0.525,-4.36,-4.088,True
2025-26,2025,1610612758,SAC,25,12,2930.0,1232.0,1237.0,1381.0,1405.0,112.094,113.581,-1.487,12,215.0,104.0,109.0,101.0,116.0,97.115,106.422,-9.307,12,2715.0,1128.0,1128.0,1280.0,1289.0,113.475,114.273,-0.798,-8.509,-7.82,13,3145.0,1286.0,1287.0,1477.0,1497.0,114.852,116.317,-1.465,13,217.0,95.0,93.0,105.0,118.0,110.526,126.882,-16.355,13,2928.0,1191.0,1194.0,1372.0,1379.0,115.197,115.494,-0.297,-16.059,-14.891,False
2025-26,2025,1610612759,SAS,30,15,3625.0,1527.0,1524.0,1793.0,1731.0,117.42,113.583,3.837,15,249.0,114.0,100.0,162.0,117.0,142.105,117.0,25.105,15,3376.0,1413.0,1424.0,1631.0,1614.0,115.428,113.343,2.085,23.02,21.268,15,3600.0,1497.0,1504.0,1687.0,1675.0,112.692,111.37,1.322,15,263.0,119.0,115.0,137.0,132.0,115.126,114.783,0.343,15,3337.0,1378.0,1389.0,1550.0,1543.0,112.482,111.087,1.395,-1.051,-0.979,True
2025-26,2025,1610612761,TOR,31,15,3625.0,1493.0,1493.0,1696.0,1654.0,113.597,110.784,2.813,15,204.0,81.0,77.0,83.0,85.0,102.469,110.39,-7.92,15,3421.0,1412.0,1416.0,1613.0,1569.0,114.235,110.805,3.43,-11.351,-10.734,16,3915.0,1613.0,1610.0,1781.0,1767.0,110.415,109.752,0.664,16,293.0,126.0,119.0,133.0,119.0,105.556,100.0,5.556,16,3622.0,1487.0,1491.0,1648.0,1648.0,110.827,110.53,0.297,5.258,4.892,False
2025-26,2025,1610612762,UTA,27,13,3245.0,1398.0,1395.0,1647.0,1630.0,117.811,116.846,0.965,13,253.0,124.0,117.0,153.0,120.0,123.387,102.564,20.823,13,2992.0,1274.0,1278.0,1494.0,1510.0,117.268,118.153,-0.885,21.708,19.858,14,3385.0,1457.0,1458.0,1643.0,1665.0,112.766,114.198,-1.432,14,241.0,112.0,112.0,115.0,123.0,102.679,109.821,-7.143,14,3144.0,1345.0,1346.0,1528.0,1542.0,113.606,114.562,-0.956,-6.187,-5.711,True
2025-26,2025,1610612764,WAS,21,10,2450.0,1049.0,1048.0,1218.0,1231.0,116.111,117.462,-1.351,10,225.0,101.0,99.0,95.0,115.0,94.059,116.162,-22.102,10,2225.0,948.0,949.0,1123.0,1116.0,118.46,117.597,0.862,-22.965,-20.751,11,2640.0,1138.0,1132.0,1283.0,1247.0,112.742,110.159,2.583,11,133.0,55.0,53.0,81.0,59.0,147.273,111.321,35.952,11,2507.0,1083.0,1079.0,1202.0,1188.0,110.988,110.102,0.886,35.066,33.369,False
