season_t,season_t1,season_pair,franchise_id,team_t,team_t1,clutch_possessions_t,clutch_possessions_t1,clutch_games_t,clutch_games_t1,clutch_net_rating_t,clutch_net_rating_t1,non_clutch_net_rating_t,non_clutch_net_rating_t1,all_net_rating_t,all_net_rating_t1,clutch_minus_non_clutch_net_t,clutch_minus_non_clutch_net_t1,clutch_minus_all_net_t,clutch_minus_all_net_t1,eligible_default
2000-01,2001-02,2000-01->2001-02,1610612737,ATL,ATL,308.0,357.0,46,47,-17.474,-5.039,-4.995,-4.381,-5.496,-4.41,-12.479,-0.658,-11.978,-0.629,True
2000-01,2001-02,2000-01->2001-02,1610612738,BOS,BOS,410.0,449.0,49,51,-1.797,17.563,-2.21,1.304,-2.179,2.223,0.412,16.259,0.382,15.34,True
2000-01,2001-02,2000-01->2001-02,1610612766,CHH,CHH,357.0,363.0,44,49,-4.832,3.155,2.435,1.09,2.093,1.179,-7.267,2.064,-6.925,1.976,True
2000-01,2001-02,2000-01->2001-02,1610612741,CHI,CHI,341.0,354.0,47,44,-13.869,2.13,-9.818,-9.65,-10.008,-9.076,-4.051,11.781,-3.861,11.206,True
2000-01,2001-02,2000-01->2001-02,1610612739,CLE,CLE,344.0,304.0,43,40,4.46,7.56,-4.594,-4.059,-4.177,-3.586,9.054,11.619,8.636,11.147,True
2000-01,2001-02,2000-01->2001-02,1610612742,DAL,DAL,271.0,330.0,35,39,-0.708,8.222,4.592,4.096,4.408,4.271,-5.301,4.126,-5.116,3.95,True
2000-01,2001-02,2000-01->2001-02,1610612743,DEN,DEN,367.0,340.0,49,41,5.019,-5.736,-3.159,-6.345,-2.755,-6.3,8.178,0.609,7.774,0.565,True
2000-01,2001-02,2000-01->2001-02,1610612765,DET,DET,316.0,384.0,43,50,-9.766,3.375,-1.427,2.269,-1.76,2.294,-8.339,1.106,-8.006,1.081,True
2000-01,2001-02,2000-01->2001-02,1610612744,GSW,GSW,273.0,294.0,37,39,-23.186,-19.972,-8.699,-5.037,-9.203,-5.588,-14.487,-14.935,-13.983,-14.384,True
2000-01,2001-02,2000-01->2001-02,1610612745,HOU,HOU,355.0,533.0,45,58,16.405,-10.056,1.744,-5.034,2.428,-5.393,14.661,-5.022,13.978,-4.664,True
2000-01,2001-02,2000-01->2001-02,1610612754,IND,IND,419.0,380.0,44,48,0.752,-1.947,-0.222,0.486,-0.185,0.365,0.974,-2.433,0.937,-2.312,True
2000-01,2001-02,2000-01->2001-02,1610612746,LAC,LAC,417.0,344.0,42,41,-13.012,-4.934,-2.316,-0.212,-2.903,-0.422,-10.696,-4.722,-10.109,-4.512,True
2000-01,2001-02,2000-01->2001-02,1610612747,LAL,LAL,400.0,313.0,47,39,4.065,9.567,3.445,7.522,3.458,7.606,0.62,2.045,0.607,1.961,True
2000-01,2001-02,2000-01->2001-02,1610612748,MIA,MIA,427.0,445.0,53,53,6.996,-5.897,2.031,-1.434,2.313,-1.702,4.965,-4.462,4.683,-4.195,True
2000-01,2001-02,2000-01->2001-02,1610612749,MIL,MIL,320.0,416.0,48,46,8.39,7.206,4.065,-0.706,4.245,-0.279,4.325,7.912,4.145,7.485,True
2000-01,2001-02,2000-01->2001-02,1610612750,MIN,MIN,351.0,317.0,43,39,-4.067,-8.251,1.819,3.904,1.552,3.394,-5.886,-12.154,-5.62,-11.645,True
2000-01,2001-02,2000-01->2001-02,1610612751,NJN,NJN,275.0,359.0,40,41,-12.583,-0.537,-5.14,4.493,-5.408,4.259,-7.443,-5.031,-7.174,-4.797,True
2000-01,2001-02,2000-01->2001-02,1610612752,NYK,NYK,352.0,410.0,40,54,1.705,-10.728,3.061,-3.868,2.995,-4.242,-1.357,-6.861,-1.291,-6.486,True
2000-01,2001-02,2000-01->2001-02,1610612753,ORL,ORL,398.0,275.0,49,36,-10.804,5.091,1.655,1.389,1.022,1.519,-12.459,3.702,-11.826,3.571,True
2000-01,2001-02,2000-01->2001-02,1610612755,PHI,PHI,360.0,336.0,40,46,7.334,7.148,4.455,1.551,4.581,1.791,2.879,5.597,2.752,5.357,True
2000-01,2001-02,2000-01->2001-02,1610612756,PHX,PHX,386.0,374.0,46,45,10.529,2.164,1.863,-0.894,2.286,-0.744,8.667,3.058,8.244,2.908,True
2000-01,2001-02,2000-01->2001-02,1610612757,POR,POR,289.0,351.0,44,45,9.708,11.983,3.993,2.855,4.212,3.275,5.715,9.128,5.495,8.709,True
2000-01,2001-02,2000-01->2001-02,1610612758,SAC,SAC,501.0,242.0,46,31,9.397,15.348,5.422,7.926,5.685,8.137,3.974,7.422,3.712,7.212,True
2000-01,2001-02,2000-01->2001-02,1610612759,SAS,SAS,266.0,361.0,28,43,-2.627,-4.227,8.726,7.45,8.323,6.892,-11.354,-11.678,-10.95,-11.119,True
2000-01,2001-02,2000-01->2001-02,1610612760,SEA,SEA,349.0,326.0,47,43,-3.979,-5.56,0.388,3.647,0.19,3.251,-4.367,-9.207,-4.169,-8.811,True
2000-01,2001-02,2000-01->2001-02,1610612761,TOR,TOR,343.0,385.0,44,48,4.658,2.622,2.204,-0.771,2.332,-0.595,2.454,3.393,2.326,3.218,True
2000-01,2001-02,2000-01->2001-02,1610612762,UTA,UTA,320.0,352.0,45,42,21.684,-3.693,4.499,1.161,5.225,0.936,17.185,-4.854,16.459,-4.629,True
2000-01,2001-02,2000-01->2001-02,1610612763,VAN,MEM,284.0,313.0,40,43,-4.577,-9.338,-6.039,-7.995,-5.985,-8.037,1.461,-1.344,1.407,-1.301,True
2000-01,2001-02,2000-01->2001-02,1610612764,WAS,WAS,282.0,293.0,38,41,1.418,-0.679,-7.155,-1.651,-6.833,-1.612,8.574,0.972,8.251,0.933,True
2001-02,2002-03,2001-02->2002-03,1610612737,ATL,ATL,357.0,344.0,47,40,-5.039,4.917,-4.381,-4.226,-4.41,-3.814,-0.658,9.143,-0.629,8.731,True
2001-02,2002-03,2001-02->2002-03,1610612738,BOS,BOS,449.0,380.0,51,49,17.563,2.996,1.304,-0.735,2.223,-0.553,16.259,3.73,15.34,3.549,True
2001-02,2002-03,2001-02->2002-03,1610612741,CHI,CHI,354.0,320.0,44,37,2.13,-3.125,-9.65,-5.163,-9.076,-5.08,11.781,2.038,11.206,1.955,True
2001-02,2002-03,2001-02->2002-03,1610612739,CLE,CLE,304.0,321.0,40,36,7.56,-9.468,-4.059,-9.894,-3.586,-9.865,11.619,0.426,11.147,0.397,True
2001-02,2002-03,2001-02->2002-03,1610612742,DAL,DAL,330.0,311.0,39,38,8.222,11.241,4.096,8.146,4.271,8.271,4.126,3.095,3.95,2.971,True
2001-02,2002-03,2001-02->2002-03,1610612743,DEN,DEN,340.0,230.0,41,33,-5.736,-21.366,-6.345,-8.449,-6.3,-8.866,0.609,-12.917,0.565,-12.5,True
2001-02,2002-03,2001-02->2002-03,1610612765,DET,DET,384.0,382.0,50,46,3.375,11.172,2.269,3.792,2.294,4.18,1.106,7.381,1.081,6.992,True
2001-02,2002-03,2001-02->2002-03,1610612744,GSW,GSW,294.0,336.0,39,49,-19.972,-4.917,-5.037,-1.151,-5.588,-1.314,-14.935,-3.766,-14.384,-3.603,True
2001-02,2002-03,2001-02->2002-03,1610612745,HOU,HOU,533.0,348.0,58,43,-10.056,13.488,-5.034,0.922,-5.393,1.504,-5.022,12.566,-4.664,11.984,True
2001-02,2002-03,2001-02->2002-03,1610612754,IND,IND,380.0,397.0,48,41,-1.947,-7.141,0.486,4.125,0.365,3.548,-2.433,-11.266,-2.312,-10.689,True
2001-02,2002-03,2001-02->2002-03,1610612746,LAC,LAC,344.0,403.0,41,47,-4.934,-22.458,-0.212,-2.979,-0.422,-4.012,-4.722,-19.479,-4.512,-18.446,True
2001-02,2002-03,2001-02->2002-03,1610612747,LAL,LAL,313.0,349.0,39,43,9.567,10.576,7.522,1.808,7.606,2.198,2.045,8.768,1.961,8.379,True
2001-02,2002-03,2001-02->2002-03,1610612763,MEM,MEM,313.0,400.0,43,42,-9.338,-6.662,-7.995,-3.36,-8.037,-3.527,-1.344,-3.302,-1.301,-3.134,True
2001-02,2002-03,2001-02->2002-03,1610612748,MIA,MIA,445.0,318.0,53,41,-5.897,-17.296,-1.434,-5.247,-1.702,-5.768,-4.462,-12.049,-4.195,-11.528,True
2001-02,2002-03,2001-02->2002-03,1610612749,MIL,MIL,416.0,451.0,46,50,7.206,2.235,-0.706,0.212,-0.279,0.334,7.912,2.023,7.485,1.901,True
2001-02,2002-03,2001-02->2002-03,1610612750,MIN,MIN,317.0,297.0,39,40,-8.251,14.387,3.904,1.738,3.394,2.213,-12.154,12.65,-11.645,12.174,True
2001-02,2002-03,2001-02->2002-03,1610612751,NJN,NJN,359.0,284.0,41,36,-0.537,-16.901,4.493,6.298,4.259,5.435,-5.031,-23.2,-4.797,-22.337,True
2001-02,2002-03,2001-02->2002-03,1610612752,NYK,NYK,410.0,412.0,54,58,-10.728,-6.326,-3.868,-1.035,-4.242,-1.321,-6.861,-5.291,-6.486,-5.005,True
2001-02,2002-03,2001-02->2002-03,1610612753,ORL,ORL,275.0,345.0,36,45,5.091,1.294,1.389,-0.023,1.519,0.048,3.702,1.317,3.571,1.246,True
2001-02,2002-03,2001-02->2002-03,1610612755,PHI,PHI,336.0,419.0,46,49,7.148,3.85,1.551,2.545,1.791,2.613,5.597,1.305,5.357,1.237,True
2001-02,2002-03,2001-02->2002-03,1610612756,PHX,PHX,374.0,379.0,45,52,2.164,20.844,-0.894,0.291,-0.744,1.311,3.058,20.553,2.908,19.534,True
2001-02,2002-03,2001-02->2002-03,1610612757,POR,POR,351.0,374.0,45,39,11.983,-1.012,2.855,2.911,3.275,2.709,9.128,-3.923,8.709,-3.721,True
2001-02,2002-03,2001-02->2002-03,1610612758,SAC,SAC,242.0,337.0,31,39,15.348,2.638,7.926,6.771,8.137,6.6,7.422,-4.133,7.212,-3.961,True
2001-02,2002-03,2001-02->2002-03,1610612759,SAS,SAS,361.0,338.0,43,44,-4.227,2.367,7.45,5.994,6.892,5.836,-11.678,-3.627,-11.119,-3.469,True
2001-02,2002-03,2001-02->2002-03,1610612760,SEA,SEA,326.0,382.0,43,48,-5.56,1.833,3.647,-0.301,3.251,-0.191,-9.207,2.134,-8.811,2.024,True
2001-02,2002-03,2001-02->2002-03,1610612761,TOR,TOR,385.0,340.0,48,45,2.622,-2.506,-0.771,-6.493,-0.595,-6.309,3.393,3.987,3.218,3.803,True
2001-02,2002-03,2001-02->2002-03,1610612762,UTA,UTA,352.0,302.0,42,37,-3.693,3.659,1.161,2.549,0.936,2.592,-4.854,1.11,-4.629,1.067,True
2001-02,2002-03,2001-02->2002-03,1610612764,WAS,WAS,293.0,393.0,41,51,-0.679,-1.239,-1.651,-1.072,-1.612,-1.081,0.972,-0.168,0.933,-0.158,True
2002-03,2003-04,2002-03->2003-04,1610612737,ATL,ATL,344.0,427.0,40,47,4.917,-16.768,-4.226,-4.063,-3.814,-4.772,9.143,-12.705,8.731,-11.996,True
2002-03,2003-04,2002-03->2003-04,1610612738,BOS,BOS,380.0,351.0,49,48,2.996,-3.976,-0.735,-1.432,-0.553,-1.547,3.73,-2.545,3.549,-2.429,True
2002-03,2003-04,2002-03->2003-04,1610612741,CHI,CHI,320.0,349.0,37,43,-3.125,-16.893,-5.163,-6.041,-5.08,-6.533,2.038,-10.852,1.955,-10.361,True
2002-03,2003-04,2002-03->2003-04,1610612739,CLE,CLE,321.0,363.0,36,48,-9.468,-3.992,-9.894,-2.493,-9.865,-2.552,0.426,-1.499,0.397,-1.441,True
2002-03,2003-04,2002-03->2003-04,1610612742,DAL,DAL,311.0,302.0,38,40,11.241,-14.796,8.146,5.273,8.271,4.496,3.095,-20.07,2.971,-19.292,True
2002-03,2003-04,2002-03->2003-04,1610612743,DEN,DEN,230.0,301.0,33,39,-21.366,13.725,-8.449,0.479,-8.866,0.987,-12.917,13.246,-12.5,12.738,True
2002-03,2003-04,2002-03->2003-04,1610612765,DET,DET,382.0,373.0,46,45,11.172,9.278,3.792,6.301,4.18,6.453,7.381,2.977,6.992,2.825,True
2002-03,2003-04,2002-03->2003-04,1610612744,GSW,GSW,336.0,359.0,49,43,-4.917,-11.838,-1.151,-0.544,-1.314,-1.082,-3.766,-11.294,-3.603,-10.755,True
2002-03,2003-04,2002-03->2003-04,1610612745,HOU,HOU,348.0,412.0,43,44,13.488,0.111,0.922,2.026,1.504,1.91,12.566,-1.915,11.984,-1.799,True
2002-03,2003-04,2002-03->2003-04,1610612754,IND,IND,397.0,362.0,41,43,-7.141,18.635,4.125,5.735,3.548,6.338,-11.266,12.9,-10.689,12.298,True
2002-03,2003-04,2002-03->2003-04,1610612746,LAC,LAC,403.0,313.0,47,42,-22.458,-12.533,-2.979,-4.361,-4.012,-4.694,-19.479,-8.173,-18.446,-7.839,True
2002-03,2003-04,2002-03->2003-04,1610612747,LAL,LAL,349.0,393.0,43,41,10.576,17.693,1.808,3.368,2.198,4.063,8.768,14.324,8.379,13.63,True
2002-03,2003-04,2002-03->2003-04,1610612763,MEM,MEM,400.0,377.0,42,48,-6.662,10.056,-3.36,2.235,-3.527,2.621,-3.302,7.821,-3.134,7.435,True
2002-03,2003-04,2002-03->2003-04,1610612748,MIA,MIA,318.0,320.0,41,42,-17.296,10.897,-5.247,-0.172,-5.768,0.298,-12.049,11.069,-11.528,10.599,True
2002-03,2003-04,2002-03->2003-04,1610612749,MIL,MIL,451.0,418.0,50,53,2.235,-2.864,0.212,1.335,0.334,1.106,2.023,-4.199,1.901,-3.969,True
2002-03,2003-04,2002-03->2003-04,1610612750,MIN,MIN,297.0,346.0,40,40,14.387,11.013,1.738,5.442,2.213,5.703,12.65,5.57,12.174,5.309,True
2002-03,2003-04,2002-03->2003-04,1610612751,NJN,NJN,284.0,272.0,36,33,-16.901,0.045,6.298,2.684,5.435,2.588,-23.2,-2.639,-22.337,-2.543,True
2002-03,2003-04,2002-03->2003-04,1610612740,NOH,NOH,393.0,383.0,46,48,5.875,1.828,2.16,0.045,2.353,0.135,3.714,1.783,3.521,1.693,True
2002-03,2003-04,2002-03->2003-04,1610612752,NYK,NYK,412.0,391.0,58,41,-6.326,10.916,-1.035,-2.299,-1.321,-1.627,-5.291,13.215,-5.005,12.543,True
2002-03,2003-04,2002-03->2003-04,1610612753,ORL,ORL,345.0,318.0,45,41,1.294,-2.205,-0.023,-7.658,0.048,-7.428,1.317,5.453,1.246,5.223,True
2002-03,2003-04,2002-03->2003-04,1610612755,PHI,PHI,419.0,343.0,49,43,3.85,-8.348,2.545,-2.343,2.613,-2.629,1.305,-6.005,1.237,-5.72,True
2002-03,2003-04,2002-03->2003-04,1610612756,PHX,PHX,379.0,361.0,52,48,20.844,-13.996,0.291,-3.337,1.311,-3.839,20.553,-10.659,19.534,-10.157,True
2002-03,2003-04,2002-03->2003-04,1610612757,POR,POR,374.0,417.0,39,50,-1.012,2.626,2.911,-1.721,2.709,-1.469,-3.923,4.348,-3.721,4.096,True
2002-03,2003-04,2002-03->2003-04,1610612758,SAC,SAC,337.0,369.0,39,43,2.638,8.473,6.771,5.226,6.6,5.373,-4.133,3.247,-3.961,3.1,True
2002-03,2003-04,2002-03->2003-04,1610612759,SAS,SAS,338.0,288.0,44,38,2.367,-1.736,5.994,8.322,5.836,7.932,-3.627,-10.058,-3.469,-9.668,True
2002-03,2003-04,2002-03->2003-04,1610612760,SEA,SEA,382.0,337.0,48,42,1.833,2.868,-0.301,-0.99,-0.191,-0.816,2.134,3.857,2.024,3.684,True
2002-03,2003-04,2002-03->2003-04,1610612761,TOR,TOR,340.0,440.0,45,47,-2.506,-4.447,-6.493,-3.354,-6.309,-3.415,3.987,-1.092,3.803,-1.031,True
2002-03,2003-04,2002-03->2003-04,1610612762,UTA,UTA,302.0,303.0,37,41,3.659,11.293,2.549,-1.834,2.592,-1.292,1.11,13.127,1.067,12.584,True
2002-03,2003-04,2002-03->2003-04,1610612764,WAS,WAS,393.0,321.0,51,39,-1.239,-12.553,-1.072,-5.462,-1.081,-5.761,-0.168,-7.091,-0.158,-6.791,True
2003-04,2004-05,2003-04->2004-05,1610612737,ATL,ATL,427.0,345.0,47,37,-16.768,-14.978,-4.063,-9.933,-4.772,-10.16,-12.705,-5.045,-11.996,-4.818,True
2003-04,2004-05,2003-04->2004-05,1610612738,BOS,BOS,351.0,482.0,48,51,-3.976,3.484,-1.432,0.659,-1.547,0.839,-2.545,2.825,-2.429,2.646,True
2003-04,2004-05,2003-04->2004-05,1610612741,CHI,CHI,349.0,419.0,43,46,-16.893,9.649,-6.041,0.959,-6.533,1.412,-10.852,8.69,-10.361,8.237,True
2003-04,2004-05,2003-04->2004-05,1610612739,CLE,CLE,363.0,269.0,48,36,-3.992,-8.418,-2.493,0.906,-2.552,0.572,-1.499,-9.325,-1.441,-8.99,True
2003-04,2004-05,2003-04->2004-05,1610612742,DAL,DAL,302.0,286.0,40,43,-14.796,16.478,5.273,5.504,4.496,5.906,-20.07,10.974,-19.292,10.572,True
2003-04,2004-05,2003-04->2004-05,1610612743,DEN,DEN,301.0,299.0,39,39,13.725,10.702,0.479,1.816,0.987,2.157,13.246,8.887,12.738,8.546,True
2003-04,2004-05,2003-04->2004-05,1610612765,DET,DET,373.0,368.0,45,40,9.278,8.033,6.301,4.159,6.453,4.345,2.977,3.874,2.825,3.688,True
2003-04,2004-05,2003-04->2004-05,1610612744,GSW,GSW,359.0,404.0,43,49,-11.838,6.859,-0.544,-2.639,-1.082,-2.166,-11.294,9.498,-10.755,9.025,True
2003-04,2004-05,2003-04->2004-05,1610612745,HOU,HOU,412.0,347.0,44,43,0.111,-8.974,2.026,4.902,1.91,4.258,-1.915,-13.876,-1.799,-13.232,True
2003-04,2004-05,2003-04->2004-05,1610612754,IND,IND,362.0,448.0,43,51,18.635,9.046,5.735,0.487,6.338,0.997,12.9,8.559,12.298,8.049,True
2003-04,2004-05,2003-04->2004-05,1610612746,LAC,LAC,313.0,485.0,42,50,-12.533,-5.471,-4.361,-0.459,-4.694,-0.778,-8.173,-5.013,-7.839,-4.694,True
2003-04,2004-05,2003-04->2004-05,1610612747,LAL,LAL,393.0,375.0,41,49,17.693,2.759,3.368,-3.529,4.063,-3.193,14.324,6.288,13.63,5.952,True
2003-04,2004-05,2003-04->2004-05,1610612763,MEM,MEM,377.0,311.0,48,48,10.056,10.589,2.235,2.359,2.621,2.708,7.821,8.23,7.435,7.881,True
2003-04,2004-05,2003-04->2004-05,1610612748,MIA,MIA,320.0,411.0,42,42,10.897,11.032,-0.172,6.479,0.298,6.716,11.069,4.552,10.599,4.316,True
2003-04,2004-05,2003-04->2004-05,1610612749,MIL,MIL,418.0,383.0,53,47,-2.864,-2.987,1.335,-2.958,1.106,-2.96,-4.199,-0.029,-3.969,-0.027,True
2003-04,2004-05,2003-04->2004-05,1610612750,MIN,MIN,346.0,335.0,40,55,11.013,12.233,5.442,1.107,5.703,1.614,5.57,11.125,5.309,10.619,True
2003-04,2004-05,2003-04->2004-05,1610612751,NJN,NJN,272.0,340.0,33,39,0.045,4.088,2.684,-1.965,2.588,-1.708,-2.639,6.053,-2.543,5.796,True
2003-04,2004-05,2003-04->2004-05,1610612740,NOH,NOH,383.0,417.0,48,48,1.828,-19.538,0.045,-6.958,0.135,-7.67,1.783,-12.579,1.693,-11.867,True
2003-04,2004-05,2003-04->2004-05,1610612752,NYK,NYK,391.0,395.0,41,47,10.916,-15.096,-2.299,-2.03,-1.627,-2.718,13.215,-13.066,12.543,-12.377,True
2003-04,2004-05,2003-04->2004-05,1610612753,ORL,ORL,318.0,356.0,41,49,-2.205,-9.532,-7.658,-1.907,-7.428,-2.251,5.453,-7.624,5.223,-7.28,True
2003-04,2004-05,2003-04->2004-05,1610612755,PHI,PHI,343.0,427.0,43,47,-8.348,0.894,-2.343,-0.745,-2.629,-0.674,-6.005,1.639,-5.72,1.568,True
2003-04,2004-05,2003-04->2004-05,1610612756,PHX,PHX,361.0,272.0,48,39,-13.996,12.864,-3.337,6.786,-3.839,6.993,-10.659,6.078,-10.157,5.871,True
2003-04,2004-05,2003-04->2004-05,1610612757,POR,POR,417.0,346.0,50,47,2.626,-13.971,-1.721,-3.799,-1.469,-4.271,4.348,-10.172,4.096,-9.7,True
2003-04,2004-05,2003-04->2004-05,1610612758,SAC,SAC,369.0,425.0,43,48,8.473,0.338,5.226,2.387,5.373,2.277,3.247,-2.049,3.1,-1.94,True
2003-04,2004-05,2003-04->2004-05,1610612759,SAS,SAS,288.0,297.0,38,32,-1.736,-1.336,8.322,8.691,7.932,8.305,-10.058,-10.028,-9.668,-9.642,True
2003-04,2004-05,2003-04->2004-05,1610612760,SEA,SEA,337.0,320.0,42,43,2.868,14.407,-0.99,1.794,-0.816,2.336,3.857,12.613,3.684,12.071,True
2003-04,2004-05,2003-04->2004-05,1610612761,TOR,TOR,440.0,356.0,47,46,-4.447,6.09,-3.354,-2.202,-3.415,-1.824,-1.092,8.292,-1.031,7.914,True
2003-04,2004-05,2003-04->2004-05,1610612762,UTA,UTA,303.0,334.0,41,41,11.293,-11.139,-1.834,-4.115,-1.292,-4.434,13.127,-7.024,12.584,-6.705,True
2003-04,2004-05,2003-04->2004-05,1610612764,WAS,WAS,321.0,416.0,39,51,-12.553,-0.24,-5.462,-0.437,-5.761,-0.427,-7.091,0.197,-6.791,0.186,True
2004-05,2005-06,2004-05->2005-06,1610612737,ATL,ATL,345.0,453.0,37,52,-14.978,-11.42,-9.933,-4.951,-10.16,-5.33,-5.045,-6.469,-4.818,-6.091,True
2004-05,2005-06,2004-05->2005-06,1610612738,BOS,BOS,482.0,495.0,51,54,3.484,-7.418,0.659,-1.139,0.839,-1.536,2.825,-6.278,2.646,-5.882,True
2004-05,2005-06,2004-05->2005-06,1610612766,CHA,CHA,406.0,360.0,47,45,-16.145,0.814,-5.653,-4.638,-6.204,-4.393,-10.492,5.453,-9.941,5.207,True
2004-05,2005-06,2004-05->2005-06,1610612741,CHI,CHI,419.0,469.0,46,52,9.649,12.905,0.959,-0.105,1.412,0.67,8.69,13.01,8.237,12.235,True
2004-05,2005-06,2004-05->2005-06,1610612739,CLE,CLE,269.0,391.0,36,52,-8.418,6.923,0.906,1.883,0.572,2.145,-9.325,5.04,-8.99,4.778,True
2004-05,2005-06,2004-05->2005-06,1610612742,DAL,DAL,286.0,372.0,43,44,16.478,8.261,5.504,6.676,5.906,6.732,10.974,1.586,10.572,1.529,True
2004-05,2005-06,2004-05->2005-06,1610612743,DEN,DEN,299.0,377.0,39,41,10.702,0.309,1.816,0.332,2.157,0.334,8.887,-0.024,8.546,-0.025,True
2004-05,2005-06,2004-05->2005-06,1610612765,DET,DET,368.0,313.0,40,38,8.033,11.164,4.159,7.395,4.345,7.554,3.874,3.769,3.688,3.61,True
2004-05,2005-06,2004-05->2005-06,1610612744,GSW,GSW,404.0,388.0,49,51,6.859,-11.757,-2.639,-0.808,-2.166,-1.356,9.498,-10.949,9.025,-10.401,True
2004-05,2005-06,2004-05->2005-06,1610612745,HOU,HOU,347.0,351.0,43,45,-8.974,-3.395,4.902,-1.645,4.258,-1.725,-13.876,-1.75,-13.232,-1.67,True
2004-05,2005-06,2004-05->2005-06,1610612754,IND,IND,448.0,315.0,51,47,9.046,-10.2,0.487,2.586,0.997,2.048,8.559,-12.787,8.049,-12.248,True
2004-05,2005-06,2004-05->2005-06,1610612746,LAC,LAC,485.0,291.0,50,40,-5.471,19.772,-0.459,0.918,-0.778,1.641,-5.013,18.854,-4.694,18.131,True
2004-05,2005-06,2004-05->2005-06,1610612747,LAL,LAL,375.0,348.0,49,40,2.759,-0.877,-3.529,2.778,-3.193,2.604,6.288,-3.655,5.952,-3.481,True
2004-05,2005-06,2004-05->2005-06,1610612763,MEM,MEM,311.0,366.0,48,44,10.589,10.594,2.359,3.803,2.708,4.134,8.23,6.792,7.881,6.46,True
2004-05,2005-06,2004-05->2005-06,1610612748,MIA,MIA,411.0,284.0,42,42,11.032,9.53,6.479,3.873,6.716,4.078,4.552,5.658,4.316,5.453,True
2004-05,2005-06,2004-05->2005-06,1610612749,MIL,MIL,383.0,406.0,47,54,-2.987,8.409,-2.958,-1.567,-2.96,-1.042,-0.029,9.977,-0.027,9.452,True
2004-05,2005-06,2004-05->2005-06,1610612750,MIN,MIN,335.0,407.0,55,53,12.233,-14.519,1.107,-1.288,1.614,-2.023,11.125,-13.231,10.619,-12.496,True
2004-05,2005-06,2004-05->2005-06,1610612751,NJN,NJN,340.0,305.0,39,44,4.088,10.17,-1.965,1.152,-1.708,1.518,6.053,9.018,5.796,8.653,True
2004-05,2005-06,2004-05->2005-06,1610612740,NOH,NOK,417.0,299.0,48,45,-19.538,9.732,-6.958,-3.305,-7.67,-2.779,-12.579,13.037,-11.867,12.511,True
2004-05,2005-06,2004-05->2005-06,1610612752,NYK,NYK,395.0,389.0,47,40,-15.096,-12.901,-2.03,-6.273,-2.718,-6.606,-13.066,-6.628,-12.377,-6.295,True
2004-05,2005-06,2004-05->2005-06,1610612753,ORL,ORL,356.0,363.0,49,43,-9.532,-3.121,-1.907,-1.218,-2.251,-1.305,-7.624,-1.903,-7.28,-1.816,True
2004-05,2005-06,2004-05->2005-06,1610612755,PHI,PHI,427.0,419.0,47,46,0.894,-3.725,-0.745,-1.703,-0.674,-1.824,1.639,-2.022,1.568,-1.901,True
2004-05,2005-06,2004-05->2005-06,1610612756,PHX,PHX,272.0,355.0,39,42,12.864,0.425,6.786,5.649,6.993,5.42,6.078,-5.225,5.871,-4.995,True
2004-05,2005-06,2004-05->2005-06,1610612757,POR,POR,346.0,334.0,47,39,-13.971,-13.167,-3.799,-10.531,-4.271,-10.65,-10.172,-2.636,-9.7,-2.516,True
2004-05,2005-06,2004-05->2005-06,1610612758,SAC,SAC,425.0,315.0,48,40,0.338,4.127,2.387,1.656,2.277,1.757,-2.049,2.471,-1.94,2.37,True
2004-05,2005-06,2004-05->2005-06,1610612759,SAS,SAS,297.0,329.0,32,39,-1.336,12.286,8.691,7.259,8.305,7.466,-10.028,5.028,-9.642,4.821,True
2004-05,2005-06,2004-05->2005-06,1610612760,SEA,SEA,320.0,344.0,43,44,14.407,1.296,1.794,-3.484,2.336,-3.269,12.613,4.78,12.071,4.566,True
2004-05,2005-06,2004-05->2005-06,1610612761,TOR,TOR,356.0,437.0,46,49,6.09,-12.845,-2.202,-2.636,-1.824,-3.22,8.292,-10.209,7.914,-9.625,True
2004-05,2005-06,2004-05->2005-06,1610612762,UTA,UTA,334.0,332.0,41,41,-11.139,3.337,-4.115,-3.006,-4.434,-2.721,-7.024,6.342,-6.705,6.058,True
2004-05,2005-06,2004-05->2005-06,1610612764,WAS,WAS,416.0,392.0,51,48,-0.24,-4.907,-0.437,2.272,-0.427,1.909,0.197,-7.18,0.186,-6.816,True
2005-06,2006-07,2005-06->2006-07,1610612737,ATL,ATL,453.0,314.0,52,38,-11.42,-5.396,-4.951,-5.084,-5.33,-5.092,-6.469,-0.312,-6.091,-0.304,True
2005-06,2006-07,2005-06->2006-07,1610612738,BOS,BOS,495.0,375.0,54,53,-7.418,-0.31,-1.139,-3.658,-1.536,-3.481,-6.278,3.348,-5.882,3.17,True
2005-06,2006-07,2005-06->2006-07,1610612766,CHA,CHA,360.0,374.0,45,39,0.814,-9.419,-4.638,-3.577,-4.393,-3.861,5.453,-5.843,5.207,-5.558,True
2005-06,2006-07,2005-06->2006-07,1610612741,CHI,CHI,469.0,342.0,52,43,12.905,8.401,-0.105,5.035,0.67,5.175,13.01,3.366,12.235,3.226,True
2005-06,2006-07,2005-06->2006-07,1610612739,CLE,CLE,391.0,427.0,52,48,6.923,10.313,1.883,3.472,2.145,3.841,5.04,6.84,4.778,6.471,True
2005-06,2006-07,2005-06->2006-07,1610612742,DAL,DAL,372.0,327.0,44,38,8.261,25.297,6.676,6.855,6.732,7.605,1.586,18.443,1.529,17.693,True
2005-06,2006-07,2005-06->2006-07,1610612743,DEN,DEN,377.0,341.0,41,46,0.309,-4.991,0.332,1.953,0.334,1.656,-0.024,-6.945,-0.025,-6.648,True
2005-06,2006-07,2005-06->2006-07,1610612765,DET,DET,313.0,418.0,38,52,11.164,12.665,7.395,4.286,7.554,4.763,3.769,8.379,3.61,7.902,True
2005-06,2006-07,2005-06->2006-07,1610612744,GSW,GSW,388.0,282.0,51,39,-11.757,-6.738,-0.808,-0.1,-1.356,-0.327,-10.949,-6.638,-10.401,-6.41,True
2005-06,2006-07,2005-06->2006-07,1610612745,HOU,HOU,351.0,354.0,45,48,-3.395,-8.691,-1.645,5.563,-1.725,4.923,-1.75,-14.254,-1.67,-13.614,True
2005-06,2006-07,2005-06->2006-07,1610612754,IND,IND,315.0,312.0,47,41,-10.2,1.635,2.586,-2.682,2.048,-2.504,-12.787,4.316,-12.248,4.138,True
2005-06,2006-07,2005-06->2006-07,1610612746,LAC,LAC,291.0,280.0,40,39,19.772,-2.228,0.918,-0.352,1.641,-0.42,18.854,-1.876,18.131,-1.808,True
2005-06,2006-07,2005-06->2006-07,1610612747,LAL,LAL,348.0,462.0,40,48,-0.877,-1.153,2.778,-0.141,2.604,-0.198,-3.655,-1.011,-3.481,-0.954,True
2005-06,2006-07,2005-06->2006-07,1610612763,MEM,MEM,366.0,416.0,44,42,10.594,-5.079,3.803,-5.187,4.134,-5.17,6.792,0.108,6.46,0.091,True
2005-06,2006-07,2005-06->2006-07,1610612748,MIA,MIA,284.0,363.0,42,38,9.53,9.313,3.873,-1.723,4.078,-1.181,5.658,11.036,5.453,10.494,True
2005-06,2006-07,2005-06->2006-07,1610612749,MIL,MIL,406.0,360.0,54,44,8.409,-9.257,-1.567,-4.058,-1.042,-4.299,9.977,-5.199,9.452,-4.958,True
2005-06,2006-07,2005-06->2006-07,1610612750,MIN,MIN,407.0,456.0,53,48,-14.519,-3.045,-1.288,-4.109,-2.023,-4.039,-13.231,1.065,-12.496,0.995,True
2005-06,2006-07,2005-06->2006-07,1610612751,NJN,NJN,305.0,423.0,44,48,10.17,-8.707,1.152,-0.497,1.518,-0.943,9.018,-8.21,8.653,-7.763,True
2005-06,2006-07,2005-06->2006-07,1610612740,NOK,NOK,299.0,405.0,45,49,9.732,4.658,-3.305,-2.0,-2.779,-1.639,13.037,6.658,12.511,6.296,True
2005-06,2006-07,2005-06->2006-07,1610612752,NYK,NYK,389.0,446.0,40,49,-12.901,4.548,-6.273,-3.576,-6.606,-3.097,-6.628,8.124,-6.295,7.645,True
2005-06,2006-07,2005-06->2006-07,1610612753,ORL,ORL,363.0,321.0,43,42,-3.121,-16.191,-1.218,1.535,-1.305,0.774,-1.903,-17.726,-1.816,-16.965,True
2005-06,2006-07,2005-06->2006-07,1610612755,PHI,PHI,419.0,385.0,46,38,-3.725,8.627,-1.703,-3.854,-1.824,-3.233,-2.022,12.481,-1.901,11.86,True
2005-06,2006-07,2005-06->2006-07,1610612756,PHX,PHX,355.0,382.0,42,45,0.425,6.689,5.649,7.454,5.42,7.407,-5.225,-0.765,-4.995,-0.718,True
2005-06,2006-07,2005-06->2006-07,1610612757,POR,POR,334.0,411.0,39,42,-13.167,0.882,-10.531,-5.094,-10.65,-4.766,-2.636,5.976,-2.516,5.648,True
2005-06,2006-07,2005-06->2006-07,1610612758,SAC,SAC,315.0,366.0,40,44,4.127,-15.252,1.656,-0.94,1.757,-1.604,2.471,-14.311,2.37,-13.648,True
2005-06,2006-07,2005-06->2006-07,1610612759,SAS,SAS,329.0,269.0,39,40,12.286,2.23,7.259,9.442,7.466,9.181,5.028,-7.212,4.821,-6.95,True
2005-06,2006-07,2005-06->2006-07,1610612760,SEA,SEA,344.0,381.0,44,47,1.296,1.685,-3.484,-3.241,-3.269,-2.989,4.78,4.926,4.566,4.674,True
2005-06,2006-07,2005-06->2006-07,1610612761,TOR,TOR,437.0,290.0,49,39,-12.845,6.895,-2.636,1.004,-3.22,1.225,-10.209,5.892,-9.625,5.67,True
2005-06,2006-07,2005-06->2006-07,1610612762,UTA,UTA,332.0,391.0,41,46,3.337,6.401,-3.006,2.824,-2.721,3.012,6.342,3.577,6.058,3.389,True
2005-06,2006-07,2005-06->2006-07,1610612764,WAS,WAS,392.0,437.0,48,47,-4.907,-12.378,2.272,0.363,1.909,-0.354,-7.18,-12.742,-6.816,-12.025,True
2006-07,2007-08,2006-07->2007-08,1610612737,ATL,ATL,314.0,337.0,38,45,-5.396,-10.913,-5.084,-1.361,-5.092,-1.783,-0.312,-9.552,-0.304,-9.13,True
2006-07,2007-08,2006-07->2007-08,1610612738,BOS,BOS,375.0,287.0,53,37,-0.31,1.743,-3.658,11.148,-3.481,10.792,3.348,-9.405,3.17,-9.048,True
2006-07,2007-08,2006-07->2007-08,1610612766,CHA,CHA,374.0,361.0,39,38,-9.419,1.403,-3.577,-4.855,-3.861,-4.549,-5.843,6.258,-5.558,5.952,True
2006-07,2007-08,2006-07->2007-08,1610612741,CHI,CHI,342.0,300.0,43,38,8.401,-26.0,5.035,-2.164,5.175,-3.085,3.366,-23.836,3.226,-22.915,True
2006-07,2007-08,2006-07->2007-08,1610612739,CLE,CLE,427.0,470.0,48,55,10.313,21.857,3.472,-2.017,3.841,-0.566,6.84,23.874,6.471,22.423,True
2006-07,2007-08,2006-07->2007-08,1610612742,DAL,DAL,327.0,291.0,38,43,25.297,6.491,6.855,4.72,7.605,4.795,18.443,1.77,17.693,1.696,True
2006-07,2007-08,2006-07->2007-08,1610612743,DEN,DEN,341.0,359.0,46,37,-4.991,3.236,1.953,3.414,1.656,3.421,-6.945,-0.179,-6.648,-0.186,True
2006-07,2007-08,2006-07->2007-08,1610612765,DET,DET,418.0,255.0,52,38,12.665,8.419,4.286,8.316,4.763,8.325,8.379,0.103,7.902,0.094,True
2006-07,2007-08,2006-07->2007-08,1610612744,GSW,GSW,282.0,361.0,39,44,-6.738,13.296,-0.1,1.397,-0.327,1.918,-6.638,11.9,-6.41,11.378,True
2006-07,2007-08,2006-07->2007-08,1610612745,HOU,HOU,354.0,250.0,48,35,-8.691,-5.345,5.563,5.195,4.923,4.849,-14.254,-10.541,-13.614,-10.195,True
2006-07,2007-08,2006-07->2007-08,1610612754,IND,IND,312.0,285.0,41,45,1.635,-11.684,-2.682,-0.815,-2.504,-1.208,4.316,-10.868,4.138,-10.476,True
2006-07,2007-08,2006-07->2007-08,1610612746,LAC,LAC,280.0,238.0,39,35,-2.228,-12.661,-0.352,-7.32,-0.42,-7.519,-1.876,-5.341,-1.808,-5.142,True
2006-07,2007-08,2006-07->2007-08,1610612747,LAL,LAL,462.0,303.0,48,40,-1.153,2.544,-0.141,7.538,-0.198,7.344,-1.011,-4.993,-0.954,-4.8,True
2006-07,2007-08,2006-07->2007-08,1610612763,MEM,MEM,416.0,312.0,42,36,-5.079,-10.789,-5.187,-6.116,-5.17,-6.296,0.108,-4.674,0.091,-4.494,True
2006-07,2007-08,2006-07->2007-08,1610612748,MIA,MIA,363.0,351.0,38,44,9.313,-26.172,-1.723,-8.568,-1.181,-9.391,11.036,-17.604,10.494,-16.781,True
2006-07,2007-08,2006-07->2007-08,1610612749,MIL,MIL,360.0,397.0,44,51,-9.257,-2.209,-4.058,-7.435,-4.299,-7.164,-5.199,5.226,-4.958,4.955,True
2006-07,2007-08,2006-07->2007-08,1610612750,MIN,MIN,456.0,257.0,48,39,-3.045,-13.209,-4.109,-7.05,-4.039,-7.271,1.065,-6.159,0.995,-5.939,True
2006-07,2007-08,2006-07->2007-08,1610612751,NJN,NJN,423.0,344.0,48,42,-8.707,5.732,-0.497,-5.882,-0.943,-5.362,-8.21,11.614,-7.763,11.094,True
2006-07,2007-08,2006-07->2007-08,1610612740,NOK,NOH,405.0,268.0,49,31,4.658,6.745,-2.0,5.598,-1.639,5.635,6.658,1.147,6.296,1.109,True
2006-07,2007-08,2006-07->2007-08,1610612752,NYK,NYK,446.0,345.0,49,42,4.548,-7.081,-3.576,-6.845,-3.097,-6.831,8.124,-0.236,7.645,-0.25,True
2006-07,2007-08,2006-07->2007-08,1610612753,ORL,ORL,321.0,285.0,42,36,-16.191,6.316,1.535,5.53,0.774,5.559,-17.726,0.786,-16.965,0.757,True
2006-07,2007-08,2006-07->2007-08,1610612755,PHI,PHI,385.0,319.0,38,42,8.627,10.448,-3.854,0.031,-3.233,0.465,12.481,10.417,11.86,9.983,True
2006-07,2007-08,2006-07->2007-08,1610612756,PHX,PHX,382.0,322.0,45,43,6.689,14.034,7.454,4.651,7.407,5.018,-0.765,9.383,-0.718,9.016,True
2006-07,2007-08,2006-07->2007-08,1610612757,POR,POR,411.0,329.0,42,43,0.882,2.923,-5.094,-0.997,-4.766,-0.823,5.976,3.92,5.648,3.747,True
2006-07,2007-08,2006-07->2007-08,1610612758,SAC,SAC,366.0,412.0,44,44,-15.252,2.716,-0.94,-2.726,-1.604,-2.446,-14.311,5.442,-13.648,5.162,True
2006-07,2007-08,2006-07->2007-08,1610612759,SAS,SAS,269.0,293.0,40,38,2.23,10.223,9.442,5.097,9.181,5.3,-7.212,5.126,-6.95,4.923,True
2006-07,2007-08,2006-07->2007-08,1610612760,SEA,SEA,381.0,303.0,47,37,1.685,-0.14,-3.241,-8.981,-2.989,-8.645,4.926,8.841,4.674,8.505,True
2006-07,2007-08,2006-07->2007-08,1610612761,TOR,TOR,290.0,277.0,39,36,6.895,-4.963,1.004,3.633,1.225,3.295,5.892,-8.595,5.67,-8.258,True
2006-07,2007-08,2006-07->2007-08,1610612762,UTA,UTA,391.0,252.0,46,34,6.401,-1.802,2.824,7.471,3.012,7.175,3.577,-9.273,3.389,-8.977,True
2006-07,2007-08,2006-07->2007-08,1610612764,WAS,WAS,437.0,353.0,47,40,-12.378,1.836,0.363,-0.407,-0.354,-0.301,-12.742,2.243,-12.025,2.137,True
2007-08,2008-09,2007-08->2008-09,1610612737,ATL,ATL,337.0,330.0,45,51,-10.913,12.764,-1.361,1.152,-1.783,1.665,-9.552,11.612,-9.13,11.099,True
2007-08,2008-09,2007-08->2008-09,1610612738,BOS,BOS,287.0,366.0,37,44,1.743,12.245,11.148,7.658,10.792,7.879,-9.405,4.587,-9.048,4.365,True
2007-08,2008-09,2007-08->2008-09,1610612766,CHA,CHA,361.0,401.0,38,49,1.403,0.903,-4.855,-1.402,-4.549,-1.263,6.258,2.305,5.952,2.167,True
2007-08,2008-09,2007-08->2008-09,1610612741,CHI,CHI,300.0,400.0,38,46,-26.0,2.783,-2.164,-0.505,-3.085,-0.336,-23.836,3.289,-22.915,3.119,True
2007-08,2008-09,2007-08->2008-09,1610612739,CLE,CLE,470.0,236.0,55,32,21.857,33.259,-2.017,8.853,-0.566,9.624,23.874,24.406,22.423,23.635,True
2007-08,2008-09,2007-08->2008-09,1610612742,DAL,DAL,291.0,316.0,43,43,6.491,14.278,4.72,1.516,4.795,2.033,1.77,12.761,1.696,12.244,True
2007-08,2008-09,2007-08->2008-09,1610612743,DEN,DEN,359.0,270.0,37,34,3.236,2.222,3.414,3.435,3.421,3.393,-0.179,-1.212,-0.186,-1.171,True
2007-08,2008-09,2007-08->2008-09,1610612765,DET,DET,255.0,443.0,38,56,8.419,-4.924,8.316,-0.327,8.325,-0.606,0.103,-4.596,0.094,-4.318,True
2007-08,2008-09,2007-08->2008-09,1610612744,GSW,GSW,361.0,381.0,44,47,13.296,-17.441,1.397,-3.043,1.918,-3.709,11.9,-14.398,11.378,-13.731,True
2007-08,2008-09,2007-08->2008-09,1610612745,HOU,HOU,250.0,328.0,35,46,-5.345,-10.529,5.195,4.916,4.849,4.245,-10.541,-15.445,-10.195,-14.774,True
2007-08,2008-09,2007-08->2008-09,1610612754,IND,IND,285.0,490.0,45,56,-11.684,-3.856,-0.815,-0.787,-1.208,-0.971,-10.868,-3.069,-10.476,-2.885,True
2007-08,2008-09,2007-08->2008-09,1610612746,LAC,LAC,238.0,282.0,35,32,-12.661,-20.825,-7.32,-8.71,-7.519,-9.153,-5.341,-12.115,-5.142,-11.672,True
2007-08,2008-09,2007-08->2008-09,1610612747,LAL,LAL,303.0,308.0,40,41,2.544,18.364,7.538,7.439,7.344,7.87,-4.993,10.924,-4.8,10.493,True
2007-08,2008-09,2007-08->2008-09,1610612763,MEM,MEM,312.0,307.0,36,38,-10.789,-23.497,-6.116,-5.221,-6.296,-5.965,-4.674,-18.277,-4.494,-17.532,True
2007-08,2008-09,2007-08->2008-09,1610612748,MIA,MIA,351.0,441.0,44,48,-26.172,1.869,-8.568,0.256,-9.391,0.349,-17.604,1.613,-16.781,1.521,True
2007-08,2008-09,2007-08->2008-09,1610612749,MIL,MIL,397.0,348.0,51,47,-2.209,-6.871,-7.435,-0.809,-7.164,-1.082,5.226,-6.062,4.955,-5.789,True
2007-08,2008-09,2007-08->2008-09,1610612750,MIN,MIN,257.0,338.0,39,45,-13.209,-18.823,-7.05,-4.335,-7.271,-4.984,-6.159,-14.487,-5.939,-13.839,True
2007-08,2008-09,2007-08->2008-09,1610612751,NJN,NJN,344.0,342.0,42,44,5.732,-2.883,-5.882,-2.679,-5.362,-2.685,11.614,-0.204,11.094,-0.198,True
2007-08,2008-09,2007-08->2008-09,1610612740,NOH,NOH,268.0,310.0,31,47,6.745,14.59,5.598,1.223,5.635,1.782,1.147,13.368,1.109,12.808,True
2007-08,2008-09,2007-08->2008-09,1610612752,NYK,NYK,345.0,361.0,42,49,-7.081,-12.375,-6.845,-2.032,-6.831,-2.49,-0.236,-10.343,-0.25,-9.884,True
2007-08,2008-09,2007-08->2008-09,1610612753,ORL,ORL,285.0,318.0,36,40,6.316,17.727,5.53,6.616,5.559,7.058,0.786,11.111,0.757,10.669,True
2007-08,2008-09,2007-08->2008-09,1610612755,PHI,PHI,319.0,385.0,42,46,10.448,12.559,0.031,-0.473,0.465,0.179,10.417,13.033,9.983,12.381,True
2007-08,2008-09,2007-08->2008-09,1610612756,PHX,PHX,322.0,285.0,43,42,14.034,2.094,4.651,1.959,5.018,1.965,9.383,0.135,9.016,0.129,True
2007-08,2008-09,2007-08->2008-09,1610612757,POR,POR,329.0,348.0,43,42,2.923,6.245,-0.997,5.996,-0.823,6.022,3.92,0.249,3.747,0.223,True
2007-08,2008-09,2007-08->2008-09,1610612758,SAC,SAC,412.0,351.0,44,37,2.716,-11.482,-2.726,-8.919,-2.446,-9.016,5.442,-2.563,5.162,-2.467,True
2007-08,2008-09,2007-08->2008-09,1610612759,SAS,SAS,293.0,461.0,38,47,10.223,8.486,5.097,3.969,5.3,4.221,5.126,4.517,4.923,4.265,True
2007-08,2008-09,2007-08->2008-09,1610612760,SEA,OKC,303.0,305.0,37,41,-0.14,-1.592,-8.981,-6.392,-8.645,-6.198,8.841,4.799,8.505,4.606,True
2007-08,2008-09,2007-08->2008-09,1610612761,TOR,TOR,277.0,301.0,36,43,-4.963,-3.987,3.633,-3.005,3.295,-3.043,-8.595,-0.982,-8.258,-0.943,True
2007-08,2008-09,2007-08->2008-09,1610612762,UTA,UTA,252.0,333.0,34,41,-1.802,6.171,7.471,2.574,7.175,2.732,-9.273,3.597,-8.977,3.439,True
2007-08,2008-09,2007-08->2008-09,1610612764,WAS,WAS,353.0,264.0,40,40,1.836,-20.242,-0.407,-7.667,-0.301,-8.108,2.243,-12.575,2.137,-12.134,True
2008-09,2009-10,2008-09->2009-10,1610612737,ATL,ATL,330.0,314.0,51,38,12.764,2.041,1.152,5.059,1.665,4.928,11.612,-3.018,11.099,-2.887,True
2008-09,2009-10,2008-09->2009-10,1610612738,BOS,BOS,366.0,330.0,44,48,12.245,6.228,7.658,3.61,7.879,3.712,4.587,2.618,4.365,2.516,True
2008-09,2009-10,2008-09->2009-10,1610612766,CHA,CHA,401.0,398.0,49,48,0.903,-0.548,-1.402,2.024,-1.263,1.894,2.305,-2.572,2.167,-2.443,True
2008-09,2009-10,2008-09->2009-10,1610612741,CHI,CHI,400.0,363.0,46,43,2.783,-0.732,-0.505,-1.64,-0.336,-1.612,3.289,0.909,3.119,0.881,True
2008-09,2009-10,2008-09->2009-10,1610612739,CLE,CLE,236.0,346.0,32,49,33.259,22.665,8.853,6.076,9.624,6.804,24.406,16.59,23.635,15.861,True
2008-09,2009-10,2008-09->2009-10,1610612742,DAL,DAL,316.0,369.0,43,46,14.278,18.743,1.516,2.017,2.033,2.78,12.761,16.727,12.244,15.963,True
2008-09,2009-10,2008-09->2009-10,1610612743,DEN,DEN,270.0,299.0,34,37,2.222,7.495,3.435,4.24,3.393,4.362,-1.212,3.255,-1.171,3.133,True
2008-09,2009-10,2008-09->2009-10,1610612765,DET,DET,443.0,321.0,56,47,-4.924,-7.005,-0.327,-5.814,-0.606,-5.858,-4.596,-1.191,-4.318,-1.147,True
2008-09,2009-10,2008-09->2009-10,1610612744,GSW,GSW,381.0,303.0,47,40,-17.441,-18.965,-3.043,-2.743,-3.709,-3.34,-14.398,-16.221,-13.731,-15.625,True
2008-09,2009-10,2008-09->2009-10,1610612745,HOU,HOU,328.0,376.0,46,47,-10.529,6.278,4.916,-0.305,4.245,0.026,-15.445,6.583,-14.774,6.252,True
2008-09,2009-10,2008-09->2009-10,1610612754,IND,IND,490.0,194.0,56,35,-3.856,-19.863,-0.787,-2.571,-0.971,-2.986,-3.069,-17.292,-2.885,-16.877,True
2008-09,2009-10,2008-09->2009-10,1610612746,LAC,LAC,282.0,218.0,32,34,-20.825,14.679,-8.71,-7.377,-9.153,-6.75,-12.115,22.056,-11.672,21.429,True
2008-09,2009-10,2008-09->2009-10,1610612747,LAL,LAL,308.0,301.0,41,32,18.364,3.806,7.439,4.928,7.87,4.875,10.924,-1.123,10.493,-1.069,True
2008-09,2009-10,2008-09->2009-10,1610612763,MEM,MEM,307.0,389.0,38,45,-23.497,-0.794,-5.221,-1.508,-5.965,-1.461,-18.277,0.714,-17.532,0.667,True
2008-09,2009-10,2008-09->2009-10,1610612748,MIA,MIA,441.0,350.0,48,37,1.869,1.138,0.256,2.42,0.349,2.36,1.613,-1.282,1.521,-1.222,True
2008-09,2009-10,2008-09->2009-10,1610612749,MIL,MIL,348.0,468.0,47,45,-6.871,4.477,-0.809,1.943,-1.082,2.097,-6.062,2.533,-5.789,2.38,True
2008-09,2009-10,2008-09->2009-10,1610612750,MIN,MIN,338.0,224.0,45,36,-18.823,-6.228,-4.335,-9.872,-4.984,-9.766,-14.487,3.644,-13.839,3.538,True
2008-09,2009-10,2008-09->2009-10,1610612751,NJN,NJN,342.0,206.0,44,28,-2.883,-25.256,-2.679,-9.156,-2.685,-9.592,-0.204,-16.1,-0.198,-15.664,True
2008-09,2009-10,2008-09->2009-10,1610612740,NOH,NOH,310.0,391.0,47,53,14.59,9.721,1.223,-3.064,1.782,-2.419,13.368,12.785,12.808,12.139,True
2008-09,2009-10,2008-09->2009-10,1610612752,NYK,NYK,361.0,375.0,49,44,-12.375,2.337,-2.032,-4.308,-2.49,-3.976,-10.343,6.646,-9.884,6.314,True
2008-09,2009-10,2008-09->2009-10,1610612760,OKC,OKC,305.0,376.0,41,45,-1.592,-5.757,-6.392,4.004,-6.198,3.519,4.799,-9.762,4.606,-9.277,True
2008-09,2009-10,2008-09->2009-10,1610612753,ORL,ORL,318.0,225.0,40,33,17.727,7.556,6.616,7.9,7.058,7.889,11.111,-0.344,10.669,-0.333,True
2008-09,2009-10,2008-09->2009-10,1610612755,PHI,PHI,385.0,344.0,46,45,12.559,-17.184,-0.473,-3.48,0.179,-4.099,13.033,-13.704,12.381,-13.086,True
2008-09,2009-10,2008-09->2009-10,1610612756,PHX,PHX,285.0,301.0,42,40,2.094,5.73,1.959,4.765,1.965,4.804,0.135,0.965,0.129,0.926,True
2008-09,2009-10,2008-09->2009-10,1610612757,POR,POR,348.0,353.0,42,45,6.245,4.64,5.996,3.476,6.022,3.519,0.249,1.163,0.223,1.121,True
2008-09,2009-10,2008-09->2009-10,1610612758,SAC,SAC,351.0,360.0,37,49,-11.482,-16.769,-8.919,-4.078,-9.016,-4.669,-2.563,-12.691,-2.467,-12.101,True
2008-09,2009-10,2008-09->2009-10,1610612759,SAS,SAS,461.0,281.0,47,41,8.486,-12.898,3.969,6.144,4.221,5.442,4.517,-19.042,4.265,-18.34,True
2008-09,2009-10,2008-09->2009-10,1610612761,TOR,TOR,301.0,317.0,43,42,-3.987,12.576,-3.005,-2.598,-3.043,-1.986,-0.982,15.173,-0.943,14.562,True
2008-09,2009-10,2008-09->2009-10,1610612762,UTA,UTA,333.0,236.0,41,32,6.171,-4.661,2.574,6.012,2.732,5.689,3.597,-10.673,3.439,-10.35,True
2008-09,2009-10,2008-09->2009-10,1610612764,WAS,WAS,264.0,380.0,40,46,-20.242,-8.914,-7.667,-5.074,-8.108,-5.262,-12.575,-3.84,-12.134,-3.653,True
2009-10,2010-11,2009-10->2010-11,1610612737,ATL,ATL,314.0,246.0,38,41,2.041,9.093,5.059,-1.034,4.928,-0.704,-3.018,10.127,-2.887,9.797,True
2009-10,2010-11,2009-10->2010-11,1610612738,BOS,BOS,330.0,377.0,48,48,6.228,0.025,3.61,5.995,3.712,5.694,2.618,-5.97,2.516,-5.669,True
2009-10,2010-11,2009-10->2010-11,1610612766,CHA,CHA,398.0,346.0,48,48,-0.548,7.736,2.024,-4.787,1.894,-4.191,-2.572,12.523,-2.443,11.926,True
2009-10,2010-11,2009-10->2010-11,1610612741,CHI,CHI,363.0,374.0,43,44,-0.732,17.766,-1.64,7.254,-1.612,7.771,0.909,10.511,0.881,9.995,True
2009-10,2010-11,2009-10->2010-11,1610612739,CLE,CLE,346.0,276.0,49,38,22.665,8.719,6.076,-10.172,6.804,-9.492,16.59,18.891,15.861,18.211,True
2009-10,2010-11,2009-10->2010-11,1610612742,DAL,DAL,369.0,322.0,46,48,18.743,29.507,2.017,3.28,2.78,4.358,16.727,26.227,15.963,25.15,True
2009-10,2010-11,2009-10->2010-11,1610612743,DEN,DEN,299.0,284.0,37,46,7.495,5.688,4.24,4.882,4.362,4.917,3.255,0.806,3.133,0.771,True
2009-10,2010-11,2009-10->2010-11,1610612765,DET,DET,321.0,358.0,47,43,-7.005,-4.19,-5.814,-3.646,-5.858,-3.673,-1.191,-0.544,-1.147,-0.517,True
2009-10,2010-11,2009-10->2010-11,1610612744,GSW,GSW,303.0,331.0,40,43,-18.965,1.784,-2.743,-2.476,-3.34,-2.302,-16.221,4.26,-15.625,4.086,True
2009-10,2010-11,2009-10->2010-11,1610612745,HOU,HOU,376.0,408.0,47,52,6.278,-12.576,-0.305,3.105,0.026,2.285,6.583,-15.68,6.252,-14.861,True
2009-10,2010-11,2009-10->2010-11,1610612754,IND,IND,194.0,273.0,35,33,-19.863,-8.059,-2.571,-0.676,-2.986,-0.932,-17.292,-7.383,-16.877,-7.126,True
2009-10,2010-11,2009-10->2010-11,1610612746,LAC,LAC,218.0,309.0,34,44,14.679,-1.077,-7.377,-3.293,-6.75,-3.204,22.056,2.216,21.429,2.127,True
2009-10,2010-11,2009-10->2010-11,1610612747,LAL,LAL,301.0,311.0,32,38,3.806,9.346,4.928,6.171,4.875,6.298,-1.123,3.175,-1.069,3.048,True
2009-10,2010-11,2009-10->2010-11,1610612763,MEM,MEM,389.0,415.0,45,44,-0.794,-6.829,-1.508,3.026,-1.461,2.494,0.714,-9.855,0.667,-9.323,True
2009-10,2010-11,2009-10->2010-11,1610612748,MIA,MIA,350.0,304.0,37,42,1.138,10.728,2.42,7.641,2.36,7.765,-1.282,3.088,-1.222,2.964,True
2009-10,2010-11,2009-10->2010-11,1610612749,MIL,MIL,468.0,380.0,45,47,4.477,-4.436,1.943,-0.56,2.097,-0.76,2.533,-3.876,2.38,-3.676,True
2009-10,2010-11,2009-10->2010-11,1610612750,MIN,MIN,224.0,293.0,36,41,-6.228,-38.715,-9.872,-5.475,-9.766,-6.744,3.644,-33.24,3.538,-31.971,True
2009-10,2010-11,2009-10->2010-11,1610612751,NJN,NJN,206.0,438.0,28,52,-25.256,-6.181,-9.156,-6.887,-9.592,-6.842,-16.1,0.707,-15.664,0.661,True
2009-10,2010-11,2009-10->2010-11,1610612740,NOH,NOH,391.0,417.0,53,47,9.721,10.518,-3.064,0.422,-2.419,0.974,12.785,10.096,12.139,9.544,True
2009-10,2010-11,2009-10->2010-11,1610612752,NYK,NYK,375.0,344.0,44,45,2.337,-4.039,-4.308,1.197,-3.976,0.97,6.646,-5.236,6.314,-5.01,True
2009-10,2010-11,2009-10->2010-11,1610612760,OKC,OKC,376.0,513.0,45,51,-5.757,13.896,4.004,3.253,3.519,3.921,-9.762,10.643,-9.277,9.975,True
2009-10,2010-11,2009-10->2010-11,1610612753,ORL,ORL,225.0,354.0,33,43,7.556,0.106,7.9,5.897,7.889,5.632,-0.344,-5.791,-0.333,-5.526,True
2009-10,2010-11,2009-10->2010-11,1610612755,PHI,PHI,344.0,400.0,45,43,-17.184,-10.384,-3.48,2.12,-4.099,1.474,-13.704,-12.503,-13.086,-11.858,True
2009-10,2010-11,2009-10->2010-11,1610612756,PHX,PHX,301.0,442.0,40,47,5.73,0.372,4.765,-0.877,4.804,-0.81,0.965,1.248,0.926,1.182,True
2009-10,2010-11,2009-10->2010-11,1610612757,POR,POR,353.0,363.0,45,47,4.64,13.111,3.476,1.005,3.519,1.584,1.163,12.106,1.121,11.528,True
2009-10,2010-11,2009-10->2010-11,1610612758,SAC,SAC,360.0,411.0,49,51,-16.769,-18.667,-4.078,-4.825,-4.669,-5.542,-12.691,-13.842,-12.101,-13.125,True
2009-10,2010-11,2009-10->2010-11,1610612759,SAS,SAS,281.0,295.0,41,38,-12.898,7.598,6.144,6.077,5.442,6.126,-19.042,1.522,-18.34,1.473,True
2009-10,2010-11,2009-10->2010-11,1610612761,TOR,TOR,317.0,298.0,42,42,12.576,-19.919,-2.598,-5.952,-1.986,-6.495,15.173,-13.967,14.562,-13.424,True
2009-10,2010-11,2009-10->2010-11,1610612762,UTA,UTA,236.0,373.0,32,41,-4.661,8.505,6.012,-2.39,5.689,-1.84,-10.673,10.895,-10.35,10.345,True
2009-10,2010-11,2009-10->2010-11,1610612764,WAS,WAS,380.0,323.0,46,39,-8.914,-15.577,-5.074,-7.43,-5.262,-7.767,-3.84,-8.147,-3.653,-7.81,True
2010-11,2011-12,2010-11->2011-12,1610612737,ATL,ATL,246.0,363.0,41,35,9.093,18.082,-1.034,2.976,-0.704,3.842,10.127,15.106,9.797,14.24,True
2010-11,2011-12,2010-11->2011-12,1610612738,BOS,BOS,377.0,240.0,48,31,0.025,0.811,5.995,2.681,5.694,2.613,-5.97,-1.87,-5.669,-1.801,True
2010-11,2011-12,2010-11->2011-12,1610612766,CHA,CHA,346.0,157.0,48,24,7.736,-33.365,-4.787,-14.529,-4.191,-15.027,12.523,-18.836,11.926,-18.338,True
2010-11,2011-12,2010-11->2011-12,1610612741,CHI,CHI,374.0,200.0,44,28,17.766,13.351,7.254,8.682,7.771,8.832,10.511,4.669,9.995,4.52,True
2010-11,2011-12,2010-11->2011-12,1610612739,CLE,CLE,276.0,237.0,38,30,8.719,-3.071,-10.172,-7.836,-9.492,-7.648,18.891,4.765,18.211,4.578,True
2010-11,2011-12,2010-11->2011-12,1610612742,DAL,DAL,322.0,300.0,48,31,29.507,2.299,3.28,1.086,4.358,1.147,26.227,1.213,25.15,1.151,True
2010-11,2011-12,2010-11->2011-12,1610612743,DEN,DEN,284.0,377.0,46,34,5.688,-2.122,4.882,3.501,4.917,3.16,0.806,-5.623,0.771,-5.282,True
2010-11,2011-12,2010-11->2011-12,1610612765,DET,DET,358.0,241.0,43,30,-4.19,-8.83,-3.646,-4.844,-3.673,-5.004,-0.544,-3.986,-0.517,-3.826,True
2010-11,2011-12,2010-11->2011-12,1610612744,GSW,GSW,331.0,318.0,43,38,1.784,-17.593,-2.476,-2.615,-2.302,-3.38,4.26,-14.978,4.086,-14.213,True
2010-11,2011-12,2010-11->2011-12,1610612745,HOU,HOU,408.0,337.0,52,42,-12.576,6.559,3.105,-0.186,2.285,0.174,-15.68,6.746,-14.861,6.385,True
2010-11,2011-12,2010-11->2011-12,1610612754,IND,IND,273.0,291.0,33,30,-8.059,21.408,-0.676,2.45,-0.932,3.348,-7.383,18.958,-7.126,18.06,True
2010-11,2011-12,2010-11->2011-12,1610612746,LAC,LAC,309.0,387.0,44,40,-1.077,-1.04,-3.293,2.952,-3.204,2.699,2.216,-3.992,2.127,-3.74,True
2010-11,2011-12,2010-11->2011-12,1610612747,LAL,LAL,311.0,374.0,38,42,9.346,18.943,6.171,0.225,6.298,1.345,3.175,18.718,3.048,17.598,True
2010-11,2011-12,2010-11->2011-12,1610612763,MEM,MEM,415.0,311.0,44,41,-6.829,12.921,3.026,1.59,2.494,2.164,-9.855,11.331,-9.323,10.757,True
2010-11,2011-12,2010-11->2011-12,1610612748,MIA,MIA,304.0,264.0,42,29,10.728,10.373,7.641,6.231,7.765,6.402,3.088,4.142,2.964,3.97,True
2010-11,2011-12,2010-11->2011-12,1610612749,MIL,MIL,380.0,258.0,47,40,-4.436,-11.019,-0.56,0.875,-0.76,0.388,-3.876,-11.894,-3.676,-11.406,True
2010-11,2011-12,2010-11->2011-12,1610612750,MIN,MIN,293.0,298.0,41,40,-38.715,-3.228,-5.475,-2.111,-6.744,-2.162,-33.24,-1.117,-31.971,-1.066,True
2010-11,2011-12,2010-11->2011-12,1610612751,NJN,NJN,438.0,221.0,52,32,-6.181,-17.388,-6.887,-5.875,-6.842,-6.311,0.707,-11.513,0.661,-11.077,True
2010-11,2011-12,2010-11->2011-12,1610612740,NOH,NOH,417.0,321.0,47,40,10.518,-11.922,0.422,-3.559,0.974,-4.011,10.096,-8.362,9.544,-7.911,True
2010-11,2011-12,2010-11->2011-12,1610612752,NYK,NYK,344.0,225.0,45,30,-4.039,6.139,1.197,3.123,0.97,3.236,-5.236,3.016,-5.01,2.903,True
2010-11,2011-12,2010-11->2011-12,1610612760,OKC,OKC,513.0,322.0,51,32,13.896,5.55,3.253,6.381,3.921,6.343,10.643,-0.831,9.975,-0.792,True
2010-11,2011-12,2010-11->2011-12,1610612753,ORL,ORL,354.0,249.0,43,33,0.106,14.918,5.897,-0.026,5.632,0.593,-5.791,14.944,-5.526,14.325,True
2010-11,2011-12,2010-11->2011-12,1610612755,PHI,PHI,400.0,196.0,43,27,-10.384,-14.573,2.12,5.212,1.474,4.556,-12.503,-19.785,-11.858,-19.129,True
2010-11,2011-12,2010-11->2011-12,1610612756,PHX,PHX,442.0,188.0,47,33,0.372,-14.433,-0.877,0.388,-0.81,-0.072,1.248,-14.821,1.182,-14.361,True
2010-11,2011-12,2010-11->2011-12,1610612757,POR,POR,363.0,260.0,47,32,13.111,-3.682,1.005,-0.808,1.584,-0.907,12.106,-2.875,11.528,-2.775,True
2010-11,2011-12,2010-11->2011-12,1610612758,SAC,SAC,411.0,268.0,51,32,-18.667,7.527,-4.825,-6.402,-5.542,-5.784,-13.842,13.929,-13.125,13.311,True
2010-11,2011-12,2010-11->2011-12,1610612759,SAS,SAS,295.0,276.0,38,31,7.598,15.755,6.077,7.309,6.126,7.654,1.522,8.445,1.473,8.101,True
2010-11,2011-12,2010-11->2011-12,1610612761,TOR,TOR,298.0,281.0,42,34,-19.919,-26.083,-5.952,-2.837,-6.495,-3.922,-13.967,-23.247,-13.424,-22.162,True
2010-11,2011-12,2010-11->2011-12,1610612762,UTA,UTA,373.0,409.0,41,41,8.505,-1.642,-2.39,0.694,-1.84,0.523,10.895,-2.336,10.345,-2.165,True
2010-11,2011-12,2010-11->2011-12,1610612764,WAS,WAS,323.0,190.0,39,26,-15.577,-20.27,-7.43,-4.495,-7.767,-4.975,-8.147,-15.775,-7.81,-15.295,True
2011-12,2012-13,2011-12->2012-13,1610612737,ATL,ATL,363.0,322.0,35,40,18.082,14.637,2.976,-0.336,3.842,0.319,15.106,14.973,14.24,14.318,True
2011-12,2012-13,2011-12->2012-13,1610612738,BOS,BOS,240.0,424.0,31,39,0.811,-2.675,2.681,-0.342,2.613,-0.463,-1.87,-2.333,-1.801,-2.212,True
2011-12,2012-13,2011-12->2012-13,1610612766,CHA,CHA,157.0,315.0,24,40,-33.365,-4.764,-14.529,-10.139,-15.027,-9.919,-18.836,5.375,-18.338,5.155,True
2011-12,2012-13,2011-12->2012-13,1610612741,CHI,CHI,200.0,369.0,28,48,13.351,6.692,8.682,0.191,8.832,0.499,4.669,6.501,4.52,6.193,True
2011-12,2012-13,2011-12->2012-13,1610612739,CLE,CLE,237.0,409.0,30,49,-3.071,-7.113,-7.836,-4.891,-7.648,-5.009,4.765,-2.222,4.578,-2.104,True
2011-12,2012-13,2011-12->2012-13,1610612742,DAL,DAL,300.0,418.0,31,47,2.299,-1.201,1.086,-0.6,1.147,-0.632,1.213,-0.601,1.151,-0.569,True
2011-12,2012-13,2011-12->2012-13,1610612743,DEN,DEN,377.0,446.0,34,47,-2.122,11.513,3.501,4.751,3.16,5.121,-5.623,6.762,-5.282,6.392,True
2011-12,2012-13,2011-12->2012-13,1610612765,DET,DET,241.0,285.0,30,37,-8.83,-3.342,-4.844,-4.523,-5.004,-4.475,-3.986,1.181,-3.826,1.133,True
2011-12,2012-13,2011-12->2012-13,1610612744,GSW,GSW,318.0,342.0,38,40,-17.593,7.967,-2.615,0.598,-3.38,0.912,-14.978,7.37,-14.213,7.056,True
2011-12,2012-13,2011-12->2012-13,1610612745,HOU,HOU,337.0,298.0,42,42,6.559,2.036,-0.186,3.544,0.174,3.489,6.746,-1.509,6.385,-1.453,True
2011-12,2012-13,2011-12->2012-13,1610612754,IND,IND,291.0,338.0,30,43,21.408,11.663,2.45,4.038,3.348,4.38,18.958,7.625,18.06,7.283,True
2011-12,2012-13,2011-12->2012-13,1610612746,LAC,LAC,387.0,258.0,40,32,-1.04,-0.214,2.952,7.195,2.699,6.937,-3.992,-7.409,-3.74,-7.151,True
2011-12,2012-13,2011-12->2012-13,1610612747,LAL,LAL,374.0,326.0,42,44,18.943,12.653,0.225,0.599,1.345,1.119,18.718,12.054,17.598,11.534,True
2011-12,2012-13,2011-12->2012-13,1610612763,MEM,MEM,311.0,334.0,41,45,12.921,7.52,1.59,4.39,2.164,4.505,11.331,3.13,10.757,3.015,True
2011-12,2012-13,2011-12->2012-13,1610612748,MIA,MIA,264.0,351.0,29,40,10.373,33.118,6.231,7.019,6.402,8.177,4.142,26.099,3.97,24.941,True
2011-12,2012-13,2011-12->2012-13,1610612749,MIL,MIL,258.0,368.0,40,44,-11.019,2.483,0.875,-1.907,0.388,-1.713,-11.894,4.39,-11.406,4.196,True
2011-12,2012-13,2011-12->2012-13,1610612750,MIN,MIN,298.0,280.0,40,41,-3.228,-7.472,-2.111,-2.021,-2.162,-2.219,-1.117,-5.451,-1.066,-5.253,True
2011-12,2012-13,2011-12->2012-13,1610612751,NJN,BKN,221.0,339.0,32,40,-17.388,-0.874,-5.875,2.183,-6.311,2.035,-11.513,-3.057,-11.077,-2.909,True
2011-12,2012-13,2011-12->2012-13,1610612740,NOH,NOH,321.0,297.0,40,42,-11.922,-23.325,-3.559,-3.549,-4.011,-4.37,-8.362,-19.777,-7.911,-18.955,True
2011-12,2012-13,2011-12->2012-13,1610612752,NYK,NYK,225.0,265.0,30,38,6.139,5.911,3.123,4.39,3.236,4.453,3.016,1.521,2.903,1.459,True
2011-12,2012-13,2011-12->2012-13,1610612760,OKC,OKC,322.0,298.0,32,37,5.55,10.076,6.381,9.843,6.343,9.851,-0.831,0.233,-0.792,0.225,True
2011-12,2012-13,2011-12->2012-13,1610612753,ORL,ORL,249.0,329.0,33,43,14.918,-17.414,-0.026,-6.958,0.593,-7.409,14.944,-10.456,14.325,-10.005,True
2011-12,2012-13,2011-12->2012-13,1610612755,PHI,PHI,196.0,260.0,27,42,-14.573,-5.769,5.212,-3.643,4.556,-3.718,-19.785,-2.126,-19.129,-2.051,True
2011-12,2012-13,2011-12->2012-13,1610612756,PHX,PHX,188.0,305.0,33,45,-14.433,-5.561,0.388,-6.762,-0.072,-6.705,-14.821,1.201,-14.361,1.144,True
2011-12,2012-13,2011-12->2012-13,1610612757,POR,POR,260.0,370.0,32,46,-3.682,-1.55,-0.808,-3.491,-0.907,-3.399,-2.875,1.941,-2.775,1.849,True
2011-12,2012-13,2011-12->2012-13,1610612758,SAC,SAC,268.0,292.0,32,38,7.527,-1.238,-6.402,-4.81,-5.784,-4.661,13.929,3.572,13.311,3.423,True
2011-12,2012-13,2011-12->2012-13,1610612759,SAS,SAS,276.0,381.0,31,43,15.755,1.51,7.309,7.019,7.654,6.729,8.445,-5.509,8.101,-5.218,True
2011-12,2012-13,2011-12->2012-13,1610612761,TOR,TOR,281.0,411.0,34,47,-26.083,-25.023,-2.837,-0.052,-3.922,-1.412,-23.247,-24.97,-22.162,-23.611,True
2011-12,2012-13,2011-12->2012-13,1610612762,UTA,UTA,409.0,329.0,41,43,-1.642,5.189,0.694,-0.449,0.523,-0.202,-2.336,5.638,-2.165,5.391,True
2011-12,2012-13,2011-12->2012-13,1610612764,WAS,WAS,190.0,390.0,26,52,-20.27,-20.215,-4.495,-1.394,-4.975,-2.345,-15.775,-18.821,-15.295,-17.87,True
2012-13,2013-14,2012-13->2013-14,1610612737,ATL,ATL,322.0,411.0,40,49,14.637,5.355,-0.336,-1.059,0.319,-0.722,14.973,6.413,14.318,6.076,True
2012-13,2013-14,2012-13->2013-14,1610612751,BKN,BKN,339.0,363.0,40,38,-0.874,-2.224,2.183,-1.221,2.035,-1.279,-3.057,-1.003,-2.909,-0.945,True
2012-13,2013-14,2012-13->2013-14,1610612738,BOS,BOS,424.0,358.0,39,49,-2.675,-24.356,-0.342,-3.603,-0.463,-4.574,-2.333,-20.752,-2.212,-19.781,True
2012-13,2013-14,2012-13->2013-14,1610612766,CHA,CHA,315.0,428.0,40,48,-4.764,2.042,-10.139,-0.48,-9.919,-0.354,5.375,2.522,5.155,2.396,True
2012-13,2013-14,2012-13->2013-14,1610612741,CHI,CHI,369.0,329.0,48,36,6.692,8.102,0.191,1.635,0.499,1.868,6.501,6.467,6.193,6.234,True
2012-13,2013-14,2012-13->2013-14,1610612739,CLE,CLE,409.0,371.0,49,42,-7.113,-6.804,-4.891,-3.396,-5.009,-3.565,-2.222,-3.409,-2.104,-3.24,True
2012-13,2013-14,2012-13->2013-14,1610612742,DAL,DAL,418.0,378.0,47,48,-1.201,12.474,-0.6,1.799,-0.632,2.304,-0.601,10.675,-0.569,10.17,True
2012-13,2013-14,2012-13->2013-14,1610612743,DEN,DEN,446.0,324.0,47,43,11.513,-6.807,4.751,-1.995,5.121,-2.187,6.762,-4.812,6.392,-4.62,True
2012-13,2013-14,2012-13->2013-14,1610612765,DET,DET,285.0,269.0,37,38,-3.342,-24.458,-4.523,-3.01,-4.475,-3.741,1.181,-21.448,1.133,-20.717,True
2012-13,2013-14,2012-13->2013-14,1610612744,GSW,GSW,342.0,407.0,40,43,7.967,6.757,0.598,4.79,0.912,4.897,7.37,1.968,7.056,1.86,True
2012-13,2013-14,2012-13->2013-14,1610612745,HOU,HOU,298.0,347.0,42,41,2.036,15.167,3.544,4.115,3.489,4.573,-1.509,11.052,-1.453,10.593,True
2012-13,2013-14,2012-13->2013-14,1610612754,IND,IND,338.0,288.0,43,36,11.663,19.285,4.038,4.138,4.38,4.702,7.625,15.146,7.283,14.582,True
2012-13,2013-14,2012-13->2013-14,1610612746,LAC,LAC,258.0,321.0,32,42,-0.214,11.838,7.195,7.07,6.937,7.257,-7.409,4.768,-7.151,4.581,True
2012-13,2013-14,2012-13->2013-14,1610612747,LAL,LAL,326.0,248.0,44,38,12.653,0.806,0.599,-6.255,1.119,-6.03,12.054,7.061,11.534,6.836,True
2012-13,2013-14,2012-13->2013-14,1610612763,MEM,MEM,334.0,335.0,45,49,7.52,26.645,4.39,0.535,4.505,1.684,3.13,26.11,3.015,24.961,True
2012-13,2013-14,2012-13->2013-14,1610612748,MIA,MIA,351.0,356.0,40,43,33.118,6.933,7.019,4.946,8.177,5.053,26.099,1.987,24.941,1.881,True
2012-13,2013-14,2012-13->2013-14,1610612749,MIL,MIL,368.0,331.0,44,40,2.483,-21.348,-1.907,-7.705,-1.713,-8.287,4.39,-13.644,4.196,-13.061,True
2012-13,2013-14,2012-13->2013-14,1610612750,MIN,MIN,280.0,345.0,41,41,-7.472,-16.582,-2.021,3.439,-2.219,2.574,-5.451,-20.021,-5.253,-19.156,True
2012-13,2013-14,2012-13->2013-14,1610612740,NOH,NOP,297.0,415.0,42,50,-23.325,-1.738,-3.549,-3.035,-4.37,-2.967,-19.777,1.297,-18.955,1.229,True
2012-13,2013-14,2012-13->2013-14,1610612752,NYK,NYK,265.0,337.0,38,39,5.911,-8.312,4.39,-0.735,4.453,-1.075,1.521,-7.577,1.459,-7.237,True
2012-13,2013-14,2012-13->2013-14,1610612760,OKC,OKC,298.0,351.0,37,43,10.076,3.989,9.843,6.52,9.851,6.408,0.233,-2.531,0.225,-2.419,True
2012-13,2013-14,2012-13->2013-14,1610612753,ORL,ORL,329.0,372.0,43,42,-17.414,-17.265,-6.958,-5.089,-7.409,-5.664,-10.456,-12.176,-10.005,-11.601,True
2012-13,2013-14,2012-13->2013-14,1610612755,PHI,PHI,260.0,278.0,42,34,-5.769,6.007,-3.643,-10.607,-3.718,-10.008,-2.126,16.614,-2.051,16.015,True
2012-13,2013-14,2012-13->2013-14,1610612756,PHX,PHX,305.0,369.0,45,50,-5.561,-0.907,-6.762,2.787,-6.705,2.63,1.201,-3.694,1.144,-3.537,True
2012-13,2013-14,2012-13->2013-14,1610612757,POR,POR,370.0,439.0,46,47,-1.55,12.687,-3.491,3.744,-3.399,4.217,1.941,8.943,1.849,8.47,True
2012-13,2013-14,2012-13->2013-14,1610612758,SAC,SAC,292.0,332.0,38,42,-1.238,-7.567,-4.81,-2.475,-4.661,-2.692,3.572,-5.092,3.423,-4.875,True
2012-13,2013-14,2012-13->2013-14,1610612759,SAS,SAS,381.0,235.0,43,30,1.51,13.127,7.019,7.987,6.729,8.142,-5.509,5.139,-5.218,4.985,True
2012-13,2013-14,2012-13->2013-14,1610612761,TOR,TOR,411.0,416.0,47,53,-25.023,7.921,-0.052,3.012,-1.412,3.28,-24.97,4.909,-23.611,4.641,True
2012-13,2013-14,2012-13->2013-14,1610612762,UTA,UTA,329.0,295.0,43,40,5.189,-12.309,-0.449,-7.415,-0.202,-7.616,5.638,-4.894,5.391,-4.693,True
2012-13,2013-14,2012-13->2013-14,1610612764,WAS,WAS,390.0,485.0,52,46,-20.215,-6.606,-1.394,1.783,-2.345,1.269,-18.821,-8.389,-17.87,-7.875,True
2013-14,2014-15,2013-14->2014-15,1610612737,ATL,ATL,411.0,272.0,49,41,5.355,20.846,-1.059,5.4,-0.722,5.894,6.413,15.446,6.076,14.952,True
2013-14,2014-15,2013-14->2014-15,1610612751,BKN,BKN,363.0,334.0,38,41,-2.224,-10.553,-1.221,-2.606,-1.279,-2.953,-1.003,-7.947,-0.945,-7.6,True
2013-14,2014-15,2013-14->2014-15,1610612738,BOS,BOS,358.0,372.0,49,45,-24.356,-0.806,-3.603,0.318,-4.574,0.266,-20.752,-1.124,-19.781,-1.072,True
2013-14,2014-15,2013-14->2014-15,1610612766,CHA,CHA,428.0,361.0,48,41,2.042,-9.691,-0.48,-3.112,-0.354,-3.42,2.522,-6.578,2.396,-6.271,True
2013-14,2014-15,2013-14->2014-15,1610612741,CHI,CHI,329.0,383.0,36,47,8.102,9.263,1.635,2.717,1.868,3.031,6.467,6.546,6.234,6.232,True
2013-14,2014-15,2013-14->2014-15,1610612739,CLE,CLE,371.0,236.0,42,33,-6.804,9.746,-3.396,4.662,-3.565,4.819,-3.409,5.083,-3.24,4.927,True
2013-14,2014-15,2013-14->2014-15,1610612742,DAL,DAL,378.0,350.0,48,39,12.474,17.891,1.799,2.58,2.304,3.234,10.675,15.311,10.17,14.657,True
2013-14,2014-15,2013-14->2014-15,1610612743,DEN,DEN,324.0,316.0,43,38,-6.807,-7.919,-1.995,-3.084,-2.187,-3.285,-4.812,-4.835,-4.62,-4.634,True
2013-14,2014-15,2013-14->2014-15,1610612765,DET,DET,269.0,317.0,38,39,-24.458,-10.088,-3.01,-0.693,-3.741,-1.073,-21.448,-9.395,-20.717,-9.015,True
2013-14,2014-15,2013-14->2014-15,1610612744,GSW,GSW,407.0,218.0,43,30,6.757,18.93,4.79,9.708,4.897,9.938,1.968,9.222,1.86,8.992,True
2013-14,2014-15,2013-14->2014-15,1610612745,HOU,HOU,347.0,318.0,41,40,15.167,-1.889,4.115,3.665,4.573,3.445,11.052,-5.554,10.593,-5.334,True
2013-14,2014-15,2013-14->2014-15,1610612754,IND,IND,288.0,400.0,36,48,19.285,2.763,4.138,0.065,4.702,0.204,15.146,2.698,14.582,2.559,True
2013-14,2014-15,2013-14->2014-15,1610612746,LAC,LAC,321.0,289.0,42,38,11.838,6.949,7.07,6.877,7.257,6.858,4.768,0.073,4.581,0.092,True
2013-14,2014-15,2013-14->2014-15,1610612747,LAL,LAL,248.0,421.0,38,46,0.806,-14.298,-6.255,-6.718,-6.03,-7.122,7.061,-7.58,6.836,-7.176,True
2013-14,2014-15,2013-14->2014-15,1610612763,MEM,MEM,335.0,389.0,49,44,26.645,13.502,0.535,3.001,1.684,3.522,26.11,10.502,24.961,9.98,True
2013-14,2014-15,2013-14->2014-15,1610612748,MIA,MIA,356.0,279.0,43,40,6.933,11.58,4.946,-3.486,5.053,-2.957,1.987,15.065,1.881,14.537,True
2013-14,2014-15,2013-14->2014-15,1610612749,MIL,MIL,331.0,380.0,40,43,-21.348,-1.943,-7.705,0.749,-8.287,0.625,-13.644,-2.692,-13.061,-2.569,True
2013-14,2014-15,2013-14->2014-15,1610612750,MIN,MIN,345.0,323.0,41,39,-16.582,-3.909,3.439,-9.288,2.574,-9.059,-20.021,5.378,-19.156,5.15,True
2013-14,2014-15,2013-14->2014-15,1610612740,NOP,NOP,415.0,324.0,50,44,-1.738,0.86,-3.035,0.796,-2.967,0.798,1.297,0.064,1.229,0.062,True
2013-14,2014-15,2013-14->2014-15,1610612752,NYK,NYK,337.0,322.0,39,40,-8.312,-9.528,-0.735,-10.135,-1.075,-10.086,-7.577,0.607,-7.237,0.558,True
2013-14,2014-15,2013-14->2014-15,1610612760,OKC,OKC,351.0,354.0,43,42,3.989,-1.327,6.52,2.262,6.408,2.097,-2.531,-3.59,-2.419,-3.424,True
2013-14,2014-15,2013-14->2014-15,1610612753,ORL,ORL,372.0,343.0,42,50,-17.265,0.0,-5.089,-6.142,-5.664,-5.855,-12.176,6.142,-11.601,5.855,True
2013-14,2014-15,2013-14->2014-15,1610612755,PHI,PHI,278.0,281.0,34,35,6.007,-7.159,-10.607,-9.132,-10.008,-9.023,16.614,1.973,16.015,1.863,True
2013-14,2014-15,2013-14->2014-15,1610612756,PHX,PHX,369.0,440.0,50,47,-0.907,1.44,2.787,-1.272,2.63,-1.101,-3.694,2.713,-3.537,2.542,True
2013-14,2014-15,2013-14->2014-15,1610612757,POR,POR,439.0,338.0,47,44,12.687,14.201,3.744,3.875,4.217,4.319,8.943,10.326,8.47,9.882,True
2013-14,2014-15,2013-14->2014-15,1610612758,SAC,SAC,332.0,278.0,42,40,-7.567,-8.98,-2.475,-3.551,-2.692,-3.741,-5.092,-5.43,-4.875,-5.239,True
2013-14,2014-15,2013-14->2014-15,1610612759,SAS,SAS,235.0,356.0,30,38,13.127,-1.57,7.987,6.677,8.142,6.295,5.139,-8.247,4.985,-7.866,True
2013-14,2014-15,2013-14->2014-15,1610612761,TOR,TOR,416.0,366.0,53,43,7.921,-4.301,3.012,3.517,3.28,3.147,4.909,-7.818,4.641,-7.447,True
2013-14,2014-15,2013-14->2014-15,1610612762,UTA,UTA,295.0,309.0,40,41,-12.309,-1.873,-7.415,0.15,-7.616,0.06,-4.894,-2.023,-4.693,-1.933,True
2013-14,2014-15,2013-14->2014-15,1610612764,WAS,WAS,485.0,403.0,46,42,-6.606,-14.382,1.783,1.462,1.269,0.648,-8.389,-15.844,-7.875,-15.03,True
2014-15,2015-16,2014-15->2015-16,1610612737,ATL,ATL,272.0,355.0,41,44,20.846,6.501,5.4,3.754,5.894,3.873,15.446,2.748,14.952,2.628,True
2014-15,2015-16,2014-15->2015-16,1610612751,BKN,BKN,334.0,291.0,41,41,-10.553,-7.093,-2.606,-7.412,-2.953,-7.394,-7.947,0.319,-7.6,0.301,True
2014-15,2015-16,2014-15->2015-16,1610612738,BOS,BOS,372.0,357.0,45,46,-0.806,6.347,0.318,3.157,0.266,3.298,-1.124,3.19,-1.072,3.048,True
2014-15,2015-16,2014-15->2015-16,1610612766,CHA,CHA,361.0,331.0,41,42,-9.691,10.759,-3.112,2.36,-3.42,2.695,-6.578,8.399,-6.271,8.064,True
2014-15,2015-16,2014-15->2015-16,1610612741,CHI,CHI,383.0,425.0,47,46,9.263,-4.471,2.717,-1.25,3.031,-1.419,6.546,-3.221,6.232,-3.052,True
2014-15,2015-16,2014-15->2015-16,1610612739,CLE,CLE,236.0,298.0,33,33,9.746,5.39,4.662,6.321,4.819,6.283,5.083,-0.932,4.927,-0.894,True
2014-15,2015-16,2014-15->2015-16,1610612742,DAL,DAL,350.0,438.0,39,49,17.891,14.375,2.58,-1.26,3.234,-0.394,15.311,15.635,14.657,14.77,True
2014-15,2015-16,2014-15->2015-16,1610612743,DEN,DEN,316.0,399.0,38,50,-7.919,-6.256,-3.084,-3.113,-3.285,-3.271,-4.835,-3.143,-4.634,-2.984,True
2014-15,2015-16,2014-15->2015-16,1610612765,DET,DET,317.0,363.0,39,42,-10.088,10.495,-0.693,-0.122,-1.073,0.339,-9.395,10.616,-9.015,10.156,True
2014-15,2015-16,2014-15->2015-16,1610612744,GSW,GSW,218.0,305.0,30,34,18.93,35.986,9.708,9.68,9.938,10.635,9.222,26.306,8.992,25.351,True
2014-15,2015-16,2014-15->2015-16,1610612745,HOU,HOU,318.0,396.0,40,48,-1.889,11.343,3.665,-0.572,3.445,0.012,-5.554,11.915,-5.334,11.331,True
2014-15,2015-16,2014-15->2015-16,1610612754,IND,IND,400.0,451.0,48,52,2.763,-6.621,0.065,2.118,0.204,1.634,2.698,-8.739,2.559,-8.255,True
2014-15,2015-16,2014-15->2015-16,1610612746,LAC,LAC,289.0,355.0,38,42,6.949,8.787,6.877,4.294,6.858,4.493,0.073,4.493,0.092,4.294,True
2014-15,2015-16,2014-15->2015-16,1610612747,LAL,LAL,421.0,235.0,46,33,-14.298,-7.73,-6.718,-9.728,-7.122,-9.678,-7.58,1.998,-7.176,1.947,True
2014-15,2015-16,2014-15->2015-16,1610612763,MEM,MEM,389.0,356.0,44,44,13.502,11.359,3.001,-3.03,3.522,-2.384,10.502,14.389,9.98,13.743,True
2014-15,2015-16,2014-15->2015-16,1610612748,MIA,MIA,279.0,359.0,40,43,11.58,15.931,-3.486,1.039,-2.957,1.722,15.065,14.891,14.537,14.209,True
2014-15,2015-16,2014-15->2015-16,1610612749,MIL,MIL,380.0,326.0,43,40,-1.943,6.183,0.749,-4.981,0.625,-4.489,-2.692,11.165,-2.569,10.672,True
2014-15,2015-16,2014-15->2015-16,1610612750,MIN,MIN,323.0,436.0,39,50,-3.909,-3.584,-9.288,-3.559,-9.059,-3.545,5.378,-0.025,5.15,-0.039,True
2014-15,2015-16,2014-15->2015-16,1610612740,NOP,NOP,324.0,352.0,44,45,0.86,-5.01,0.796,-3.623,0.798,-3.692,0.064,-1.387,0.062,-1.317,True
2014-15,2015-16,2014-15->2015-16,1610612752,NYK,NYK,322.0,339.0,40,41,-9.528,-11.139,-10.135,-2.392,-10.086,-2.776,0.607,-8.746,0.558,-8.363,True
2014-15,2015-16,2014-15->2015-16,1610612760,OKC,OKC,354.0,369.0,42,43,-1.327,-8.556,2.262,8.121,2.097,7.354,-3.59,-16.677,-3.424,-15.91,True
2014-15,2015-16,2014-15->2015-16,1610612753,ORL,ORL,343.0,412.0,50,43,0.0,-3.116,-6.142,-1.559,-5.855,-1.646,6.142,-1.557,5.855,-1.47,True
2014-15,2015-16,2014-15->2015-16,1610612755,PHI,PHI,281.0,262.0,35,35,-7.159,-44.903,-9.132,-9.051,-9.023,-10.227,1.973,-35.852,1.863,-34.677,True
2014-15,2015-16,2014-15->2015-16,1610612756,PHX,PHX,440.0,265.0,47,38,1.44,-27.518,-1.272,-5.759,-1.101,-6.486,2.713,-21.759,2.542,-21.032,True
2014-15,2015-16,2014-15->2015-16,1610612757,POR,POR,338.0,308.0,44,42,14.201,-1.967,3.875,0.89,4.319,0.782,10.326,-2.856,9.882,-2.749,True
2014-15,2015-16,2014-15->2015-16,1610612758,SAC,SAC,278.0,330.0,40,43,-8.98,-13.22,-3.551,-1.879,-3.741,-2.329,-5.43,-11.341,-5.239,-10.891,True
2014-15,2015-16,2014-15->2015-16,1610612759,SAS,SAS,356.0,217.0,38,30,-1.57,18.636,6.677,10.899,6.295,11.101,-8.247,7.737,-7.866,7.535,True
2014-15,2015-16,2014-15->2015-16,1610612761,TOR,TOR,366.0,363.0,43,51,-4.301,8.247,3.517,4.259,3.147,4.434,-7.818,3.987,-7.447,3.813,True
2014-15,2015-16,2014-15->2015-16,1610612762,UTA,UTA,309.0,403.0,41,42,-1.873,-19.409,0.15,3.065,0.06,1.833,-2.023,-22.474,-1.933,-21.242,True
2014-15,2015-16,2014-15->2015-16,1610612764,WAS,WAS,403.0,295.0,42,34,-14.382,-3.158,1.462,-0.429,0.648,-0.528,-15.844,-2.729,-15.03,-2.63,True
2015-16,2016-17,2015-16->2016-17,1610612737,ATL,ATL,355.0,369.0,44,44,6.501,14.057,3.754,-1.404,3.873,-0.696,2.748,15.461,2.628,14.753,True
2015-16,2016-17,2015-16->2016-17,1610612751,BKN,BKN,291.0,288.0,41,40,-7.093,-16.413,-7.412,-6.123,-7.394,-6.489,0.319,-10.29,0.301,-9.924,True
2015-16,2016-17,2015-16->2016-17,1610612738,BOS,BOS,357.0,403.0,46,48,6.347,10.054,3.157,2.224,3.298,2.617,3.19,7.83,3.048,7.436,True
2015-16,2016-17,2015-16->2016-17,1610612766,CHA,CHA,331.0,387.0,42,50,10.759,-4.125,2.36,0.165,2.695,-0.031,8.399,-4.29,8.064,-4.094,True
2015-16,2016-17,2015-16->2016-17,1610612741,CHI,CHI,425.0,328.0,46,42,-4.471,9.198,-1.25,-0.081,-1.419,0.294,-3.221,9.279,-3.052,8.904,True
2015-16,2016-17,2015-16->2016-17,1610612739,CLE,CLE,298.0,299.0,33,36,5.39,13.585,6.321,2.693,6.283,3.091,-0.932,10.892,-0.894,10.494,True
2015-16,2016-17,2015-16->2016-17,1610612742,DAL,DAL,438.0,293.0,49,41,14.375,-6.143,-1.26,-2.85,-0.394,-2.975,15.635,-3.294,14.77,-3.168,True
2015-16,2016-17,2015-16->2016-17,1610612743,DEN,DEN,399.0,290.0,50,40,-6.256,-8.04,-3.113,0.749,-3.271,0.432,-3.143,-8.789,-2.984,-8.472,True
2015-16,2016-17,2015-16->2016-17,1610612765,DET,DET,363.0,293.0,42,37,10.495,-12.117,-0.122,-0.951,0.339,-1.369,10.616,-11.166,10.156,-10.748,True
2015-16,2016-17,2015-16->2016-17,1610612744,GSW,GSW,305.0,206.0,34,25,35.986,9.709,9.68,11.409,10.635,11.361,26.306,-1.701,25.351,-1.652,True
2015-16,2016-17,2015-16->2016-17,1610612745,HOU,HOU,396.0,299.0,48,40,11.343,-5.724,-0.572,6.08,0.012,5.654,11.915,-11.804,11.331,-11.378,True
2015-16,2016-17,2015-16->2016-17,1610612754,IND,IND,451.0,319.0,52,38,-6.621,-1.16,2.118,-0.148,1.634,-0.185,-8.739,-1.012,-8.255,-0.975,True
2015-16,2016-17,2015-16->2016-17,1610612746,LAC,LAC,355.0,255.0,42,34,8.787,1.726,4.294,4.451,4.493,4.35,4.493,-2.725,4.294,-2.624,True
2015-16,2016-17,2015-16->2016-17,1610612747,LAL,LAL,235.0,248.0,33,43,-7.73,-16.334,-9.728,-6.392,-9.678,-6.734,1.998,-9.942,1.947,-9.6,True
2015-16,2016-17,2015-16->2016-17,1610612763,MEM,MEM,356.0,379.0,44,46,11.359,6.082,-3.03,0.175,-2.384,0.464,14.389,5.907,13.743,5.618,True
2015-16,2016-17,2015-16->2016-17,1610612748,MIA,MIA,359.0,336.0,43,43,15.931,-10.866,1.039,1.553,1.722,1.024,14.891,-12.419,14.209,-11.89,True
2015-16,2016-17,2015-16->2016-17,1610612749,MIL,MIL,326.0,306.0,40,39,6.183,-11.111,-4.981,0.257,-4.489,-0.178,11.165,-11.369,10.672,-10.933,True
2015-16,2016-17,2015-16->2016-17,1610612750,MIN,MIN,436.0,340.0,50,45,-3.584,-9.735,-3.559,-0.519,-3.545,-0.903,-0.025,-9.216,-0.039,-8.833,True
2015-16,2016-17,2015-16->2016-17,1610612740,NOP,NOP,352.0,380.0,45,43,-5.01,-4.028,-3.623,-1.994,-3.692,-2.078,-1.387,-2.035,-1.317,-1.95,True
2015-16,2016-17,2015-16->2016-17,1610612752,NYK,NYK,339.0,341.0,41,41,-11.139,-2.033,-2.392,-3.715,-2.776,-3.642,-8.746,1.682,-8.363,1.609,True
2015-16,2016-17,2015-16->2016-17,1610612760,OKC,OKC,369.0,341.0,43,41,-8.556,22.983,8.121,-0.118,7.354,0.845,-16.677,23.101,-15.91,22.138,True
2015-16,2016-17,2015-16->2016-17,1610612753,ORL,ORL,412.0,299.0,43,39,-3.116,-12.901,-1.559,-6.291,-1.646,-6.54,-1.557,-6.61,-1.47,-6.361,True
2015-16,2016-17,2015-16->2016-17,1610612755,PHI,PHI,262.0,365.0,35,44,-44.903,-11.033,-9.051,-5.266,-10.227,-5.524,-35.852,-5.767,-34.677,-5.509,True
2015-16,2016-17,2015-16->2016-17,1610612756,PHX,PHX,265.0,371.0,38,50,-27.518,-16.486,-5.759,-4.648,-6.486,-5.205,-21.759,-11.839,-21.032,-11.281,True
2015-16,2016-17,2015-16->2016-17,1610612757,POR,POR,308.0,494.0,42,47,-1.967,2.434,0.89,-0.755,0.782,-0.559,-2.856,3.189,-2.749,2.993,True
2015-16,2016-17,2015-16->2016-17,1610612758,SAC,SAC,330.0,429.0,43,49,-13.22,-11.189,-1.879,-3.816,-2.329,-4.216,-11.341,-7.373,-10.891,-6.973,True
2015-16,2016-17,2015-16->2016-17,1610612759,SAS,SAS,217.0,350.0,30,43,18.636,21.845,10.899,6.779,11.101,7.428,7.737,15.066,7.535,14.417,True
2015-16,2016-17,2015-16->2016-17,1610612761,TOR,TOR,363.0,363.0,51,49,8.247,14.555,4.259,3.822,4.434,4.29,3.987,10.733,3.813,10.265,True
2015-16,2016-17,2015-16->2016-17,1610612762,UTA,UTA,403.0,280.0,42,44,-19.409,15.712,3.065,3.865,1.833,4.303,-22.474,11.847,-21.242,11.409,True
2015-16,2016-17,2015-16->2016-17,1610612764,WAS,WAS,295.0,435.0,34,55,-3.158,13.008,-0.429,1.014,-0.528,1.651,-2.729,11.994,-2.63,11.357,True
2016-17,2017-18,2016-17->2017-18,1610612737,ATL,ATL,369.0,335.0,44,43,14.057,-6.097,-1.404,-5.638,-0.696,-5.658,15.461,-0.459,14.753,-0.439,True
2016-17,2017-18,2016-17->2017-18,1610612751,BKN,BKN,288.0,403.0,40,49,-16.413,-9.923,-6.123,-3.228,-6.489,-3.554,-10.29,-6.695,-9.924,-6.369,True
2016-17,2017-18,2016-17->2017-18,1610612738,BOS,BOS,403.0,374.0,48,45,10.054,0.977,2.224,3.73,2.617,3.603,7.83,-2.753,7.436,-2.626,True
2016-17,2017-18,2016-17->2017-18,1610612766,CHA,CHA,387.0,326.0,50,41,-4.125,-0.92,0.165,-0.029,-0.031,-0.063,-4.29,-0.891,-4.094,-0.857,True
2016-17,2017-18,2016-17->2017-18,1610612741,CHI,CHI,328.0,377.0,42,41,9.198,-1.332,-0.081,-7.334,0.294,-7.044,9.279,6.001,8.904,5.712,True
2016-17,2017-18,2016-17->2017-18,1610612739,CLE,CLE,299.0,331.0,36,44,13.585,20.777,2.693,0.189,3.091,0.99,10.892,20.588,10.494,19.787,True
2016-17,2017-18,2016-17->2017-18,1610612742,DAL,DAL,293.0,349.0,41,48,-6.143,-28.461,-2.85,-1.757,-2.975,-2.938,-3.294,-26.704,-3.168,-25.523,True
2016-17,2017-18,2016-17->2017-18,1610612743,DEN,DEN,290.0,364.0,40,43,-8.04,4.118,0.749,1.283,0.432,1.413,-8.789,2.835,-8.472,2.705,True
2016-17,2017-18,2016-17->2017-18,1610612765,DET,DET,293.0,287.0,37,38,-12.117,-8.195,-0.951,0.221,-1.369,-0.084,-11.166,-8.416,-10.748,-8.112,True
2016-17,2017-18,2016-17->2017-18,1610612744,GSW,GSW,206.0,237.0,25,29,9.709,7.817,11.409,5.858,11.361,5.913,-1.701,1.959,-1.652,1.904,True
2016-17,2017-18,2016-17->2017-18,1610612745,HOU,HOU,299.0,223.0,40,35,-5.724,26.998,6.08,7.832,5.654,8.355,-11.804,19.167,-11.378,18.643,True
2016-17,2017-18,2016-17->2017-18,1610612754,IND,IND,319.0,319.0,38,44,-1.16,16.699,-0.148,0.621,-0.185,1.255,-1.012,16.078,-0.975,15.443,True
2016-17,2017-18,2016-17->2017-18,1610612746,LAC,LAC,255.0,266.0,34,40,1.726,-8.538,4.451,0.506,4.35,0.197,-2.725,-9.045,-2.624,-8.736,True
2016-17,2017-18,2016-17->2017-18,1610612747,LAL,LAL,248.0,376.0,43,42,-16.334,-6.025,-6.392,-1.106,-6.734,-1.326,-9.942,-4.919,-9.6,-4.699,True
2016-17,2017-18,2016-17->2017-18,1610612763,MEM,MEM,379.0,288.0,46,41,6.082,-5.05,0.175,-6.9,0.464,-6.794,5.907,1.85,5.618,1.745,True
2016-17,2017-18,2016-17->2017-18,1610612748,MIA,MIA,336.0,449.0,43,53,-10.866,8.248,1.553,-0.121,1.024,0.356,-12.419,8.369,-11.89,7.892,True
2016-17,2017-18,2016-17->2017-18,1610612749,MIL,MIL,306.0,382.0,39,47,-11.111,1.822,0.257,-0.271,-0.178,-0.189,-11.369,2.093,-10.933,2.011,True
2016-17,2017-18,2016-17->2017-18,1610612750,MIN,MIN,340.0,349.0,45,42,-9.735,-7.309,-0.519,2.677,-0.903,2.25,-9.216,-9.986,-8.833,-9.56,True
2016-17,2017-18,2016-17->2017-18,1610612740,NOP,NOP,380.0,469.0,43,49,-4.028,6.632,-1.994,0.82,-2.078,1.127,-2.035,5.812,-1.95,5.505,True
2016-17,2017-18,2016-17->2017-18,1610612752,NYK,NYK,341.0,284.0,41,35,-2.033,-12.239,-3.715,-3.069,-3.642,-3.392,1.682,-9.17,1.609,-8.847,True
2016-17,2017-18,2016-17->2017-18,1610612760,OKC,OKC,341.0,379.0,41,46,22.983,-2.694,-0.118,3.972,0.845,3.656,23.101,-6.666,22.138,-6.35,True
2016-17,2017-18,2016-17->2017-18,1610612753,ORL,ORL,299.0,247.0,39,39,-12.901,-8.709,-6.291,-4.542,-6.54,-4.663,-6.61,-4.167,-6.361,-4.046,True
2016-17,2017-18,2016-17->2017-18,1610612755,PHI,PHI,365.0,324.0,44,45,-11.033,17.382,-5.266,4.048,-5.524,4.559,-5.767,13.333,-5.509,12.823,True
2016-17,2017-18,2016-17->2017-18,1610612756,PHX,PHX,371.0,235.0,50,38,-16.486,-9.579,-4.648,-8.955,-5.205,-8.964,-11.839,-0.624,-11.281,-0.614,True
2016-17,2017-18,2016-17->2017-18,1610612757,POR,POR,494.0,364.0,47,45,2.434,6.319,-0.755,2.533,-0.559,2.705,3.189,3.786,2.993,3.614,True
2016-17,2017-18,2016-17->2017-18,1610612758,SAC,SAC,429.0,313.0,49,42,-11.189,2.566,-3.816,-7.671,-4.216,-7.262,-7.373,10.237,-6.973,9.828,True
2016-17,2017-18,2016-17->2017-18,1610612759,SAS,SAS,350.0,292.0,43,37,21.845,2.256,6.779,3.041,7.428,3.013,15.066,-0.785,14.417,-0.757,True
2016-17,2017-18,2016-17->2017-18,1610612761,TOR,TOR,363.0,356.0,49,43,14.555,0.474,3.822,8.067,4.29,7.73,10.733,-7.594,10.265,-7.256,True
2016-17,2017-18,2016-17->2017-18,1610612762,UTA,UTA,280.0,236.0,44,28,15.712,6.317,3.865,4.344,4.303,4.401,11.847,1.973,11.409,1.916,True
2016-17,2017-18,2016-17->2017-18,1610612764,WAS,WAS,435.0,400.0,55,44,13.008,-8.304,1.014,0.862,1.651,0.407,11.994,-9.166,11.357,-8.711,True
2017-18,2018-19,2017-18->2018-19,1610612737,ATL,ATL,335.0,350.0,43,40,-6.097,6.235,-5.638,-6.017,-5.658,-5.507,-0.459,12.251,-0.439,11.742,True
2017-18,2018-19,2017-18->2018-19,1610612751,BKN,BKN,403.0,373.0,49,43,-9.923,-2.129,-3.228,0.014,-3.554,-0.084,-6.695,-2.142,-6.369,-2.045,True
2017-18,2018-19,2017-18->2018-19,1610612738,BOS,BOS,374.0,315.0,45,42,0.977,9.066,3.73,4.073,3.603,4.266,-2.753,4.993,-2.626,4.8,True
2017-18,2018-19,2017-18->2018-19,1610612766,CHA,CHA,326.0,324.0,41,39,-0.92,-1.991,-0.029,-1.273,-0.063,-1.302,-0.891,-0.717,-0.857,-0.689,True
2017-18,2018-19,2017-18->2018-19,1610612741,CHI,CHI,377.0,323.0,41,39,-1.332,-8.297,-7.334,-8.284,-7.044,-8.272,6.001,-0.013,5.712,-0.025,True
2017-18,2018-19,2017-18->2018-19,1610612739,CLE,CLE,331.0,208.0,44,33,20.777,-11.61,0.189,-9.963,0.99,-9.999,20.588,-1.647,19.787,-1.611,True
2017-18,2018-19,2017-18->2018-19,1610612742,DAL,DAL,349.0,361.0,48,46,-28.461,-8.587,-1.757,-1.138,-2.938,-1.466,-26.704,-7.449,-25.523,-7.122,True
2017-18,2018-19,2017-18->2018-19,1610612743,DEN,DEN,364.0,326.0,43,46,4.118,11.844,1.283,3.722,1.413,4.029,2.835,8.122,2.705,7.815,True
2017-18,2018-19,2017-18->2018-19,1610612765,DET,DET,287.0,344.0,38,42,-8.195,-2.076,0.221,-0.264,-0.084,-0.341,-8.416,-1.811,-8.112,-1.735,True
2017-18,2018-19,2017-18->2018-19,1610612744,GSW,GSW,237.0,285.0,29,35,7.817,5.965,5.858,6.477,5.913,6.459,1.959,-0.512,1.904,-0.494,True
2017-18,2018-19,2017-18->2018-19,1610612745,HOU,HOU,223.0,297.0,35,41,26.998,-1.664,7.832,5.038,8.355,4.796,19.167,-6.701,18.643,-6.46,True
2017-18,2018-19,2017-18->2018-19,1610612754,IND,IND,319.0,245.0,44,41,16.699,9.388,0.621,3.238,1.255,3.424,16.078,6.15,15.443,5.964,True
2017-18,2018-19,2017-18->2018-19,1610612746,LAC,LAC,266.0,325.0,40,43,-8.538,18.765,0.506,0.313,0.197,1.021,-9.045,18.451,-8.736,17.743,True
2017-18,2018-19,2017-18->2018-19,1610612747,LAL,LAL,376.0,306.0,42,43,-6.025,7.214,-1.106,-1.876,-1.326,-1.55,-4.919,9.09,-4.699,8.764,True
2017-18,2018-19,2017-18->2018-19,1610612763,MEM,MEM,288.0,380.0,41,47,-5.05,-6.954,-6.9,-2.179,-6.794,-2.408,1.85,-4.775,1.745,-4.546,True
2017-18,2018-19,2017-18->2018-19,1610612748,MIA,MIA,449.0,329.0,53,44,8.248,-4.262,-0.121,-0.217,0.356,-0.379,8.369,-4.045,7.892,-3.883,True
2017-18,2018-19,2017-18->2018-19,1610612749,MIL,MIL,382.0,292.0,47,36,1.822,2.874,-0.271,8.792,-0.189,8.594,2.093,-5.918,2.011,-5.72,True
2017-18,2018-19,2017-18->2018-19,1610612750,MIN,MIN,349.0,340.0,42,44,-7.309,-13.393,2.677,-1.123,2.25,-1.623,-9.986,-12.27,-9.56,-11.77,True
2017-18,2018-19,2017-18->2018-19,1610612740,NOP,NOP,469.0,318.0,49,45,6.632,-10.598,0.82,-0.956,1.127,-1.314,5.812,-9.642,5.505,-9.284,True
2017-18,2018-19,2017-18->2018-19,1610612752,NYK,NYK,284.0,269.0,35,34,-12.239,-7.865,-3.069,-8.909,-3.392,-8.871,-9.17,1.044,-8.847,1.005,True
2017-18,2018-19,2017-18->2018-19,1610612760,OKC,OKC,379.0,378.0,46,46,-2.694,2.284,3.972,3.402,3.656,3.351,-6.666,-1.118,-6.35,-1.067,True
2017-18,2018-19,2017-18->2018-19,1610612753,ORL,ORL,247.0,346.0,39,47,-8.709,-2.549,-4.542,0.803,-4.663,0.647,-4.167,-3.353,-4.046,-3.196,True
2017-18,2018-19,2017-18->2018-19,1610612755,PHI,PHI,324.0,369.0,45,45,17.382,3.363,4.048,2.558,4.559,2.584,13.333,0.804,12.823,0.778,True
2017-18,2018-19,2017-18->2018-19,1610612756,PHX,PHX,235.0,310.0,38,33,-9.579,-9.133,-8.955,-8.921,-8.964,-8.932,-0.624,-0.212,-0.614,-0.201,True
2017-18,2018-19,2017-18->2018-19,1610612757,POR,POR,364.0,303.0,45,40,6.319,9.162,2.533,3.984,2.705,4.173,3.786,5.177,3.614,4.988,True
2017-18,2018-19,2017-18->2018-19,1610612758,SAC,SAC,313.0,344.0,42,49,2.566,-1.118,-7.671,-1.231,-7.262,-1.219,10.237,0.113,9.828,0.102,True
2017-18,2018-19,2017-18->2018-19,1610612759,SAS,SAS,292.0,323.0,37,40,2.256,1.122,3.041,1.639,3.013,1.623,-0.785,-0.517,-0.757,-0.501,True
2017-18,2018-19,2017-18->2018-19,1610612761,TOR,TOR,356.0,346.0,43,37,0.474,7.79,8.067,5.694,7.73,5.77,-7.594,2.096,-7.256,2.021,True
2017-18,2018-19,2017-18->2018-19,1610612762,UTA,UTA,236.0,236.0,28,33,6.317,3.581,4.344,5.036,4.401,4.998,1.973,-1.455,1.916,-1.416,True
2017-18,2018-19,2017-18->2018-19,1610612764,WAS,WAS,400.0,371.0,44,39,-8.304,-3.709,0.862,-2.669,0.407,-2.711,-9.166,-1.04,-8.711,-0.997,True
2018-19,2019-20,2018-19->2019-20,1610612737,ATL,ATL,350.0,265.0,40,34,6.235,-1.581,-6.017,-7.689,-5.507,-7.417,12.251,6.107,11.742,5.836,True
2018-19,2019-20,2018-19->2019-20,1610612751,BKN,BKN,373.0,366.0,43,40,-2.129,3.18,0.014,-0.653,-0.084,-0.465,-2.142,3.834,-2.045,3.646,True
2018-19,2019-20,2018-19->2019-20,1610612738,BOS,BOS,315.0,312.0,42,42,9.066,3.522,4.073,6.435,4.266,6.316,4.993,-2.913,4.8,-2.794,True
2018-19,2019-20,2018-19->2019-20,1610612766,CHA,CHA,324.0,295.0,39,34,-1.991,9.759,-1.273,-7.805,-1.302,-6.985,-0.717,17.563,-0.689,16.744,True
2018-19,2019-20,2018-19->2019-20,1610612741,CHI,CHI,323.0,230.0,39,38,-8.297,-20.787,-8.284,-2.414,-8.272,-3.114,-0.013,-18.373,-0.025,-17.674,True
2018-19,2019-20,2018-19->2019-20,1610612739,CLE,CLE,208.0,258.0,33,29,-11.61,-6.589,-9.963,-7.913,-9.999,-7.861,-1.647,1.324,-1.611,1.271,True
2018-19,2019-20,2018-19->2019-20,1610612742,DAL,DAL,361.0,344.0,46,41,-8.587,-8.112,-1.138,5.389,-1.466,4.769,-7.449,-13.5,-7.122,-12.881,True
2018-19,2019-20,2018-19->2019-20,1610612743,DEN,DEN,326.0,351.0,46,45,11.844,15.637,3.722,1.529,4.029,2.21,8.122,14.108,7.815,13.426,True
2018-19,2019-20,2018-19->2019-20,1610612765,DET,DET,344.0,234.0,42,30,-2.076,-24.485,-0.264,-2.738,-0.341,-3.525,-1.811,-21.747,-1.735,-20.959,True
2018-19,2019-20,2018-19->2019-20,1610612744,GSW,GSW,285.0,208.0,35,27,5.965,-22.0,6.477,-8.18,6.459,-8.631,-0.512,-13.82,-0.494,-13.369,True
2018-19,2019-20,2018-19->2019-20,1610612745,HOU,HOU,297.0,248.0,41,31,-1.664,18.743,5.038,2.162,4.796,2.68,-6.701,16.581,-6.46,16.063,True
2018-19,2019-20,2018-19->2019-20,1610612754,IND,IND,245.0,301.0,41,36,9.388,9.804,3.238,1.634,3.424,1.944,6.15,8.17,5.964,7.859,True
2018-19,2019-20,2018-19->2019-20,1610612746,LAC,LAC,325.0,269.0,43,31,18.765,7.714,0.313,6.279,1.021,6.331,18.451,1.436,17.743,1.383,True
2018-19,2019-20,2018-19->2019-20,1610612747,LAL,LAL,306.0,243.0,43,30,7.214,5.691,-1.876,5.554,-1.55,5.552,9.09,0.137,8.764,0.138,True
2018-19,2019-20,2018-19->2019-20,1610612763,MEM,MEM,380.0,218.0,47,30,-6.954,-16.129,-2.179,-0.539,-2.408,-0.988,-4.775,-15.59,-4.546,-15.141,True
2018-19,2019-20,2018-19->2019-20,1610612748,MIA,MIA,329.0,315.0,44,36,-4.262,-16.987,-0.217,3.567,-0.379,2.689,-4.045,-20.554,-3.883,-19.675,True
2018-19,2019-20,2018-19->2019-20,1610612749,MIL,MIL,292.0,178.0,36,24,2.874,18.187,8.792,9.235,8.594,9.418,-5.918,8.952,-5.72,8.769,True
2018-19,2019-20,2018-19->2019-20,1610612750,MIN,MIN,340.0,214.0,44,33,-13.393,-10.99,-1.123,-3.732,-1.623,-3.983,-12.27,-7.258,-11.77,-7.007,True
2018-19,2019-20,2018-19->2019-20,1610612740,NOP,NOP,318.0,288.0,45,41,-10.598,-26.399,-0.956,-0.309,-1.314,-1.321,-9.642,-26.09,-9.284,-25.078,True
2018-19,2019-20,2018-19->2019-20,1610612752,NYK,NYK,269.0,270.0,34,34,-7.865,3.832,-8.909,-6.958,-8.871,-6.495,1.044,10.79,1.005,10.326,True
2018-19,2019-20,2018-19->2019-20,1610612760,OKC,OKC,378.0,398.0,46,45,2.284,26.424,3.402,0.641,3.351,2.056,-1.118,25.783,-1.067,24.368,True
2018-19,2019-20,2018-19->2019-20,1610612753,ORL,ORL,346.0,254.0,47,34,-2.549,-8.982,0.803,-0.984,0.647,-1.261,-3.353,-7.998,-3.196,-7.721,True
2018-19,2019-20,2018-19->2019-20,1610612755,PHI,PHI,369.0,280.0,45,43,3.363,5.344,2.558,2.172,2.584,2.293,0.804,3.172,0.778,3.051,True
2018-19,2019-20,2018-19->2019-20,1610612756,PHX,PHX,310.0,301.0,33,37,-9.133,-0.475,-8.921,0.554,-8.932,0.512,-0.212,-1.029,-0.201,-0.988,True
2018-19,2019-20,2018-19->2019-20,1610612757,POR,POR,303.0,285.0,40,36,9.162,6.004,3.984,-1.428,4.173,-1.146,5.177,7.432,4.988,7.15,True
2018-19,2019-20,2018-19->2019-20,1610612758,SAC,SAC,344.0,290.0,49,39,-1.118,-2.617,-1.231,-1.845,-1.219,-1.877,0.113,-0.772,0.102,-0.741,True
2018-19,2019-20,2018-19->2019-20,1610612759,SAS,SAS,323.0,364.0,40,45,1.122,-6.737,1.639,-0.595,1.623,-0.903,-0.517,-6.141,-0.501,-5.833,True
2018-19,2019-20,2018-19->2019-20,1610612761,TOR,TOR,346.0,281.0,37,37,7.79,20.723,5.694,5.54,5.77,6.113,2.096,15.183,2.021,14.61,True
2018-19,2019-20,2018-19->2019-20,1610612762,UTA,UTA,236.0,321.0,33,41,3.581,12.443,5.036,2.057,4.998,2.498,-1.455,10.386,-1.416,9.944,True
2018-19,2019-20,2018-19->2019-20,1610612764,WAS,WAS,371.0,207.0,39,35,-3.709,-15.295,-2.669,-4.16,-2.711,-4.48,-1.04,-11.135,-0.997,-10.815,True
2019-20,2020-21,2019-20->2020-21,1610612737,ATL,ATL,265.0,262.0,34,36,-1.581,0.681,-7.689,2.282,-7.417,2.223,6.107,-1.602,5.836,-1.542,True
2019-20,2020-21,2019-20->2020-21,1610612751,BKN,BKN,366.0,317.0,40,39,3.18,9.712,-0.653,3.959,-0.465,4.202,3.834,5.753,3.646,5.51,True
2019-20,2020-21,2019-20->2020-21,1610612738,BOS,BOS,312.0,326.0,42,43,3.522,-10.856,6.435,1.823,6.316,1.246,-2.913,-12.679,-2.794,-12.101,True
2019-20,2020-21,2019-20->2020-21,1610612766,CHA,CHA,295.0,221.0,34,31,9.759,19.756,-7.805,-2.613,-6.985,-1.942,17.563,22.369,16.744,21.698,True
2019-20,2020-21,2019-20->2020-21,1610612741,CHI,CHI,230.0,281.0,38,35,-20.787,-8.045,-2.414,-0.872,-3.114,-1.149,-18.373,-7.173,-17.674,-6.896,True
2019-20,2020-21,2019-20->2020-21,1610612739,CLE,CLE,258.0,216.0,29,26,-6.589,-7.319,-7.913,-8.349,-7.861,-8.315,1.324,1.031,1.271,0.997,True
2019-20,2020-21,2019-20->2020-21,1610612742,DAL,DAL,344.0,208.0,41,33,-8.112,-5.663,5.389,2.551,4.769,2.308,-13.5,-8.215,-12.881,-7.972,True
2019-20,2020-21,2019-20->2020-21,1610612743,DEN,DEN,351.0,298.0,45,31,15.637,5.464,1.529,4.819,2.21,4.843,14.108,0.645,13.426,0.621,True
2019-20,2020-21,2019-20->2020-21,1610612765,DET,DET,234.0,260.0,30,32,-24.485,-20.519,-2.738,-3.938,-3.525,-4.546,-21.747,-16.582,-20.959,-15.973,True
2019-20,2020-21,2019-20->2020-21,1610612744,GSW,GSW,208.0,238.0,27,32,-22.0,-6.737,-8.18,1.32,-8.631,1.055,-13.82,-8.057,-13.369,-7.791,True
2019-20,2020-21,2019-20->2020-21,1610612745,HOU,HOU,248.0,169.0,31,24,18.743,-15.862,2.162,-7.186,2.68,-7.383,16.581,-8.676,16.063,-8.479,True
2019-20,2020-21,2019-20->2020-21,1610612754,IND,IND,301.0,348.0,36,40,9.804,-1.716,1.634,0.136,1.944,0.05,8.17,-1.852,7.859,-1.766,True
2019-20,2020-21,2019-20->2020-21,1610612746,LAC,LAC,269.0,185.0,31,34,7.714,-7.256,6.279,6.475,6.331,6.105,1.436,-13.731,1.383,-13.36,True
2019-20,2020-21,2019-20->2020-21,1610612747,LAL,LAL,243.0,275.0,30,35,5.691,10.924,5.554,2.641,5.552,2.947,0.137,8.283,0.138,7.978,True
2019-20,2020-21,2019-20->2020-21,1610612763,MEM,MEM,218.0,304.0,30,37,-16.129,-9.282,-0.539,1.65,-0.988,1.195,-15.59,-10.932,-15.141,-10.477,True
2019-20,2020-21,2019-20->2020-21,1610612748,MIA,MIA,315.0,246.0,36,34,-16.987,-6.97,3.567,0.128,2.689,-0.129,-20.554,-7.098,-19.675,-6.841,True
2019-20,2020-21,2019-20->2020-21,1610612749,MIL,MIL,178.0,213.0,24,28,18.187,1.512,9.235,5.941,9.418,5.816,8.952,-4.428,8.769,-4.304,True
2019-20,2020-21,2019-20->2020-21,1610612750,MIN,MIN,214.0,298.0,33,39,-10.99,-11.828,-3.732,-4.976,-3.983,-5.258,-7.258,-6.852,-7.007,-6.57,True
2019-20,2020-21,2019-20->2020-21,1610612740,NOP,NOP,288.0,344.0,41,39,-26.399,7.545,-0.309,-0.702,-1.321,-0.319,-26.09,8.247,-25.078,7.864,True
2019-20,2020-21,2019-20->2020-21,1610612752,NYK,NYK,270.0,332.0,34,36,3.832,11.477,-6.958,1.973,-6.495,2.42,10.79,9.504,10.326,9.057,True
2019-20,2020-21,2019-20->2020-21,1610612760,OKC,OKC,398.0,220.0,45,29,26.424,0.925,0.641,-10.946,2.056,-10.587,25.783,11.872,24.368,11.513,True
2019-20,2020-21,2019-20->2020-21,1610612753,ORL,ORL,254.0,201.0,34,29,-8.982,0.753,-0.984,-9.565,-1.261,-9.265,-7.998,10.318,-7.721,10.018,True
2019-20,2020-21,2019-20->2020-21,1610612755,PHI,PHI,280.0,280.0,43,34,5.344,15.055,2.172,5.124,2.293,5.499,3.172,9.93,3.051,9.556,True
2019-20,2020-21,2019-20->2020-21,1610612756,PHX,PHX,301.0,330.0,37,37,-0.475,2.367,0.554,6.079,0.512,5.902,-1.029,-3.712,-0.988,-3.535,True
2019-20,2020-21,2019-20->2020-21,1610612757,POR,POR,285.0,307.0,36,37,6.004,29.086,-1.428,0.618,-1.146,1.791,7.432,28.468,7.15,27.295,True
2019-20,2020-21,2019-20->2020-21,1610612758,SAC,SAC,290.0,329.0,39,42,-2.617,-6.958,-1.845,-3.64,-1.877,-3.791,-0.772,-3.318,-0.741,-3.167,True
2019-20,2020-21,2019-20->2020-21,1610612759,SAS,SAS,364.0,340.0,45,37,-6.737,-3.934,-0.595,-1.394,-0.903,-1.511,-6.141,-2.539,-5.833,-2.423,True
2019-20,2020-21,2019-20->2020-21,1610612761,TOR,TOR,281.0,250.0,37,38,20.723,-12.508,5.54,0.044,6.113,-0.396,15.183,-12.552,14.61,-12.112,True
2019-20,2020-21,2019-20->2020-21,1610612762,UTA,UTA,321.0,192.0,41,30,12.443,8.173,2.057,9.069,2.498,9.05,10.386,-0.896,9.944,-0.877,True
2019-20,2020-21,2019-20->2020-21,1610612764,WAS,WAS,207.0,381.0,35,39,-15.295,2.806,-4.16,-1.815,-4.48,-1.577,-11.135,4.621,-10.815,4.384,True
2020-21,2021-22,2020-21->2021-22,1610612737,ATL,ATL,262.0,257.0,36,38,0.681,-8.874,2.282,1.982,2.223,1.637,-1.602,-10.856,-1.542,-10.511,True
2020-21,2021-22,2020-21->2021-22,1610612751,BKN,BKN,317.0,326.0,39,40,9.712,9.528,3.959,0.561,4.202,0.92,5.753,8.967,5.51,8.608,True
2020-21,2021-22,2020-21->2021-22,1610612738,BOS,BOS,326.0,340.0,43,35,-10.856,-9.448,1.823,8.1,1.246,7.36,-12.679,-17.548,-12.101,-16.808,True
2020-21,2021-22,2020-21->2021-22,1610612766,CHA,CHA,221.0,333.0,31,37,19.756,-1.976,-2.613,0.647,-1.942,0.541,22.369,-2.623,21.698,-2.517,True
2020-21,2021-22,2020-21->2021-22,1610612741,CHI,CHI,281.0,295.0,35,41,-8.045,16.122,-0.872,-1.151,-1.149,-0.533,-7.173,17.273,-6.896,16.655,True
2020-21,2021-22,2020-21->2021-22,1610612739,CLE,CLE,216.0,319.0,26,44,-7.319,5.601,-8.349,1.93,-8.315,2.075,1.031,3.671,0.997,3.526,True
2020-21,2021-22,2020-21->2021-22,1610612742,DAL,DAL,208.0,241.0,33,38,-5.663,-7.413,2.551,3.817,2.308,3.485,-8.215,-11.23,-7.972,-10.898,True
2020-21,2021-22,2020-21->2021-22,1610612743,DEN,DEN,298.0,317.0,31,40,5.464,3.776,4.819,2.212,4.843,2.272,0.645,1.564,0.621,1.504,True
2020-21,2021-22,2020-21->2021-22,1610612765,DET,DET,260.0,273.0,32,44,-20.519,-16.126,-3.938,-7.425,-4.546,-7.706,-16.582,-8.7,-15.973,-8.42,True
2020-21,2021-22,2020-21->2021-22,1610612744,GSW,GSW,238.0,292.0,32,41,-6.737,2.716,1.32,5.581,1.055,5.485,-8.057,-2.866,-7.791,-2.77,True
2020-21,2021-22,2020-21->2021-22,1610612745,HOU,HOU,169.0,240.0,24,30,-15.862,-9.86,-7.186,-8.215,-7.383,-8.252,-8.676,-1.645,-8.479,-1.608,True
2020-21,2021-22,2020-21->2021-22,1610612754,IND,IND,348.0,363.0,40,45,-1.716,-22.937,0.136,-2.661,0.05,-3.561,-1.852,-20.276,-1.766,-19.377,True
2020-21,2021-22,2020-21->2021-22,1610612746,LAC,LAC,185.0,311.0,34,42,-7.256,9.508,6.475,-0.415,6.105,-0.029,-13.731,9.924,-13.36,9.538,True
2020-21,2021-22,2020-21->2021-22,1610612747,LAL,LAL,275.0,418.0,35,46,10.924,-3.231,2.641,-2.855,2.947,-2.869,8.283,-0.376,7.978,-0.362,True
2020-21,2021-22,2020-21->2021-22,1610612763,MEM,MEM,304.0,267.0,37,32,-9.282,7.937,1.65,5.27,1.195,5.342,-10.932,2.667,-10.477,2.595,True
2020-21,2021-22,2020-21->2021-22,1610612748,MIA,MIA,246.0,270.0,34,38,-6.97,1.167,0.128,4.684,-0.129,4.543,-7.098,-3.517,-6.841,-3.376,True
2020-21,2021-22,2020-21->2021-22,1610612749,MIL,MIL,213.0,249.0,28,40,1.512,15.283,5.941,2.836,5.816,3.212,-4.428,12.448,-4.304,12.071,True
2020-21,2021-22,2020-21->2021-22,1610612750,MIN,MIN,298.0,254.0,39,38,-11.828,1.087,-4.976,2.785,-5.258,2.731,-6.852,-1.698,-6.57,-1.644,True
2020-21,2021-22,2020-21->2021-22,1610612740,NOP,NOP,344.0,232.0,39,31,7.545,-4.829,-0.702,-0.65,-0.319,-0.769,8.247,-4.179,7.864,-4.06,True
2020-21,2021-22,2020-21->2021-22,1610612752,NYK,NYK,332.0,292.0,36,42,11.477,-23.237,1.973,0.431,2.42,-0.444,9.504,-23.668,9.057,-22.793,True
2020-21,2021-22,2020-21->2021-22,1610612760,OKC,OKC,220.0,315.0,29,37,0.925,-3.616,-10.946,-8.168,-10.587,-7.99,11.872,4.552,11.513,4.374,True
2020-21,2021-22,2020-21->2021-22,1610612753,ORL,ORL,201.0,255.0,29,33,0.753,-2.339,-9.565,-8.303,-9.265,-8.114,10.318,5.964,10.018,5.775,True
2020-21,2021-22,2020-21->2021-22,1610612755,PHI,PHI,280.0,355.0,34,45,15.055,2.294,5.124,2.857,5.499,2.835,9.93,-0.563,9.556,-0.541,True
2020-21,2021-22,2020-21->2021-22,1610612756,PHX,PHX,330.0,279.0,37,40,2.367,33.421,6.079,6.567,5.902,7.462,-3.712,26.854,-3.535,25.959,True
2020-21,2021-22,2020-21->2021-22,1610612757,POR,POR,307.0,229.0,37,32,29.086,1.209,0.618,-9.344,1.791,-9.051,28.468,10.553,27.295,10.261,True
2020-21,2021-22,2020-21->2021-22,1610612758,SAC,SAC,329.0,312.0,42,40,-6.958,1.4,-3.64,-5.468,-3.791,-5.206,-3.318,6.868,-3.167,6.606,True
2020-21,2021-22,2020-21->2021-22,1610612759,SAS,SAS,340.0,289.0,37,39,-3.934,-10.372,-1.394,0.598,-1.511,0.242,-2.539,-10.97,-2.423,-10.614,True
2020-21,2021-22,2020-21->2021-22,1610612761,TOR,TOR,250.0,353.0,38,44,-12.508,10.465,0.044,1.82,-0.396,2.199,-12.552,8.645,-12.112,8.266,True
2020-21,2021-22,2020-21->2021-22,1610612762,UTA,UTA,192.0,292.0,30,40,8.173,-8.386,9.069,6.751,9.05,6.204,-0.896,-15.137,-0.877,-14.59,True
2020-21,2021-22,2020-21->2021-22,1610612764,WAS,WAS,381.0,340.0,39,40,2.806,12.721,-1.815,-4.054,-1.577,-3.386,4.621,16.774,4.384,16.107,True
2021-22,2022-23,2021-22->2022-23,1610612737,ATL,ATL,257.0,378.0,38,43,-8.874,-16.451,1.982,0.93,1.637,0.148,-10.856,-17.381,-10.511,-16.599,True
2021-22,2022-23,2021-22->2022-23,1610612751,BKN,BKN,326.0,277.0,40,40,9.528,5.637,0.561,0.938,0.92,1.101,8.967,4.699,8.608,4.536,True
2021-22,2022-23,2021-22->2022-23,1610612738,BOS,BOS,340.0,340.0,35,36,-9.448,4.238,8.1,6.813,7.36,6.688,-17.548,-2.575,-16.808,-2.451,True
2021-22,2022-23,2021-22->2022-23,1610612766,CHA,CHA,333.0,336.0,37,43,-1.976,-5.783,0.647,-6.287,0.541,-6.267,-2.623,0.503,-2.517,0.483,True
2021-22,2022-23,2021-22->2022-23,1610612741,CHI,CHI,295.0,364.0,41,38,16.122,0.867,-1.151,1.334,-0.533,1.316,17.273,-0.467,16.655,-0.449,True
2021-22,2022-23,2021-22->2022-23,1610612739,CLE,CLE,319.0,336.0,44,45,5.601,-0.889,1.93,5.888,2.075,5.601,3.671,-6.777,3.526,-6.49,True
2021-22,2022-23,2021-22->2022-23,1610612742,DAL,DAL,241.0,435.0,38,55,-7.413,-1.135,3.817,-0.148,3.485,-0.199,-11.23,-0.987,-10.898,-0.937,True
2021-22,2022-23,2021-22->2022-23,1610612743,DEN,DEN,317.0,295.0,40,37,3.776,12.661,2.212,2.987,2.272,3.316,1.564,9.674,1.504,9.345,True
2021-22,2022-23,2021-22->2022-23,1610612765,DET,DET,273.0,275.0,44,37,-16.126,-18.0,-7.425,-7.517,-7.706,-7.874,-8.7,-10.483,-8.42,-10.126,True
2021-22,2022-23,2021-22->2022-23,1610612744,GSW,GSW,292.0,348.0,41,41,2.716,5.412,5.581,1.567,5.485,1.747,-2.866,3.845,-2.77,3.665,True
2021-22,2022-23,2021-22->2022-23,1610612745,HOU,HOU,240.0,278.0,30,40,-9.86,-9.678,-8.215,-8.106,-8.252,-8.138,-1.645,-1.572,-1.608,-1.541,True
2021-22,2022-23,2021-22->2022-23,1610612754,IND,IND,363.0,340.0,45,48,-22.937,-0.694,-2.661,-3.442,-3.561,-3.325,-20.276,2.749,-19.377,2.632,True
2021-22,2022-23,2021-22->2022-23,1610612746,LAC,LAC,311.0,293.0,42,42,9.508,2.496,-0.415,0.388,-0.029,0.46,9.924,2.109,9.538,2.036,True
2021-22,2022-23,2021-22->2022-23,1610612747,LAL,LAL,418.0,347.0,46,44,-3.231,4.346,-2.855,0.564,-2.869,0.718,-0.376,3.781,-0.362,3.628,True
2021-22,2022-23,2021-22->2022-23,1610612763,MEM,MEM,267.0,241.0,32,35,7.937,1.085,5.27,4.078,5.342,3.996,2.667,-2.993,2.595,-2.911,True
2021-22,2022-23,2021-22->2022-23,1610612748,MIA,MIA,270.0,439.0,38,54,1.167,16.867,4.684,-1.518,4.543,-0.509,-3.517,18.385,-3.376,17.376,True
2021-22,2022-23,2021-22->2022-23,1610612749,MIL,MIL,249.0,267.0,40,35,15.283,6.96,2.836,3.278,3.212,3.38,12.448,3.682,12.071,3.58,True
2021-22,2022-23,2021-22->2022-23,1610612750,MIN,MIN,254.0,377.0,38,48,1.087,-0.272,2.785,0.197,2.731,0.167,-1.698,-0.469,-1.644,-0.439,True
2021-22,2022-23,2021-22->2022-23,1610612740,NOP,NOP,232.0,305.0,31,37,-4.829,9.141,-0.65,1.577,-0.769,1.854,-4.179,7.564,-4.06,7.287,True
2021-22,2022-23,2021-22->2022-23,1610612752,NYK,NYK,292.0,394.0,42,45,-23.237,-9.841,0.431,3.421,-0.444,2.768,-23.668,-13.262,-22.793,-12.609,True
2021-22,2022-23,2021-22->2022-23,1610612760,OKC,OKC,315.0,345.0,37,43,-3.616,-9.184,-8.168,1.431,-7.99,1.001,4.552,-10.615,4.374,-10.186,True
2021-22,2022-23,2021-22->2022-23,1610612753,ORL,ORL,255.0,314.0,33,44,-2.339,-11.585,-8.303,-1.953,-8.114,-2.324,5.964,-9.631,5.775,-9.261,True
2021-22,2022-23,2021-22->2022-23,1610612755,PHI,PHI,355.0,354.0,45,45,2.294,16.895,2.857,3.814,2.835,4.358,-0.563,13.081,-0.541,12.537,True
2021-22,2022-23,2021-22->2022-23,1610612756,PHX,PHX,279.0,288.0,40,36,33.421,-3.253,6.567,2.413,7.462,2.212,26.854,-5.666,25.959,-5.465,True
2021-22,2022-23,2021-22->2022-23,1610612757,POR,POR,229.0,297.0,32,36,1.209,-6.837,-9.344,-3.87,-9.051,-3.975,10.553,-2.967,10.261,-2.861,True
2021-22,2022-23,2021-22->2022-23,1610612758,SAC,SAC,312.0,380.0,40,44,1.4,12.368,-5.468,2.164,-5.206,2.629,6.868,10.204,6.606,9.74,True
2021-22,2022-23,2021-22->2022-23,1610612759,SAS,SAS,289.0,227.0,39,28,-10.372,-14.155,0.598,-9.812,0.242,-9.922,-10.97,-4.343,-10.614,-4.233,True
2021-22,2022-23,2021-22->2022-23,1610612761,TOR,TOR,353.0,319.0,44,44,10.465,-0.873,1.82,1.55,2.199,1.456,8.645,-2.423,8.266,-2.33,True
2021-22,2022-23,2021-22->2022-23,1610612762,UTA,UTA,292.0,412.0,40,52,-8.386,7.698,6.751,-1.165,6.204,-0.73,-15.137,8.862,-14.59,8.427,True
2021-22,2022-23,2021-22->2022-23,1610612764,WAS,WAS,340.0,287.0,40,41,12.721,-8.88,-4.054,-0.907,-3.386,-1.185,16.774,-7.973,16.107,-7.695,True
2022-23,2023-24,2022-23->2023-24,1610612737,ATL,ATL,378.0,357.0,43,47,-16.451,-14.811,0.93,-1.476,0.148,-2.047,-17.381,-13.335,-16.599,-12.764,True
2022-23,2023-24,2022-23->2023-24,1610612751,BKN,BKN,277.0,335.0,40,35,5.637,-6.694,0.938,-2.766,1.101,-2.93,4.699,-3.928,4.536,-3.764,True
2022-23,2023-24,2022-23->2023-24,1610612738,BOS,BOS,340.0,256.0,36,33,4.238,12.934,6.813,11.639,6.688,11.66,-2.575,1.296,-2.451,1.275,True
2022-23,2023-24,2022-23->2023-24,1610612766,CHA,CHA,336.0,242.0,43,35,-5.783,-1.601,-6.287,-10.929,-6.267,-10.631,0.503,9.327,0.483,9.03,True
2022-23,2023-24,2022-23->2023-24,1610612741,CHI,CHI,364.0,430.0,38,44,0.867,24.059,1.334,-3.112,1.316,-1.69,-0.467,27.171,-0.449,25.749,True
2022-23,2023-24,2022-23->2023-24,1610612739,CLE,CLE,336.0,297.0,45,42,-0.889,-4.714,5.888,2.82,5.601,2.542,-6.777,-7.534,-6.49,-7.256,True
2022-23,2023-24,2022-23->2023-24,1610612742,DAL,DAL,435.0,227.0,55,31,-1.135,21.821,-0.148,1.561,-0.199,2.093,-0.987,20.261,-0.937,19.728,True
2022-23,2023-24,2022-23->2023-24,1610612743,DEN,DEN,295.0,289.0,37,39,12.661,25.535,2.987,4.778,3.316,5.489,9.674,20.758,9.345,20.047,True
2022-23,2023-24,2022-23->2023-24,1610612765,DET,DET,275.0,223.0,37,34,-18.0,-34.417,-7.517,-8.335,-7.874,-9.048,-10.483,-26.082,-10.126,-25.369,True
2022-23,2023-24,2022-23->2023-24,1610612744,GSW,GSW,348.0,334.0,41,48,5.412,0.252,1.567,2.516,1.747,2.424,3.845,-2.264,3.665,-2.172,True
2022-23,2023-24,2022-23->2023-24,1610612745,HOU,HOU,278.0,296.0,40,39,-9.678,-13.193,-8.106,1.404,-8.138,0.869,-1.572,-14.597,-1.541,-14.063,True
2022-23,2023-24,2022-23->2023-24,1610612754,IND,IND,340.0,265.0,48,36,-0.694,2.141,-3.442,2.961,-3.325,2.938,2.749,-0.82,2.632,-0.797,True
2022-23,2023-24,2022-23->2023-24,1610612746,LAC,LAC,293.0,248.0,42,40,2.496,16.81,0.388,2.936,0.46,3.36,2.109,13.874,2.036,13.45,True
2022-23,2023-24,2022-23->2023-24,1610612747,LAL,LAL,347.0,290.0,44,33,4.346,9.112,0.564,0.275,0.718,0.584,3.781,8.837,3.628,8.527,True
2022-23,2023-24,2022-23->2023-24,1610612763,MEM,MEM,241.0,258.0,35,35,1.085,-7.41,4.078,-6.918,3.996,-6.936,-2.993,-0.492,-2.911,-0.474,True
2022-23,2023-24,2022-23->2023-24,1610612748,MIA,MIA,439.0,291.0,54,42,16.867,-13.315,-1.518,2.364,-0.509,1.792,18.385,-15.679,17.376,-15.107,True
2022-23,2023-24,2022-23->2023-24,1610612749,MIL,MIL,267.0,318.0,35,40,6.96,13.795,3.278,2.133,3.38,2.578,3.682,11.662,3.58,11.217,True
2022-23,2023-24,2022-23->2023-24,1610612750,MIN,MIN,377.0,283.0,48,36,-0.272,-11.72,0.197,6.896,0.167,6.251,-0.469,-18.616,-0.439,-17.971,True
2022-23,2023-24,2022-23->2023-24,1610612740,NOP,NOP,305.0,193.0,37,29,9.141,-13.336,1.577,4.988,1.854,4.551,7.564,-18.323,7.287,-17.887,True
2022-23,2023-24,2022-23->2023-24,1610612752,NYK,NYK,394.0,236.0,45,33,-9.841,13.966,3.421,4.677,2.768,4.941,-13.262,9.289,-12.609,9.025,True
2022-23,2023-24,2022-23->2023-24,1610612760,OKC,OKC,345.0,274.0,43,38,-9.184,11.532,1.431,7.101,1.001,7.251,-10.615,4.431,-10.186,4.281,True
2022-23,2023-24,2022-23->2023-24,1610612753,ORL,ORL,314.0,259.0,44,35,-11.585,3.457,-1.953,2.117,-2.324,2.152,-9.631,1.34,-9.261,1.304,True
2022-23,2023-24,2022-23->2023-24,1610612755,PHI,PHI,354.0,274.0,45,36,16.895,2.088,3.814,3.155,4.358,3.118,13.081,-1.067,12.537,-1.03,True
2022-23,2023-24,2022-23->2023-24,1610612756,PHX,PHX,288.0,299.0,36,40,-3.253,-3.184,2.413,3.37,2.212,3.119,-5.666,-6.553,-5.465,-6.302,True
2022-23,2023-24,2022-23->2023-24,1610612757,POR,POR,297.0,310.0,36,37,-6.837,2.25,-3.87,-9.448,-3.975,-9.003,-2.967,11.698,-2.861,11.253,True
2022-23,2023-24,2022-23->2023-24,1610612758,SAC,SAC,380.0,357.0,44,39,12.368,1.521,2.164,1.826,2.629,1.794,10.204,-0.305,9.74,-0.273,True
2022-23,2023-24,2022-23->2023-24,1610612759,SAS,SAS,227.0,314.0,28,41,-14.155,-12.654,-9.812,-6.127,-9.922,-6.365,-4.343,-6.527,-4.233,-6.289,True
2022-23,2023-24,2022-23->2023-24,1610612761,TOR,TOR,319.0,310.0,44,41,-0.873,-6.425,1.55,-6.304,1.456,-6.307,-2.423,-0.121,-2.33,-0.118,True
2022-23,2023-24,2022-23->2023-24,1610612762,UTA,UTA,412.0,254.0,52,33,7.698,11.878,-1.165,-5.604,-0.73,-5.059,8.862,17.482,8.427,16.937,True
2022-23,2023-24,2022-23->2023-24,1610612764,WAS,WAS,287.0,228.0,41,37,-8.88,-37.931,-0.907,-7.84,-1.185,-8.669,-7.973,-30.091,-7.695,-29.262,True
2023-24,2024-25,2023-24->2024-25,1610612737,ATL,ATL,357.0,334.0,47,41,-14.811,7.812,-1.476,-1.413,-2.047,-1.051,-13.335,9.225,-12.764,8.863,True
2023-24,2024-25,2023-24->2024-25,1610612751,BKN,BKN,335.0,291.0,35,38,-6.694,-16.548,-2.766,-6.904,-2.93,-7.257,-3.928,-9.644,-3.764,-9.291,True
2023-24,2024-25,2023-24->2024-25,1610612738,BOS,BOS,256.0,285.0,33,35,12.934,10.613,11.639,9.374,11.66,9.417,1.296,1.239,1.275,1.196,True
2023-24,2024-25,2023-24->2024-25,1610612766,CHA,CHA,242.0,315.0,35,38,-1.601,-6.049,-10.929,-9.207,-10.631,-9.074,9.327,3.158,9.03,3.025,True
2023-24,2024-25,2023-24->2024-25,1610612741,CHI,CHI,430.0,240.0,44,34,24.059,15.017,-3.112,-2.107,-1.69,-1.608,27.171,17.124,25.749,16.625,True
2023-24,2024-25,2023-24->2024-25,1610612739,CLE,CLE,297.0,281.0,42,38,-4.714,18.993,2.82,8.855,2.542,9.189,-7.534,10.138,-7.256,9.804,True
2023-24,2024-25,2023-24->2024-25,1610612742,DAL,DAL,227.0,308.0,31,40,21.821,1.263,1.561,-1.408,2.093,-1.315,20.261,2.671,19.728,2.578,True
2023-24,2024-25,2023-24->2024-25,1610612743,DEN,DEN,289.0,302.0,39,37,25.535,18.794,4.778,3.27,5.489,3.83,20.758,15.524,20.047,14.964,True
2023-24,2024-25,2023-24->2024-25,1610612765,DET,DET,223.0,312.0,34,44,-34.417,-9.701,-8.335,2.534,-9.048,2.064,-26.082,-12.236,-25.369,-11.765,True
2023-24,2024-25,2023-24->2024-25,1610612744,GSW,GSW,334.0,309.0,48,45,0.252,0.658,2.516,3.309,2.424,3.207,-2.264,-2.65,-2.172,-2.549,True
2023-24,2024-25,2023-24->2024-25,1610612745,HOU,HOU,296.0,322.0,39,43,-13.193,0.046,1.404,4.809,0.869,4.616,-14.597,-4.763,-14.063,-4.57,True
2023-24,2024-25,2023-24->2024-25,1610612754,IND,IND,265.0,344.0,36,37,2.141,17.739,2.961,1.376,2.938,2.058,-0.82,16.363,-0.797,15.681,True
2023-24,2024-25,2023-24->2024-25,1610612746,LAC,LAC,248.0,273.0,40,37,16.81,-0.189,2.936,5.108,3.36,4.933,13.874,-5.297,13.45,-5.122,True
2023-24,2024-25,2023-24->2024-25,1610612747,LAL,LAL,290.0,253.0,33,39,9.112,3.986,0.275,1.156,0.584,1.237,8.837,2.831,8.527,2.749,True
2023-24,2024-25,2023-24->2024-25,1610612763,MEM,MEM,258.0,271.0,35,37,-7.41,9.225,-6.918,4.521,-6.936,4.675,-0.492,4.704,-0.474,4.55,True
2023-24,2024-25,2023-24->2024-25,1610612748,MIA,MIA,291.0,378.0,42,42,-13.315,-15.44,2.364,1.223,1.792,0.445,-15.679,-16.664,-15.107,-15.885,True
2023-24,2024-25,2023-24->2024-25,1610612749,MIL,MIL,318.0,333.0,40,41,13.795,9.11,2.133,2.099,2.578,2.371,11.662,7.011,11.217,6.738,True
2023-24,2024-25,2023-24->2024-25,1610612750,MIN,MIN,283.0,353.0,36,46,-11.72,-9.535,6.896,5.62,6.251,4.954,-18.616,-15.155,-17.971,-14.489,True
2023-24,2024-25,2023-24->2024-25,1610612740,NOP,NOP,193.0,265.0,29,34,-13.336,1.195,4.988,-9.762,4.551,-9.399,-18.323,10.957,-17.887,10.594,True
2023-24,2024-25,2023-24->2024-25,1610612752,NYK,NYK,236.0,313.0,33,30,13.966,2.741,4.677,4.066,4.941,4.012,9.289,-1.325,9.025,-1.271,True
2023-24,2024-25,2023-24->2024-25,1610612760,OKC,OKC,274.0,132.0,38,23,11.532,11.039,7.101,12.72,7.251,12.694,4.431,-1.681,4.281,-1.655,False
2023-24,2024-25,2023-24->2024-25,1610612753,ORL,ORL,259.0,247.0,35,35,3.457,6.923,2.117,-0.375,2.152,-0.154,1.34,7.297,1.304,7.076,True
2023-24,2024-25,2023-24->2024-25,1610612755,PHI,PHI,274.0,286.0,36,36,2.088,-12.818,3.155,-6.087,3.118,-6.325,-1.067,-6.731,-1.03,-6.493,True
2023-24,2024-25,2023-24->2024-25,1610612756,PHX,PHX,299.0,271.0,40,40,-3.184,-5.981,3.37,-2.861,3.119,-2.971,-6.553,-3.12,-6.302,-3.01,True
2023-24,2024-25,2023-24->2024-25,1610612757,POR,POR,310.0,257.0,37,32,2.25,-8.294,-9.448,-2.555,-9.003,-2.729,11.698,-5.738,11.253,-5.565,True
2023-24,2024-25,2023-24->2024-25,1610612758,SAC,SAC,357.0,371.0,39,42,1.521,6.58,1.826,0.3,1.794,0.589,-0.305,6.28,-0.273,5.991,True
2023-24,2024-25,2023-24->2024-25,1610612759,SAS,SAS,314.0,288.0,41,37,-12.654,-3.948,-6.127,-2.799,-6.365,-2.845,-6.527,-1.149,-6.289,-1.104,True
2023-24,2024-25,2023-24->2024-25,1610612761,TOR,TOR,310.0,258.0,41,31,-6.425,-18.012,-6.304,-3.615,-6.307,-4.064,-0.121,-14.397,-0.118,-13.948,True
2023-24,2024-25,2023-24->2024-25,1610612762,UTA,UTA,254.0,263.0,33,33,11.878,-20.582,-5.604,-8.801,-5.059,-9.19,17.482,-11.782,16.937,-11.392,True
2023-24,2024-25,2023-24->2024-25,1610612764,WAS,WAS,228.0,177.0,37,29,-37.931,-11.383,-7.84,-12.219,-8.669,-12.199,-30.091,0.837,-29.262,0.816,True
2024-25,2025-26,2024-25->2025-26,1610612737,ATL,ATL,334.0,231.0,41,30,7.812,3.305,-1.413,0.265,-1.051,0.372,9.225,3.04,8.863,2.933,True
2024-25,2025-26,2024-25->2025-26,1610612751,BKN,BKN,291.0,160.0,38,26,-16.548,-32.724,-6.904,-8.096,-7.257,-8.742,-9.644,-24.627,-9.291,-23.982,True
2024-25,2025-26,2024-25->2025-26,1610612738,BOS,BOS,285.0,183.0,35,26,10.613,-3.46,9.374,8.533,9.417,8.171,1.239,-11.993,1.196,-11.63,True
2024-25,2025-26,2024-25->2025-26,1610612766,CHA,CHA,315.0,187.0,38,26,-6.049,-7.443,-9.207,4.092,-9.074,3.749,3.158,-11.535,3.025,-11.192,True
2024-25,2025-26,2024-25->2025-26,1610612741,CHI,CHI,240.0,286.0,34,34,15.017,-8.69,-2.107,-4.173,-1.608,-4.372,17.124,-4.517,16.625,-4.318,True
2024-25,2025-26,2024-25->2025-26,1610612739,CLE,CLE,281.0,230.0,38,33,18.993,7.826,8.855,4.149,9.189,4.281,10.138,3.677,9.804,3.545,True
2024-25,2025-26,2024-25->2025-26,1610612742,DAL,DAL,308.0,304.0,40,38,1.263,-9.824,-1.408,-3.886,-1.315,-4.164,2.671,-5.938,2.578,-5.66,True
2024-25,2025-26,2024-25->2025-26,1610612743,DEN,DEN,302.0,304.0,37,32,18.794,-9.071,3.27,4.4,3.83,3.751,15.524,-13.471,14.964,-12.822,True
2024-25,2025-26,2024-25->2025-26,1610612765,DET,DET,312.0,282.0,44,35,-9.701,13.187,2.534,7.182,2.064,7.428,-12.236,6.006,-11.765,5.759,True
2024-25,2025-26,2024-25->2025-26,1610612744,GSW,GSW,309.0,192.0,45,27,0.658,-5.121,3.309,1.392,3.207,1.187,-2.65,-6.513,-2.549,-6.308,True
2024-25,2025-26,2024-25->2025-26,1610612745,HOU,HOU,322.0,319.0,43,35,0.046,-3.301,4.809,5.728,4.616,5.257,-4.763,-9.03,-4.57,-8.559,True
2024-25,2025-26,2024-25->2025-26,1610612754,IND,IND,344.0,210.0,37,29,17.739,-9.429,1.376,-8.265,2.058,-8.275,16.363,-1.165,15.681,-1.154,True
2024-25,2025-26,2024-25->2025-26,1610612746,LAC,LAC,273.0,217.0,37,25,-0.189,-0.77,5.108,0.4,4.933,0.359,-5.297,-1.171,-5.122,-1.129,True
2024-25,2025-26,2024-25->2025-26,1610612747,LAL,LAL,253.0,131.0,39,23,3.986,26.787,1.156,-0.157,1.237,0.395,2.831,26.944,2.749,26.392,False
2024-25,2025-26,2024-25->2025-26,1610612763,MEM,MEM,271.0,246.0,37,35,9.225,-18.198,4.521,-1.597,4.675,-2.249,4.704,-16.601,4.55,-15.949,True
2024-25,2025-26,2024-25->2025-26,1610612748,MIA,MIA,378.0,191.0,42,27,-15.44,-3.665,1.223,3.375,0.445,3.175,-16.664,-7.04,-15.885,-6.839,True
2024-25,2025-26,2024-25->2025-26,1610612749,MIL,MIL,333.0,233.0,41,31,9.11,8.155,2.099,-4.484,2.371,-4.004,7.011,12.639,6.738,12.159,True
2024-25,2025-26,2024-25->2025-26,1610612750,MIN,MIN,353.0,238.0,46,28,-9.535,3.807,5.62,3.826,4.954,3.827,-15.155,-0.02,-14.489,-0.02,True
2024-25,2025-26,2024-25->2025-26,1610612740,NOP,NOP,265.0,247.0,34,34,1.195,-18.055,-9.762,-4.375,-9.399,-4.909,10.957,-13.68,10.594,-13.145,True
2024-25,2025-26,2024-25->2025-26,1610612752,NYK,NYK,313.0,191.0,30,26,2.741,20.432,4.066,6.219,4.012,6.656,-1.325,14.213,-1.271,13.776,True
2024-25,2025-26,2024-25->2025-26,1610612760,OKC,OKC,132.0,257.0,23,29,11.039,22.546,12.72,10.435,12.694,10.901,-1.681,12.111,-1.655,11.645,False
2024-25,2025-26,2024-25->2025-26,1610612753,ORL,ORL,247.0,293.0,35,31,6.923,2.149,-0.375,0.684,-0.154,0.756,7.297,1.465,7.076,1.393,True
2024-25,2025-26,2024-25->2025-26,1610612755,PHI,PHI,286.0,303.0,36,35,-12.818,20.791,-6.087,-1.318,-6.325,-0.266,-6.731,22.109,-6.493,21.057,True
2024-25,2025-26,2024-25->2025-26,1610612756,PHX,PHX,271.0,238.0,40,30,-5.981,-0.718,-2.861,0.903,-2.971,0.843,-3.12,-1.621,-3.01,-1.56,True
2024-25,2025-26,2024-25->2025-26,1610612757,POR,POR,257.0,266.0,32,35,-8.294,-3.459,-2.555,-3.066,-2.729,-3.089,-5.738,-0.393,-5.565,-0.37,True
2024-25,2025-26,2024-25->2025-26,1610612758,SAC,SAC,371.0,199.0,42,25,6.58,-12.324,0.3,-10.566,0.589,-10.619,6.28,-1.758,5.991,-1.705,True
2024-25,2025-26,2024-25->2025-26,1610612759,SAS,SAS,288.0,233.0,37,30,-3.948,12.512,-2.799,6.758,-2.845,6.986,-1.149,5.754,-1.104,5.526,True
2024-25,2025-26,2024-25->2025-26,1610612761,TOR,TOR,258.0,207.0,31,31,-18.012,0.266,-3.615,1.596,-4.064,1.536,-14.397,-1.329,-13.948,-1.27,True
2024-25,2025-26,2024-25->2025-26,1610612762,UTA,UTA,263.0,236.0,33,27,-20.582,7.446,-8.801,-7.874,-9.19,-7.345,-11.782,15.32,-11.392,14.791,True
2024-25,2025-26,2024-25->2025-26,1610612764,WAS,WAS,177.0,156.0,29,21,-11.383,-1.653,-12.219,-11.035,-12.199,-10.808,0.837,9.382,0.816,9.155,True
