model_id,model_description,season,period_games,actual_period_net,predicted_period_net,period_error,period_abs_error,period_squared_error
benchmark_prior_1,Current season before date + 1 prior season,2025-26,785,1.6055137831185364,1.2271168857137482,-0.3783968974047882,0.3783968974047882,0.14318421196556982
prior_2,Current season before date + 2 prior seasons,2025-26,785,1.6055137831185364,1.1870441548232342,-0.4184696282953022,0.4184696282953022,0.1751168298056084
prior_3,Current season before date + 3 prior seasons,2025-26,785,1.6055137831185364,1.1523682010739487,-0.45314558204458777,0.45314558204458777,0.20534091852652822
prior_4,Current season before date + 4 prior seasons,2025-26,785,1.6055137831185364,1.1218435736587302,-0.4836702094598062,0.4836702094598062,0.2339368715188928
rolling_1000_games,Current season before date + enough prior games for 1000 total games,2025-26,785,1.6055137831185364,1.269720043575092,-0.3357937395434445,0.3357937395434445,0.11275743551657064
rolling_2000_games,Current season before date + enough prior games for 2000 total games,2025-26,785,1.6055137831185364,1.2162710242104466,-0.3892427589080898,0.3892427589080898,0.1515099253623813
